,고령화율_2025,고령화율변화폭_2016_2025,청년비율_2025,청년비율변화폭_2016_2025,인구증감률_2016_2025,청년순이동률_2016_2025,인구천명당_사업체수_2024,인구천명당_종사자수_2024,사업체당_종사자수_2024,노인천명당_병원수,노인천명당_약국수,노인천명당_복지시설수,노인천명당_버스정류장수,노인천명당_철도역수
고령화율_2025,1.0,0.6864723273478521,-0.8770459427104996,-0.3010241176492028,-0.5222708819462263,-0.7294209651315003,0.34173765328521954,-0.04649365712840527,-0.5289183264186886,-0.29089399397348864,-0.6509385341311363,0.7605939088421221,0.5307051585750285,-0.47464458093833095
고령화율변화폭_2016_2025,0.6864723273478521,1.0,-0.6370967790576003,-0.5387596236756703,-0.6817974210582366,-0.7886846156078853,0.14990878661950485,-0.11750866893222672,-0.40923140444299155,-0.19878562137352251,-0.5836254528811393,0.27656738936638675,0.1715696736339446,-0.4192676515136571
청년비율_2025,-0.8770459427104996,-0.6370967790576003,1.0,0.5983115578384528,0.36373654767940927,0.6692977710569025,-0.19591196058677518,0.1591449507456997,0.4842063834262306,0.23009384845888284,0.7387363853906918,-0.7872684369913326,-0.6277532509786888,0.6179393444709714
청년비율변화폭_2016_2025,-0.3010241176492028,-0.5387596236756703,0.5983115578384528,1.0,0.2586282571406398,0.4464237775422856,0.1006725362447185,0.21521512193633716,0.16330469105319922,0.08797491882996074,0.4992853197551711,-0.29602036800055004,-0.307783831367396,0.4642305213151741
인구증감률_2016_2025,-0.5222708819462263,-0.6817974210582366,0.36373654767940927,0.2586282571406398,1.0,0.9013614412001764,-0.16401443420854564,0.00991468658384816,0.272180546083795,0.0747727375779191,0.2661413784370395,-0.22189391582778856,0.015254037338333828,0.2756240629729911
청년순이동률_2016_2025,-0.7294209651315003,-0.7886846156078853,0.6692977710569025,0.4464237775422856,0.9013614412001764,1.0,-0.15085460948920085,0.11790709244306131,0.39894339695054515,0.13331915648466808,0.5014025678745174,-0.49265783725900786,-0.22762755294859116,0.4845575921751513
인구천명당_사업체수_2024,0.34173765328521954,0.14990878661950485,-0.19591196058677518,0.1006725362447185,-0.16401443420854564,-0.15085460948920085,1.0,0.8368763266821149,0.004067739293859359,-0.037643260715125366,0.20158150998983787,0.24847995834583536,0.2265800281835642,0.17749064363384412
인구천명당_종사자수_2024,-0.04649365712840527,-0.11750866893222672,0.1591449507456997,0.21521512193633716,0.00991468658384816,0.11790709244306131,0.8368763266821149,1.0,0.5051177234021126,0.019450054806473285,0.49147594947214623,-0.07409827856986283,0.020613541898683956,0.44099289728401486
사업체당_종사자수_2024,-0.5289183264186886,-0.40923140444299155,0.4842063834262306,0.16330469105319922,0.272180546083795,0.39894339695054515,0.004067739293859359,0.5051177234021126,1.0,0.06858238132445392,0.49901790263740464,-0.40779645805852227,-0.20516566266854536,0.4555230390003481
노인천명당_병원수,-0.29089399397348864,-0.19878562137352251,0.23009384845888284,0.08797491882996074,0.0747727375779191,0.13331915648466808,-0.037643260715125366,0.019450054806473285,0.06858238132445392,1.0,0.3587755315228072,-0.18592616171086113,-0.20794109348893255,0.16649956549332687
노인천명당_약국수,-0.6509385341311363,-0.5836254528811393,0.7387363853906918,0.4992853197551711,0.2661413784370395,0.5014025678745174,0.20158150998983787,0.49147594947214623,0.49901790263740464,0.3587755315228072,1.0,-0.59112713919842,-0.47688879853637545,0.68038186124509
노인천명당_복지시설수,0.7605939088421221,0.27656738936638675,-0.7872684369913326,-0.29602036800055004,-0.22189391582778856,-0.49265783725900786,0.24847995834583536,-0.07409827856986283,-0.40779645805852227,-0.18592616171086113,-0.59112713919842,1.0,0.665377357341771,-0.5579882257349591
노인천명당_버스정류장수,0.5307051585750285,0.1715696736339446,-0.6277532509786888,-0.307783831367396,0.015254037338333828,-0.22762755294859116,0.2265800281835642,0.020613541898683956,-0.20516566266854536,-0.20794109348893255,-0.47688879853637545,0.665377357341771,1.0,-0.39626717070550715
노인천명당_철도역수,-0.47464458093833095,-0.4192676515136571,0.6179393444709714,0.4642305213151741,0.2756240629729911,0.4845575921751513,0.17749064363384412,0.44099289728401486,0.4555230390003481,0.16649956549332687,0.68038186124509,-0.5579882257349591,-0.39626717070550715,1.0
