지역코드,시도,지역명,값,구분,지표
46790,전남,화순군,0.978,상위,노인천명당_병원수
29110,광주,동구,0.85,상위,노인천명당_병원수
27110,대구,중구,0.808,상위,노인천명당_병원수
29200,광주,광산구,0.768,상위,노인천명당_병원수
31140,울산,남구,0.732,상위,노인천명당_병원수
46110,전남,목포시,0.691,상위,노인천명당_병원수
29140,광주,서구,0.653,상위,노인천명당_병원수
48250,경남,김해시,0.633,상위,노인천명당_병원수
29170,광주,북구,0.618,상위,노인천명당_병원수
26260,부산,동래구,0.577,상위,노인천명당_병원수
27720,대구,군위군,0.0,하위,노인천명당_병원수
41290,경기,과천시,0.0,하위,노인천명당_병원수
47940,경북,울릉군,0.0,하위,노인천명당_병원수
51790,강원,화천군,0.0,하위,노인천명당_병원수
51820,강원,고성군,0.0,하위,노인천명당_병원수
51830,강원,양양군,0.0,하위,노인천명당_병원수
52740,전북,장수군,0.0,하위,노인천명당_병원수
44825,충남,태안군,0.043,하위,노인천명당_병원수
11170,서울,용산구,0.05,하위,노인천명당_병원수
46890,전남,완도군,0.057,하위,노인천명당_병원수
27110,대구,중구,8.885,상위,노인천명당_약국수
11140,서울,중구,6.739,상위,노인천명당_약국수
11110,서울,종로구,6.392,상위,노인천명당_약국수
11680,서울,강남구,5.863,상위,노인천명당_약국수
11650,서울,서초구,4.407,상위,노인천명당_약국수
26110,부산,중구,4.25,상위,노인천명당_약국수
11560,서울,영등포구,4.01,상위,노인천명당_약국수
29110,광주,동구,3.864,상위,노인천명당_약국수
11440,서울,마포구,3.645,상위,노인천명당_약국수
11230,서울,동대문구,3.476,상위,노인천명당_약국수
28720,인천,옹진군,0.282,하위,노인천명당_약국수
47760,경북,영양군,0.584,하위,노인천명당_약국수
27720,대구,군위군,0.637,하위,노인천명당_약국수
46910,전남,신안군,0.681,하위,노인천명당_약국수
47940,경북,울릉군,0.715,하위,노인천명당_약국수
43760,충북,괴산군,0.752,하위,노인천명당_약국수
43800,충북,단양군,0.828,하위,노인천명당_약국수
47920,경북,봉화군,0.856,하위,노인천명당_약국수
47820,경북,청도군,0.858,하위,노인천명당_약국수
48890,경남,합천군,0.861,하위,노인천명당_약국수
52720,전북,진안군,37.114,상위,노인천명당_복지시설수
52770,전북,순창군,37.016,상위,노인천명당_복지시설수
52740,전북,장수군,35.76,상위,노인천명당_복지시설수
52750,전북,임실군,35.179,상위,노인천명당_복지시설수
46860,전남,함평군,33.625,상위,노인천명당_복지시설수
52730,전북,무주군,33.105,상위,노인천명당_복지시설수
46720,전남,곡성군,32.413,상위,노인천명당_복지시설수
46730,전남,구례군,32.255,상위,노인천명당_복지시설수
46800,전남,장흥군,31.255,상위,노인천명당_복지시설수
52790,전북,고창군,30.965,상위,노인천명당_복지시설수
11650,서울,서초구,2.952,하위,노인천명당_복지시설수
11620,서울,관악구,2.954,하위,노인천명당_복지시설수
11680,서울,강남구,3.031,하위,노인천명당_복지시설수
11710,서울,송파구,3.145,하위,노인천명당_복지시설수
11215,서울,광진구,3.258,하위,노인천명당_복지시설수
11740,서울,강동구,3.309,하위,노인천명당_복지시설수
11545,서울,금천구,3.349,하위,노인천명당_복지시설수
41130,경기,성남시,3.367,하위,노인천명당_복지시설수
41210,경기,광명시,3.413,하위,노인천명당_복지시설수
11590,서울,동작구,3.468,하위,노인천명당_복지시설수
44790,충남,청양군,98.626,상위,노인천명당_버스정류장수
47760,경북,영양군,89.635,상위,노인천명당_버스정류장수
26440,부산,강서구,81.194,상위,노인천명당_버스정류장수
47850,경북,칠곡군,77.399,상위,노인천명당_버스정류장수
44825,충남,태안군,76.699,상위,노인천명당_버스정류장수
36110,세종,세종특별자치시,70.976,상위,노인천명당_버스정류장수
46860,전남,함평군,70.588,상위,노인천명당_버스정류장수
46170,전남,나주시,69.133,상위,노인천명당_버스정류장수
47840,경북,성주군,65.744,상위,노인천명당_버스정류장수
46880,전남,장성군,64.33,상위,노인천명당_버스정류장수
51170,강원,동해시,0.175,하위,노인천명당_버스정류장수
51800,강원,양구군,0.349,하위,노인천명당_버스정류장수
51150,강원,강릉시,0.351,하위,노인천명당_버스정류장수
51790,강원,화천군,0.751,하위,노인천명당_버스정류장수
46810,전남,강진군,0.851,하위,노인천명당_버스정류장수
52140,전북,익산시,1.128,하위,노인천명당_버스정류장수
46780,전남,보성군,1.814,하위,노인천명당_버스정류장수
51210,강원,속초시,2.587,하위,노인천명당_버스정류장수
51770,강원,정선군,4.936,하위,노인천명당_버스정류장수
51760,강원,평창군,5.38,하위,노인천명당_버스정류장수
11140,서울,중구,0.552,상위,노인천명당_철도역수
27110,대구,중구,0.485,상위,노인천명당_철도역수
28110,인천,중구,0.484,상위,노인천명당_철도역수
11170,서울,용산구,0.401,상위,노인천명당_철도역수
26440,부산,강서구,0.393,상위,노인천명당_철도역수
41290,경기,과천시,0.393,상위,노인천명당_철도역수
11110,서울,종로구,0.391,상위,노인천명당_철도역수
11680,서울,강남구,0.346,상위,노인천명당_철도역수
11200,서울,성동구,0.338,상위,노인천명당_철도역수
28185,인천,연수구,0.279,상위,노인천명당_철도역수
26200,부산,영도구,0.0,하위,노인천명당_철도역수
27720,대구,군위군,0.0,하위,노인천명당_철도역수
28710,인천,강화군,0.0,하위,노인천명당_철도역수
28720,인천,옹진군,0.0,하위,노인천명당_철도역수
29155,광주,남구,0.0,하위,노인천명당_철도역수
29170,광주,북구,0.0,하위,노인천명당_철도역수
30230,대전,대덕구,0.0,하위,노인천명당_철도역수
31110,울산,중구,0.0,하위,노인천명당_철도역수
31170,울산,동구,0.0,하위,노인천명당_철도역수
31200,울산,북구,0.0,하위,노인천명당_철도역수
