지역코드,시도,지역명,고령화율_2025,고령화율변화폭_2016_2025,청년순이동률_2016_2025,인구증감률_2016_2025,노인천명당_병원수,노인천명당_약국수,노인천명당_복지시설수,노인천명당_버스정류장수,노인천명당_철도역수,인프라부족개수
26200,부산,영도구,35.06,13.54,-33.64,-19.61,0.253,1.488,3.734,12.102,0.0,4
51150,강원,강릉시,27.61,9.99,-14.76,-3.56,0.158,1.633,9.942,0.351,0.0,4
51170,강원,동해시,26.54,10.33,-18.51,-7.46,0.262,1.659,9.429,0.175,0.0,4
11320,서울,도봉구,26.09,11.6,-18.45,-13.88,0.166,1.598,4.805,5.751,0.089,4
46810,전남,강진군,40.67,9.8,-44.51,-15.77,0.155,1.083,29.073,0.851,0.0,3
51760,강원,평창군,37.34,14.63,-33.36,-8.05,0.134,1.21,15.265,5.38,0.0,3
28720,인천,옹진군,36.09,14.7,-20.76,-8.03,0.141,0.282,13.264,18.908,0.0,3
51770,강원,정선군,36.02,12.75,-32.68,-9.92,0.159,1.114,16.239,4.936,0.0,3
41800,경기,연천군,33.76,11.62,-17.25,-7.77,0.07,1.539,10.145,51.424,0.21,3
46870,전남,영광군,32.45,5.89,-11.76,-3.76,0.23,1.612,25.507,9.846,0.0,3
47940,경북,울릉군,32.15,10.61,-18.44,-13.05,0.0,0.715,10.372,41.488,0.0,3
51230,강원,삼척시,32.15,11.16,-52.88,-13.05,0.154,1.388,15.366,6.681,0.0,3
51790,강원,화천군,29.76,11.46,-41.46,-14.82,0.0,1.202,16.822,0.751,0.0,3
28140,인천,동구,28.85,11.05,-23.67,-20.47,0.123,2.087,5.217,10.741,0.061,3
48220,경남,통영시,27.41,12.29,-33.54,-15.56,0.313,1.845,10.163,24.798,0.0,3
41250,경기,동두천시,27.31,10.85,-21.96,-12.05,0.424,1.61,8.472,15.632,0.212,3
51810,강원,인제군,27.16,10.04,-11.34,-5.68,0.239,1.312,12.17,7.517,0.0,3
26380,부산,사하구,26.71,12.73,-26.02,-14.46,0.549,1.727,3.663,10.714,0.157,3
11305,서울,강북구,26.61,10.12,-15.36,-14.75,0.189,2.264,3.665,6.104,0.148,3
26530,부산,사상구,26.55,13.42,-27.79,-16.61,0.543,1.552,4.714,12.921,0.155,3
51210,강원,속초시,25.72,10.13,-6.77,-2.64,0.195,2.05,7.372,2.587,0.0,3
27720,대구,군위군,48.96,13.09,-38.37,-7.11,0.0,0.637,21.288,61.954,0.0,2
48890,경남,합천군,47.39,12.05,-52.66,-18.4,0.215,0.861,30.151,42.266,0.0,2
46770,전남,고흥군,47.25,9.76,-42.57,-12.12,0.178,1.068,26.023,42.576,0.0,2
47920,경북,봉화군,45.36,13.44,-46.78,-15.58,0.156,0.856,21.8,45.624,0.078,2
47750,경북,청송군,45.32,12.62,-32.54,-11.17,0.094,1.039,23.989,54.023,0.0,2
47770,경북,영덕군,45.01,11.98,-37.96,-16.27,0.204,1.495,18.345,53.744,0.0,2
46780,전남,보성군,44.87,10.53,-50.0,-17.12,0.363,1.451,30.653,1.814,0.0,2
48860,경남,산청군,44.81,12.57,-42.29,-9.29,0.068,1.022,26.85,28.281,0.0,2
48840,경남,남해군,43.49,8.72,-46.85,-9.66,0.113,1.072,17.598,33.561,0.0,2
48850,경남,하동군,43.45,14.2,-57.86,-19.44,0.173,0.864,24.814,38.344,0.0,2
52750,전북,임실군,43.33,11.7,-42.75,-16.35,0.183,1.188,35.179,60.673,0.0,2
44760,충남,부여군,43.06,13.46,-50.03,-16.83,0.239,1.392,20.963,52.826,0.0,2
47760,경북,영양군,42.97,9.79,-30.48,-10.0,0.146,0.584,28.321,89.635,0.0,2
46860,전남,함평군,42.7,9.84,-42.32,-14.36,0.238,1.113,33.625,70.588,0.0,2
44790,충남,청양군,42.0,10.46,-48.41,-8.45,0.159,1.032,26.443,98.626,0.0,2
52720,전북,진안군,41.78,10.58,-33.58,-6.98,0.197,0.888,37.114,56.756,0.0,2
43760,충북,괴산군,41.65,11.91,-30.78,-1.74,0.251,0.752,23.827,57.374,0.0,2
46720,전남,곡성군,41.16,8.55,-47.61,-10.24,0.178,1.336,32.413,45.414,0.0,2
48870,경남,함양군,41.15,10.65,-41.73,-11.85,0.069,1.37,30.552,44.047,0.0,2
52740,전북,장수군,40.77,11.25,-35.31,-11.45,0.0,1.055,35.76,42.209,0.0,2
28710,인천,강화군,40.75,11.93,-14.79,2.48,0.176,0.951,11.126,54.186,0.0,2
43800,충북,단양군,40.54,14.65,-40.74,-12.1,0.092,0.828,17.295,54.37,0.0,2
47830,경북,고령군,40.02,14.07,-39.85,-13.4,0.168,0.927,20.3,41.947,0.0,2
43740,충북,영동군,39.97,12.77,-55.64,-14.88,0.233,1.395,23.834,49.704,0.0,2
52730,전북,무주군,39.64,9.47,-33.34,-8.67,0.111,1.329,33.105,49.601,0.0,2
46900,전남,진도군,39.63,8.13,-32.03,-12.82,0.271,1.173,27.612,39.884,0.0,2
44825,충남,태안군,39.31,12.91,-29.43,-6.93,0.043,1.241,11.678,76.699,0.0,2
48820,경남,고성군,39.24,12.8,-45.83,-13.9,0.271,0.92,20.886,46.318,0.0,2
51730,강원,횡성군,39.1,14.48,-34.75,-0.79,0.112,0.953,14.517,61.6,0.0,2
46820,전남,해남군,39.08,10.39,-42.87,-17.22,0.206,1.317,27.198,53.944,0.0,2
46890,전남,완도군,39.0,9.34,-34.19,-15.29,0.057,1.207,21.094,26.44,0.0,2
46910,전남,신안군,38.57,6.19,-25.15,-1.86,0.248,0.681,27.685,35.489,0.0,2
47250,경북,상주시,38.5,11.22,-36.64,-11.7,0.202,1.3,19.33,42.735,0.0,2
44710,충남,금산군,38.26,11.51,-39.9,-10.46,0.16,1.764,21.275,55.808,0.0,2
51750,강원,영월군,38.08,13.34,-47.1,-10.03,0.219,1.238,15.661,58.712,0.0,2
47280,경북,문경시,37.85,12.03,-41.96,-12.52,0.162,1.698,19.732,43.468,0.0,2
51830,강원,양양군,36.71,11.06,-15.06,0.27,0.0,1.098,16.467,39.521,0.0,2
44810,충남,예산군,36.18,9.13,-23.13,-3.1,0.105,1.368,17.045,51.24,0.0,2
47230,경북,영천시,35.65,10.72,-22.53,-5.31,0.236,1.385,15.473,62.601,0.0,2
51720,강원,홍천군,35.62,14.31,-23.88,-5.66,0.17,1.146,11.21,49.679,0.0,2
51820,강원,고성군,35.34,11.59,-36.21,-10.86,0.0,1.159,14.652,,0.0,2
46880,전남,장성군,35.06,7.85,-20.5,-6.82,0.266,1.062,26.157,64.33,0.0,2
47900,경북,예천군,34.46,1.88,38.65,16.72,0.162,1.023,22.782,52.728,0.0,2
26110,부산,중구,34.15,12.69,-14.57,-19.22,0.481,4.25,5.052,12.99,0.241,2
47930,경북,울진군,33.63,9.15,-20.41,-11.29,0.194,1.296,18.982,54.224,0.0,2
48730,경남,함안군,33.54,13.28,-41.51,-16.51,0.259,1.295,20.463,45.226,0.0,2
44180,충남,보령시,33.22,11.11,-27.98,-11.32,0.196,1.666,16.011,50.876,0.0,2
41830,경기,양평군,32.93,11.73,2.92,13.98,0.239,1.148,11.865,27.271,0.215,2
51190,강원,태백시,32.72,13.03,-41.52,-21.21,0.247,1.483,11.042,34.116,0.0,2
46830,전남,영암군,32.22,8.42,-34.67,-12.23,0.186,1.55,30.808,60.563,0.0,2
26170,부산,동구,31.13,8.49,0.61,-6.65,0.536,2.605,4.674,10.765,0.153,2
26140,부산,서구,31.08,9.92,-18.19,-9.81,0.379,3.126,4.105,11.084,0.095,2
51780,강원,철원군,29.84,10.86,-34.84,-16.73,0.168,1.509,13.746,29.335,0.0,2
43150,충북,제천시,28.96,11.28,-25.35,-6.24,0.243,1.484,11.868,42.914,0.0,2
47150,경북,김천시,28.94,8.91,-17.59,-5.95,0.181,1.265,16.219,40.134,0.0,2
27170,대구,서구,28.86,12.3,-32.63,-17.82,0.507,2.325,5.135,9.574,0.127,2
27200,대구,남구,28.72,9.56,-17.1,-13.35,0.411,2.749,4.599,9.558,0.206,2
26410,부산,금정구,28.36,12.22,-28.0,-15.55,0.512,1.878,4.097,12.632,0.154,2
41650,경기,포천시,28.28,12.58,-22.47,-9.25,0.227,1.435,11.506,30.893,0.0,2
44800,충남,홍성군,28.19,6.87,3.37,0.59,0.212,1.517,15.274,49.739,0.0,2
51800,강원,양구군,28.05,10.94,-32.12,-14.99,0.524,1.222,18.687,0.349,0.0,2
26500,부산,수영구,27.01,9.82,1.21,-5.69,0.394,2.189,4.094,6.306,0.131,2
43130,충북,충주시,25.72,9.02,-5.55,-0.87,0.245,1.713,13.195,35.367,0.0,2
47730,경북,의성군,49.2,12.37,-34.62,-11.32,0.339,0.891,22.995,48.197,0.0,1
47820,경북,청도군,46.49,13.72,-38.47,-7.91,0.483,0.858,20.804,27.882,0.0,1
48720,경남,의령군,44.45,10.83,-40.36,-12.36,0.274,0.913,29.678,59.903,0.0,1
44770,충남,서천군,43.83,12.44,-43.05,-15.69,0.29,1.304,19.614,51.063,0.0,1
43720,충북,보은군,42.4,12.63,-39.03,-10.79,0.386,1.159,24.258,60.646,0.0,1
46730,전남,구례군,41.29,11.19,-44.02,-13.17,0.305,1.119,32.255,32.865,0.0,1
47840,경북,성주군,41.16,13.73,-36.06,-9.92,0.358,0.955,20.344,65.744,0.0,1
52790,전북,고창군,40.95,11.48,-43.49,-16.83,0.339,1.066,30.965,51.754,0.0,1
46800,전남,장흥군,40.41,9.4,-57.48,-15.9,0.289,1.158,31.255,55.925,0.0,1
48740,경남,창녕군,40.18,13.38,-37.86,-14.19,0.499,1.269,21.125,29.965,0.0,1
52800,전북,부안군,39.99,11.1,-42.1,-17.17,0.318,1.589,28.228,47.029,0.0,1
52770,전북,순창군,38.41,7.71,-34.37,-7.46,0.282,1.315,37.016,50.827,0.0,1
46710,전남,담양군,37.44,9.22,-28.36,-6.46,0.423,1.269,24.846,32.886,0.0,1
43730,충북,옥천군,36.63,11.27,-29.36,-5.1,0.275,1.211,19.702,57.234,0.0,1
48270,경남,밀양시,36.53,12.89,-27.54,-8.4,0.359,1.269,14.729,26.12,0.0,1
52210,전북,김제시,36.15,7.84,-17.92,-6.96,0.373,1.389,23.914,54.739,0.0,1
52190,전북,남원시,34.5,9.9,-36.73,-11.78,0.273,1.561,22.479,39.728,0.0,1
41820,경기,가평군,33.78,12.05,-8.65,-0.52,0.381,1.287,10.578,48.318,0.191,1
48880,경남,거창군,33.56,8.93,-33.13,-6.84,0.303,1.667,25.01,34.509,0.0,1
44230,충남,논산시,33.53,10.76,-31.12,-13.34,0.391,1.871,18.323,38.126,0.0,1
47210,경북,영주시,33.43,10.93,-31.29,-11.06,0.308,1.232,13.239,29.587,0.0,1
44150,충남,공주시,33.04,11.01,-31.11,-9.05,0.393,1.725,15.588,61.747,0.0,1
46790,전남,화순군,32.28,8.52,-28.97,-7.79,0.978,1.646,26.856,46.098,0.0,1
47170,경북,안동시,29.8,9.26,-19.69,-9.59,0.352,1.451,14.469,46.949,0.0,1
47130,경북,경주시,28.86,10.06,-20.77,-5.93,0.327,1.746,10.947,29.589,0.0,1
41670,경기,여주시,28.37,10.64,-8.53,2.19,0.309,1.577,13.854,38.253,0.062,1
48240,경남,사천시,27.13,8.42,-13.9,-6.07,0.444,1.673,14.785,27.078,0.0,1
43770,충북,음성군,26.9,9.61,-9.7,-3.59,0.276,1.617,18.137,37.614,0.0,1
52710,전북,완주군,26.7,7.0,2.17,5.2,0.298,1.641,20.322,49.183,0.0,1
46170,전남,나주시,25.78,3.28,31.07,12.17,0.464,1.822,24.447,69.133,0.0,1
52180,전북,정읍시,33.28,8.77,-32.31,-12.2,0.297,1.872,25.105,41.714,0.0,0
