지역코드,지역명,시도,총인구_2016,총인구_2025,고령인구_2025,청년인구_2025,고령화율_2025,청년비율_2025,인구증감률_2016_2025,청년전입_누적_2016_2025,청년전출_누적_2016_2025,청년순이동_누적_2016_2025,청년순이동률_2016_2025,사업체수_2024,종사자수_2024
11110,종로구,서울,152737.0,137048.0,30664.0,40075.0,22.37,29.24,-10.27,101693.0,103415.0,-1722.0,-3.88,46830.0,265635.0
11140,중구,서울,125249.0,117805.0,27157.0,36938.0,23.05,31.36,-5.94,99306.0,92705.0,6601.0,17.29,67098.0,399960.0
11170,용산구,서울,230241.0,201894.0,39913.0,63815.0,19.77,31.61,-12.31,167460.0,159095.0,8365.0,12.04,27854.0,157564.0
11200,성동구,서울,299259.0,274606.0,53232.0,86149.0,19.38,31.37,-8.24,216927.0,207959.0,8968.0,9.37,39264.0,201023.0
11215,광진구,서울,357215.0,331167.0,62317.0,111662.0,18.82,33.72,-7.29,279663.0,275160.0,4503.0,3.71,33295.0,125475.0
11230,동대문구,서울,355069.0,346241.0,72487.0,109006.0,20.94,31.48,-2.49,257642.0,247683.0,9959.0,9.1,43129.0,145719.0
11260,중랑구,서울,411005.0,376916.0,87928.0,103776.0,23.33,27.53,-8.29,233611.0,234595.0,-984.0,-0.8,42344.0,115477.0
11290,성북구,서울,450355.0,422559.0,87297.0,119567.0,20.66,28.3,-6.17,266395.0,270661.0,-4266.0,-3.24,35561.0,125573.0
11305,강북구,서울,327195.0,278928.0,74210.0,68604.0,26.61,24.6,-14.75,158817.0,172766.0,-13949.0,-15.36,25636.0,75722.0
11320,도봉구,서울,348220.0,299899.0,78244.0,70598.0,26.09,23.54,-13.88,142868.0,160608.0,-17740.0,-18.45,25298.0,80087.0
11350,노원구,서울,567581.0,483541.0,104661.0,122213.0,21.64,25.27,-14.81,244506.0,278628.0,-34122.0,-21.74,38579.0,132355.0
11380,은평구,서울,491476.0,455137.0,102219.0,122579.0,22.46,26.93,-7.39,280911.0,280298.0,613.0,0.43,36093.0,107935.0
11410,서대문구,서울,314194.0,300147.0,61941.0,89944.0,20.64,29.97,-4.47,222072.0,215785.0,6287.0,6.59,28468.0,117330.0
11440,마포구,서울,379892.0,357616.0,61725.0,119319.0,17.26,33.37,-5.86,315502.0,302472.0,13030.0,10.19,56080.0,274900.0
11470,양천구,서울,477739.0,425088.0,84351.0,98536.0,19.84,23.18,-11.02,201564.0,226098.0,-24534.0,-18.66,37760.0,130568.0
11500,강서구,서울,595485.0,549711.0,112966.0,167796.0,20.55,30.52,-7.69,432306.0,415900.0,16406.0,8.51,60611.0,312532.0
11530,구로구,서울,417551.0,383829.0,85949.0,107360.0,22.39,27.97,-8.08,245545.0,244790.0,755.0,0.59,51832.0,232534.0
11545,금천구,서울,235386.0,223290.0,49561.0,71433.0,22.2,31.99,-5.14,177202.0,166711.0,10491.0,14.71,48067.0,257675.0
11560,영등포구,서울,370613.0,371362.0,71314.0,126913.0,19.2,34.18,0.2,333783.0,302079.0,31704.0,26.39,74118.0,442395.0
11590,동작구,서울,400997.0,371924.0,75541.0,121383.0,20.31,32.64,-7.25,324852.0,318570.0,6282.0,4.7,27532.0,109155.0
11620,관악구,서울,506851.0,477605.0,92078.0,195411.0,19.28,40.91,-5.77,595319.0,569764.0,25555.0,13.29,37657.0,125747.0
11650,서초구,서울,447192.0,414428.0,72156.0,105804.0,17.41,25.53,-7.33,270201.0,275987.0,-5786.0,-4.32,72068.0,493979.0
11680,강남구,서울,567115.0,556330.0,95349.0,143814.0,17.14,25.85,-1.9,389304.0,403195.0,-13891.0,-7.81,101160.0,755251.0
11710,송파구,서울,657831.0,643350.0,118935.0,182068.0,18.49,28.3,-2.2,463102.0,446322.0,16780.0,8.14,75957.0,418595.0
11740,강동구,서울,444168.0,499127.0,97907.0,133066.0,19.62,26.66,12.37,311410.0,288560.0,22850.0,17.15,43775.0,169270.0
26110,중구,부산,45208.0,36518.0,12471.0,8719.0,34.15,23.88,-19.22,27360.0,28997.0,-1637.0,-14.57,17230.0,70906.0
26140,서구,부산,112973.0,101892.0,31668.0,20811.0,31.08,20.42,-9.81,53922.0,58900.0,-4978.0,-18.19,10790.0,45185.0
26170,동구,부산,89826.0,83851.0,26104.0,18668.0,31.13,22.26,-6.65,50738.0,50608.0,130.0,0.61,17400.0,77152.0
26200,영도구,부산,126362.0,101580.0,35615.0,17629.0,35.06,17.35,-19.61,38983.0,48670.0,-9687.0,-33.64,11771.0,47627.0
26230,부산진구,부산,376526.0,365378.0,87363.0,100924.0,23.91,27.62,-2.96,263160.0,256918.0,6242.0,5.79,44074.0,175114.0
26260,동래구,부산,272745.0,273277.0,64095.0,57957.0,23.45,21.21,0.2,138845.0,141987.0,-3142.0,-4.42,28351.0,95970.0
26290,남구,부산,278779.0,250668.0,63975.0,56998.0,25.52,22.74,-10.08,147564.0,158898.0,-11334.0,-15.64,24050.0,92952.0
26320,북구,부산,310202.0,262862.0,66932.0,56503.0,25.46,21.5,-15.26,119236.0,142543.0,-23307.0,-27.25,20699.0,64810.0
26350,해운대구,부산,419853.0,372604.0,87737.0,76867.0,23.55,20.63,-11.25,186472.0,207116.0,-20644.0,-19.08,40876.0,155680.0
26380,사하구,부산,334603.0,286222.0,76444.0,59815.0,26.71,20.9,-14.46,138008.0,161553.0,-23545.0,-26.02,29220.0,113351.0
26410,금정구,부산,244624.0,206588.0,58583.0,46434.0,28.36,22.48,-15.55,122651.0,141077.0,-18426.0,-28.0,25962.0,95377.0
26440,강서구,부산,108909.0,150299.0,22908.0,34420.0,15.24,22.9,38.0,96240.0,70453.0,25787.0,75.37,31768.0,155918.0
26470,연제구,부산,207268.0,211727.0,51244.0,49779.0,24.2,23.51,2.15,123557.0,120294.0,3263.0,5.91,24887.0,101078.0
26500,수영구,부산,179324.0,169112.0,45673.0,42549.0,27.01,25.16,-5.69,129549.0,128938.0,611.0,1.21,20873.0,67609.0
26530,사상구,부산,232800.0,194124.0,51544.0,44052.0,26.55,22.69,-16.61,94484.0,112618.0,-18134.0,-27.79,34753.0,119723.0
26710,기장군,부산,158527.0,174898.0,36479.0,34869.0,20.86,19.94,10.33,79015.0,70859.0,8156.0,18.71,19715.0,85502.0
27110,중구,대구,79712.0,101007.0,18570.0,31714.0,18.38,31.4,26.71,83122.0,69734.0,13388.0,58.95,26054.0,91314.0
27140,동구,대구,351352.0,339281.0,84594.0,78115.0,24.93,23.02,-3.44,189321.0,188781.0,540.0,0.57,37478.0,123427.0
27170,서구,대구,199507.0,163956.0,47318.0,34368.0,28.86,20.96,-17.82,75672.0,92454.0,-16782.0,-32.63,22295.0,80032.0
27200,남구,대구,156433.0,135542.0,38922.0,32451.0,28.72,23.94,-13.35,94341.0,101456.0,-7115.0,-17.1,17943.0,61255.0
27230,북구,대구,440383.0,409854.0,82817.0,99095.0,20.21,24.18,-6.93,232272.0,248554.0,-16282.0,-13.69,53273.0,174688.0
27260,수성구,대구,447011.0,409222.0,83221.0,85340.0,20.34,20.85,-8.45,195826.0,220877.0,-25051.0,-23.16,38766.0,145852.0
27290,달서구,대구,591891.0,517059.0,107067.0,119950.0,20.71,23.2,-12.64,269735.0,313985.0,-44250.0,-26.96,60319.0,217488.0
27710,달성군,대구,218268.0,254659.0,45904.0,55481.0,18.03,21.79,16.67,144370.0,121556.0,22814.0,36.3,27180.0,117136.0
27720,군위군,대구,24171.0,22452.0,10992.0,2036.0,48.96,9.07,-7.11,5961.0,7334.0,-1373.0,-38.37,3533.0,10054.0
28110,중구,인천,115249.0,176467.0,28899.0,51061.0,16.38,28.94,53.12,123911.0,92784.0,31127.0,99.12,23916.0,124577.0
28140,동구,인천,71014.0,56477.0,16293.0,11403.0,28.85,20.19,-20.47,24106.0,28357.0,-4251.0,-23.67,10702.0,38198.0
28177,미추홀구,인천,417103.0,417578.0,89661.0,107751.0,21.47,25.8,0.11,271481.0,262336.0,9145.0,7.49,42899.0,142099.0
28185,연수구,인천,328627.0,409437.0,57266.0,102433.0,13.99,25.02,24.59,247419.0,220030.0,27389.0,28.74,37217.0,162913.0
28200,남동구,인천,530982.0,480147.0,98130.0,114723.0,20.44,23.89,-9.57,277824.0,297364.0,-19540.0,-12.39,57760.0,248582.0
28237,부평구,인천,549716.0,490442.0,99616.0,128824.0,20.31,26.27,-10.78,279962.0,300940.0,-20978.0,-12.65,47969.0,172048.0
28245,계양구,인천,330284.0,277721.0,55951.0,68855.0,20.15,24.79,-15.91,135254.0,161972.0,-26718.0,-27.0,28211.0,97662.0
28260,서구,인천,510733.0,654358.0,93707.0,171813.0,14.32,26.26,28.12,368741.0,310850.0,57891.0,38.45,67789.0,252241.0
28710,강화군,인천,68010.0,69698.0,28402.0,9005.0,40.75,12.92,2.48,20138.0,21872.0,-1734.0,-14.79,9711.0,25678.0
28720,옹진군,인천,21351.0,19636.0,7087.0,3825.0,36.09,19.48,-8.03,14498.0,15608.0,-1110.0,-20.76,2755.0,7662.0
29110,동구,광주,95791.0,104888.0,25878.0,27631.0,24.67,26.34,9.5,77577.0,73629.0,3948.0,15.5,18067.0,68363.0
29140,서구,광주,309579.0,275063.0,53606.0,69427.0,19.49,25.24,-11.15,184378.0,198601.0,-14223.0,-16.18,40795.0,165129.0
29155,남구,광주,219729.0,207596.0,46872.0,44620.0,22.58,21.49,-5.52,112355.0,122785.0,-10430.0,-17.8,19387.0,70434.0
29170,북구,광주,441066.0,416862.0,84137.0,102509.0,20.18,24.59,-5.49,253549.0,272972.0,-19423.0,-15.38,46383.0,181371.0
29200,광산구,광주,403049.0,387604.0,50766.0,100025.0,13.1,25.81,-3.83,229516.0,235822.0,-6306.0,-5.41,50606.0,188304.0
30110,동구,대전,234959.0,218664.0,52714.0,53356.0,24.11,24.4,-6.94,135177.0,145256.0,-10079.0,-15.84,24483.0,81131.0
30140,중구,대전,252490.0,225645.0,55091.0,51469.0,24.41,22.81,-10.63,126039.0,137582.0,-11543.0,-17.49,29731.0,100319.0
30170,서구,대전,491011.0,463351.0,80949.0,128893.0,17.47,27.82,-5.63,350266.0,356924.0,-6658.0,-4.56,52051.0,203748.0
30200,유성구,대전,343222.0,367534.0,49193.0,110545.0,13.38,30.08,7.08,302552.0,279565.0,22987.0,21.32,39780.0,218686.0
30230,대덕구,대전,192688.0,165535.0,37459.0,38430.0,22.63,23.22,-14.09,86906.0,102102.0,-15196.0,-29.15,26164.0,102191.0
31110,중구,울산,242536.0,204169.0,44478.0,43690.0,21.78,21.4,-15.82,97501.0,115444.0,-17943.0,-26.46,20392.0,64669.0
31140,남구,울산,340714.0,304128.0,54612.0,76324.0,17.96,25.1,-10.74,187990.0,203673.0,-15683.0,-15.93,40448.0,177964.0
31170,동구,울산,174514.0,149257.0,29586.0,31459.0,19.82,21.08,-14.47,78667.0,92393.0,-13726.0,-24.85,10809.0,78940.0
31200,북구,울산,195285.0,215220.0,27983.0,50911.0,13.0,23.66,10.21,116624.0,108904.0,7720.0,13.19,19171.0,119940.0
31710,울주군,울산,219255.0,219174.0,46241.0,45287.0,21.1,20.66,-0.04,91817.0,98280.0,-6463.0,-11.58,25955.0,126594.0
36110,세종특별자치시,세종,243048.0,391965.0,48115.0,94271.0,12.28,24.05,61.27,297222.0,229626.0,67596.0,93.27,36117.0,172001.0
41110,수원시,경기,1194041.0,1186515.0,180792.0,349778.0,15.24,29.48,-0.63,825328.0,806523.0,18805.0,4.94,119612.0,484061.0
41130,성남시,경기,974580.0,905794.0,170787.0,239899.0,18.85,26.48,-7.06,591887.0,600877.0,-8990.0,-3.08,97249.0,554293.0
41150,의정부시,경기,438457.0,461572.0,92992.0,114489.0,20.15,24.8,5.27,252514.0,241631.0,10883.0,9.1,42879.0,140563.0
41170,안양시,경기,597414.0,563279.0,105050.0,150799.0,18.65,26.77,-5.71,327905.0,336917.0,-9012.0,-5.1,66906.0,284815.0
41190,부천시,경기,851380.0,758796.0,155075.0,189650.0,20.44,24.99,-10.87,395271.0,432551.0,-37280.0,-14.43,88867.0,315563.0
41210,광명시,경기,339484.0,293947.0,54496.0,74829.0,18.54,25.46,-13.41,160680.0,173379.0,-12699.0,-13.05,26651.0,110883.0
41220,평택시,경기,470832.0,610402.0,89235.0,171705.0,14.62,28.13,29.64,425689.0,353064.0,72625.0,54.18,64714.0,288561.0
41250,동두천시,경기,98277.0,86438.0,23606.0,16875.0,27.31,19.52,-12.05,41607.0,46921.0,-5314.0,-21.96,9281.0,31063.0
41270,안산시,경기,689859.0,612508.0,102510.0,165448.0,16.74,27.01,-11.21,363072.0,404024.0,-40952.0,-19.76,86784.0,334665.0
41280,고양시,경기,1039684.0,1060081.0,197285.0,264311.0,18.61,24.93,1.96,584058.0,570283.0,13775.0,4.77,119540.0,396369.0
41290,과천시,경기,63778.0,79908.0,12737.0,20275.0,15.94,25.37,25.29,47257.0,43185.0,4072.0,24.1,7522.0,73309.0
41310,구리시,경기,193763.0,186090.0,35576.0,46482.0,19.12,24.98,-3.96,100620.0,98889.0,1731.0,3.17,23089.0,67436.0
41360,남양주시,경기,662154.0,729754.0,137932.0,161215.0,18.9,22.09,10.21,303188.0,280680.0,22508.0,12.92,71838.0,221153.0
41370,오산시,경기,208656.0,249410.0,32351.0,68998.0,12.97,27.66,19.53,159268.0,138798.0,20470.0,30.43,22692.0,84156.0
41390,시흥시,경기,402888.0,515032.0,70964.0,131932.0,13.78,25.62,27.84,301988.0,258348.0,43640.0,37.5,71949.0,245676.0
41410,군포시,경기,284890.0,251367.0,49830.0,64178.0,19.82,25.53,-11.77,135872.0,149612.0,-13740.0,-16.31,27999.0,116846.0
41430,의왕시,경기,156763.0,160370.0,30859.0,41986.0,19.24,26.18,2.3,84106.0,82347.0,1759.0,3.92,14403.0,64593.0
41450,하남시,경기,211101.0,327939.0,54355.0,82232.0,16.57,25.08,55.35,225118.0,160572.0,64546.0,104.39,36396.0,123685.0
41460,용인시,경기,991126.0,1091186.0,186012.0,265260.0,17.05,24.31,10.1,602846.0,553929.0,48917.0,18.11,116869.0,446415.0
41480,파주시,경기,430781.0,526005.0,90515.0,128128.0,17.21,24.36,22.1,276927.0,240048.0,36879.0,30.6,66356.0,240028.0
41500,이천시,경기,210359.0,222967.0,41904.0,57788.0,18.79,25.92,5.99,137162.0,128456.0,8706.0,14.86,30298.0,146724.0
41550,안성시,경기,182896.0,196592.0,43559.0,45384.0,22.16,23.09,7.49,106449.0,101770.0,4679.0,9.82,27700.0,119295.0
41570,김포시,경기,363443.0,484792.0,81813.0,108908.0,16.88,22.46,33.39,276742.0,220257.0,56485.0,56.72,71946.0,226179.0
41590,화성시,경기,640890.0,989969.0,115180.0,273394.0,11.63,27.62,54.47,648234.0,468959.0,179275.0,92.63,126252.0,618410.0
41610,광주시,경기,327723.0,397346.0,74755.0,90111.0,18.81,22.68,21.24,197656.0,169473.0,28183.0,29.74,50455.0,164132.0
41630,양주시,경기,205513.0,296224.0,54887.0,71289.0,18.53,24.07,44.14,138062.0,107864.0,30198.0,59.76,33303.0,108881.0
41650,포천시,경기,154763.0,140452.0,39718.0,27876.0,28.28,19.85,-9.25,63291.0,71459.0,-8168.0,-22.47,28035.0,104735.0
41670,여주시,경기,111563.0,114002.0,32337.0,21289.0,28.37,18.67,2.19,47736.0,49940.0,-2204.0,-8.53,20440.0,63296.0
41800,연천군,경기,45907.0,42340.0,14293.0,8413.0,33.76,19.87,-7.77,21926.0,23814.0,-1888.0,-17.25,7672.0,19457.0
41820,가평군,경기,62448.0,62125.0,20986.0,10657.0,33.78,17.15,-0.52,23470.0,24577.0,-1107.0,-8.65,10041.0,31513.0
41830,양평군,경기,111367.0,126933.0,41803.0,19473.0,32.93,15.34,13.98,46290.0,45630.0,660.0,2.92,16986.0,42740.0
43110,청주시,충북,835197.0,856152.0,151061.0,225349.0,17.64,26.32,2.51,536978.0,526184.0,10794.0,4.42,97279.0,411986.0
43130,충주시,충북,208350.0,206540.0,53128.0,42650.0,25.72,20.65,-0.87,113219.0,115957.0,-2738.0,-5.55,28386.0,115714.0
43150,제천시,충북,136517.0,128003.0,37074.0,24100.0,28.96,18.83,-6.24,62739.0,70558.0,-7819.0,-25.35,19466.0,61917.0
43720,보은군,충북,34221.0,30529.0,12944.0,3573.0,42.4,11.7,-10.79,8101.0,10285.0,-2184.0,-39.03,4737.0,18744.0
43730,옥천군,충북,52267.0,49601.0,18171.0,6938.0,36.63,13.99,-5.1,12635.0,15518.0,-2883.0,-29.36,8302.0,26681.0
43740,영동군,충북,50552.0,43032.0,17202.0,5544.0,39.97,12.88,-14.88,14771.0,20105.0,-5334.0,-55.64,5893.0,18538.0
43745,증평군,충북,37308.0,36680.0,8457.0,8137.0,23.06,22.18,-1.68,17478.0,17769.0,-291.0,-2.89,4742.0,16021.0
43750,진천군,충북,69950.0,86580.0,17782.0,18414.0,20.54,21.27,23.77,45699.0,39346.0,6353.0,37.34,11880.0,63478.0
43760,괴산군,충북,38973.0,38293.0,15948.0,4548.0,41.65,11.88,-1.74,14527.0,16476.0,-1949.0,-30.78,5555.0,19841.0
43770,음성군,충북,97787.0,94280.0,25363.0,17748.0,26.9,18.82,-3.59,44860.0,47078.0,-2218.0,-9.7,17071.0,92331.0
43800,단양군,충북,30503.0,26812.0,10870.0,3152.0,40.54,11.76,-12.1,7195.0,9312.0,-2117.0,-40.74,4879.0,16659.0
44130,천안시,충남,617955.0,664322.0,100362.0,183726.0,15.11,27.66,7.5,478620.0,454847.0,23773.0,12.21,82852.0,325211.0
44150,공주시,충남,109931.0,99979.0,33038.0,18292.0,33.04,18.3,-9.05,47498.0,55025.0,-7527.0,-31.11,16096.0,58678.0
44180,보령시,충남,103873.0,92117.0,30604.0,14432.0,33.22,15.67,-11.32,40532.0,46661.0,-6129.0,-27.98,14325.0,47022.0
44200,아산시,충남,302929.0,359378.0,56533.0,90097.0,15.73,25.07,18.63,213722.0,188619.0,25103.0,27.91,39340.0,210959.0
44210,서산시,충남,170788.0,172438.0,40659.0,35074.0,23.58,20.34,0.97,92212.0,93250.0,-1038.0,-2.42,21147.0,89627.0
44230,논산시,충남,123213.0,106777.0,35802.0,17523.0,33.53,16.41,-13.34,44886.0,52981.0,-8095.0,-31.12,18486.0,55861.0
44250,계룡시,충남,42634.0,45846.0,7523.0,9649.0,16.41,21.05,7.53,29575.0,29567.0,8.0,0.08,3758.0,12307.0
44270,당진시,충남,166630.0,172564.0,38796.0,34522.0,22.48,20.01,3.56,88501.0,87171.0,1330.0,3.0,23559.0,102684.0
44710,금산군,충남,54612.0,48898.0,18707.0,6067.0,38.26,12.41,-10.46,13200.0,17151.0,-3951.0,-39.9,9979.0,30887.0
44760,부여군,충남,70187.0,58377.0,25139.0,7083.0,43.06,12.13,-16.83,16339.0,22428.0,-6089.0,-50.03,8497.0,25960.0
44770,서천군,충남,56012.0,47225.0,20700.0,5623.0,43.83,11.91,-15.69,12278.0,16308.0,-4030.0,-43.05,8652.0,30455.0
44790,청양군,충남,32753.0,29986.0,12593.0,4013.0,42.0,13.38,-8.45,10063.0,12782.0,-2719.0,-48.41,5348.0,14803.0
44800,홍성군,충남,99971.0,100557.0,28348.0,18781.0,28.19,18.68,0.59,43928.0,43182.0,746.0,3.37,13601.0,47466.0
44810,예산군,충남,81339.0,78815.0,28513.0,12074.0,36.18,15.32,-3.1,25543.0,29039.0,-3496.0,-23.13,12099.0,40859.0
44825,태안군,충남,63900.0,59474.0,23377.0,7776.0,39.31,13.07,-6.93,19025.0,22624.0,-3599.0,-29.43,9685.0,28556.0
46110,목포시,전남,237739.0,202003.0,46318.0,40626.0,22.93,20.11,-15.03,114316.0,131540.0,-17224.0,-27.86,28734.0,87409.0
46130,여수시,전남,288988.0,263284.0,66882.0,52919.0,25.4,20.1,-8.89,128203.0,143643.0,-15440.0,-21.61,35054.0,149167.0
46150,순천시,전남,278548.0,275492.0,56914.0,62698.0,20.66,22.76,-1.1,147740.0,154408.0,-6668.0,-9.36,34308.0,115556.0
46170,나주시,전남,104376.0,117076.0,30188.0,24607.0,25.78,21.02,12.17,68650.0,60893.0,7757.0,31.07,17465.0,67199.0
46230,광양시,전남,155580.0,155259.0,27036.0,35963.0,17.41,23.16,-0.21,76146.0,79204.0,-3058.0,-7.28,19865.0,97373.0
46710,담양군,전남,47229.0,44177.0,16542.0,6386.0,37.44,14.46,-6.46,16474.0,19086.0,-2612.0,-28.36,7867.0,25096.0
46720,곡성군,전남,30400.0,27287.0,11230.0,3585.0,41.16,13.14,-10.24,8343.0,10762.0,-2419.0,-47.61,4076.0,14886.0
46730,구례군,전남,27412.0,23803.0,9828.0,2761.0,41.29,11.6,-13.17,7805.0,9875.0,-2070.0,-44.02,3538.0,10309.0
46770,고흥군,전남,67656.0,59455.0,28091.0,6148.0,47.25,10.34,-12.12,14136.0,18215.0,-4079.0,-42.57,8816.0,24107.0
46780,보성군,전남,44469.0,36858.0,16540.0,4148.0,44.87,11.25,-17.12,9348.0,12943.0,-3595.0,-50.0,5645.0,15638.0
46790,화순군,전남,65303.0,60215.0,19437.0,10360.0,32.28,17.21,-7.79,18560.0,22339.0,-3779.0,-28.97,8419.0,31168.0
46800,장흥군,전남,40669.0,34201.0,13822.0,4512.0,40.41,13.19,-15.9,10591.0,14611.0,-4020.0,-57.48,5811.0,17609.0
46810,강진군,전남,37753.0,31799.0,12933.0,4274.0,40.67,13.44,-15.77,9588.0,12539.0,-2951.0,-44.51,6180.0,16879.0
46820,해남군,전남,75121.0,62188.0,24303.0,8133.0,39.08,13.08,-17.22,17122.0,22843.0,-5721.0,-42.87,10432.0,30888.0
46830,영암군,전남,57045.0,50069.0,16132.0,7648.0,32.22,15.27,-12.23,19554.0,23690.0,-4136.0,-34.67,8891.0,42916.0
46840,무안군,전남,82109.0,95592.0,20443.0,20627.0,21.39,21.58,16.42,49491.0,43849.0,5642.0,30.41,10992.0,38165.0
46860,함평군,전남,34397.0,29458.0,12580.0,3614.0,42.7,12.27,-14.36,8685.0,11097.0,-2412.0,-42.32,5114.0,16816.0
46870,영광군,전남,55618.0,53526.0,17368.0,9539.0,32.45,17.82,-3.76,18218.0,19521.0,-1303.0,-11.76,7736.0,24153.0
46880,장성군,전남,46104.0,42958.0,15063.0,6805.0,35.06,15.84,-6.82,20991.0,22848.0,-1857.0,-20.5,7041.0,25917.0
46890,완도군,전남,52668.0,44613.0,17398.0,5499.0,39.0,12.33,-15.29,12133.0,15376.0,-3243.0,-34.19,7195.0,19964.0
46900,진도군,전남,32078.0,27964.0,11082.0,3700.0,39.63,13.23,-12.82,8651.0,10393.0,-1742.0,-32.03,4645.0,10861.0
46910,신안군,전남,42652.0,41858.0,16146.0,5266.0,38.57,12.58,-1.86,12076.0,13949.0,-1873.0,-25.15,5382.0,17528.0
47110,포항시,경북,516775.0,488707.0,116943.0,98540.0,23.93,20.16,-5.43,231872.0,249532.0,-17660.0,-13.49,61166.0,245299.0
47130,경주시,경북,259452.0,244055.0,70432.0,43410.0,28.86,17.79,-5.93,105937.0,118144.0,-12207.0,-20.77,35539.0,141144.0
47150,김천시,경북,142256.0,133791.0,38720.0,23667.0,28.94,17.69,-5.95,63367.0,69216.0,-5849.0,-17.59,17878.0,73407.0
47170,안동시,경북,168798.0,152610.0,45475.0,29335.0,29.8,19.22,-9.59,74218.0,81622.0,-7404.0,-19.69,21872.0,72158.0
47190,구미시,경북,419891.0,403883.0,57260.0,101700.0,14.18,25.18,-3.81,257770.0,271828.0,-14058.0,-10.47,48081.0,206221.0
47210,영주시,경북,109247.0,97162.0,32480.0,15275.0,33.43,15.72,-11.06,38895.0,45611.0,-6716.0,-31.29,15023.0,44715.0
47230,영천시,경북,100521.0,95185.0,33929.0,14211.0,35.65,14.93,-5.31,43167.0,47741.0,-4574.0,-22.53,14623.0,50816.0
47250,상주시,경북,101799.0,89888.0,34609.0,11852.0,38.5,13.19,-11.7,32775.0,39442.0,-6667.0,-36.64,14506.0,43831.0
47280,문경시,경북,74702.0,65348.0,24731.0,8842.0,37.85,13.53,-12.52,24908.0,30785.0,-5877.0,-41.96,9345.0,30162.0
47290,경산시,경북,258037.0,263853.0,58007.0,63627.0,21.98,24.11,2.25,163502.0,165328.0,-1826.0,-2.54,31094.0,124582.0
47730,의성군,경북,54014.0,47902.0,23570.0,4561.0,49.2,9.52,-11.32,12325.0,14996.0,-2671.0,-34.62,6863.0,18503.0
47750,청송군,경북,26301.0,23363.0,10588.0,2611.0,45.32,11.18,-11.17,6722.0,8077.0,-1355.0,-32.54,3343.0,11399.0
47760,영양군,경북,17713.0,15941.0,6850.0,1858.0,42.97,11.66,-10.0,3748.0,4557.0,-809.0,-30.48,2177.0,6019.0
47770,영덕군,경북,39052.0,32698.0,14718.0,3416.0,45.01,10.45,-16.27,9093.0,11414.0,-2321.0,-37.96,6023.0,14963.0
47820,청도군,경북,43564.0,40117.0,18650.0,3881.0,46.49,9.67,-7.91,10863.0,13502.0,-2639.0,-38.47,6393.0,18383.0
47830,고령군,경북,34257.0,29667.0,11872.0,3594.0,40.02,12.11,-13.4,8598.0,11085.0,-2487.0,-39.85,6160.0,23928.0
47840,성주군,경북,45205.0,40720.0,16762.0,4750.0,41.16,11.67,-9.92,12955.0,15964.0,-3009.0,-36.06,8156.0,26244.0
47850,칠곡군,경북,123199.0,104842.0,22933.0,18504.0,21.87,17.65,-14.9,45993.0,58229.0,-12236.0,-33.57,17461.0,68839.0
47900,예천군,경북,46166.0,53887.0,18567.0,8131.0,34.46,15.09,16.72,22717.0,19741.0,2976.0,38.65,6697.0,19149.0
47920,봉화군,경북,33539.0,28315.0,12844.0,2642.0,45.36,9.33,-15.58,6672.0,9068.0,-2396.0,-46.78,4017.0,13190.0
47930,울진군,경북,51738.0,45896.0,15436.0,7516.0,33.63,16.38,-11.29,18012.0,20092.0,-2080.0,-20.41,6373.0,24770.0
47940,울릉군,경북,10001.0,8696.0,2796.0,1422.0,32.15,16.35,-13.05,5212.0,5602.0,-390.0,-18.44,1778.0,5502.0
48120,창원시,경남,1063907.0,990898.0,205456.0,216894.0,20.73,21.89,-6.86,504595.0,550965.0,-46370.0,-15.65,114136.0,475424.0
48170,진주시,경남,346739.0,335939.0,74083.0,76658.0,22.05,22.82,-3.11,186575.0,192581.0,-6006.0,-6.7,42798.0,154725.0
48220,통영시,경남,138160.0,116667.0,31979.0,17446.0,27.41,14.95,-15.56,46835.0,57968.0,-11133.0,-33.54,15132.0,50127.0
48240,사천시,경남,114912.0,107935.0,29286.0,19228.0,27.13,17.81,-6.07,51395.0,55079.0,-3684.0,-13.9,14250.0,62149.0
48250,김해시,경남,529422.0,533035.0,86871.0,118400.0,16.3,22.21,0.68,246963.0,255526.0,-8563.0,-5.98,68561.0,257393.0
48270,밀양시,경남,108354.0,99252.0,36256.0,14094.0,36.53,14.2,-8.4,36668.0,42553.0,-5885.0,-27.54,14883.0,49008.0
48310,거제시,경남,257183.0,231178.0,39048.0,41204.0,16.89,17.82,-10.11,120617.0,140087.0,-19470.0,-25.13,21990.0,112555.0
48330,양산시,경남,317037.0,361155.0,68929.0,76864.0,19.09,21.28,13.92,179030.0,163680.0,15350.0,17.47,43718.0,170599.0
48720,의령군,경남,28111.0,24636.0,10951.0,2679.0,44.45,10.87,-12.36,6900.0,8719.0,-1819.0,-40.36,3444.0,11600.0
48730,함안군,경남,68937.0,57558.0,19303.0,7482.0,33.54,13.0,-16.51,18104.0,24115.0,-6011.0,-41.51,11399.0,47566.0
48740,창녕군,경남,63982.0,54900.0,22059.0,6414.0,40.18,11.68,-14.19,19222.0,23830.0,-4608.0,-37.86,7461.0,29130.0
48820,고성군,경남,54703.0,47099.0,18481.0,5169.0,39.24,10.97,-13.9,12256.0,16997.0,-4741.0,-45.83,6726.0,23269.0
48840,남해군,경남,45129.0,40770.0,17729.0,4488.0,43.49,11.01,-9.66,10607.0,13721.0,-3114.0,-46.85,6858.0,18899.0
48850,하동군,경남,49622.0,39974.0,17369.0,4148.0,43.45,10.38,-19.44,12218.0,17179.0,-4961.0,-57.86,6910.0,19698.0
48860,산청군,경남,36098.0,32745.0,14674.0,3270.0,44.81,9.99,-9.29,8799.0,11151.0,-2352.0,-42.29,5542.0,17375.0
48870,함양군,경남,40241.0,35472.0,14598.0,3982.0,41.15,11.23,-11.85,9812.0,12533.0,-2721.0,-41.73,5602.0,17127.0
48880,거창군,경남,63308.0,58980.0,19792.0,8894.0,33.56,15.08,-6.84,16348.0,20368.0,-4020.0,-33.13,8376.0,24632.0
48890,합천군,경남,48026.0,39190.0,18573.0,3772.0,47.39,9.62,-18.4,9757.0,13537.0,-3780.0,-52.66,5988.0,16414.0
50110,제주시,제주,470665.0,485182.0,89843.0,110797.0,18.52,22.84,3.08,268537.0,262391.0,6146.0,4.95,75175.0,247844.0
50130,서귀포시,제주,170932.0,179610.0,43708.0,31891.0,24.33,17.76,5.08,92241.0,91148.0,1093.0,2.78,24993.0,82858.0
51110,춘천시,강원,280707.0,285234.0,64332.0,69881.0,22.55,24.5,1.61,181066.0,177928.0,3138.0,4.32,34696.0,134014.0
51130,원주시,강원,337979.0,363194.0,73482.0,85591.0,20.23,23.57,7.46,220918.0,212035.0,8883.0,9.99,46869.0,178674.0
51150,강릉시,강원,213846.0,206237.0,56933.0,40671.0,27.61,19.72,-3.56,109323.0,116614.0,-7291.0,-14.76,30053.0,101527.0
51170,동해시,강원,93297.0,86333.0,22909.0,15664.0,26.54,18.14,-7.46,39642.0,43577.0,-3935.0,-18.51,11862.0,37306.0
51190,태백시,강원,47070.0,37088.0,12135.0,5318.0,32.72,14.34,-21.21,14562.0,18704.0,-4142.0,-41.52,5686.0,21907.0
51210,속초시,강원,81793.0,79636.0,20484.0,15522.0,25.72,19.49,-2.64,44886.0,46153.0,-1267.0,-6.77,12179.0,35394.0
51230,삼척시,강원,69599.0,60518.0,19458.0,10552.0,32.15,17.44,-13.05,28260.0,36627.0,-8367.0,-52.88,9346.0,32824.0
51720,홍천군,강원,70076.0,66109.0,23551.0,10310.0,35.62,15.6,-5.66,23193.0,26574.0,-3381.0,-23.88,10316.0,32928.0
51730,횡성군,강원,45991.0,45627.0,17841.0,5621.0,39.1,12.32,-0.79,11544.0,14429.0,-2885.0,-34.75,6646.0,24512.0
51750,영월군,강원,40073.0,36054.0,13728.0,4689.0,38.08,13.01,-10.03,10757.0,14129.0,-3372.0,-47.1,5947.0,22025.0
51760,평창군,강원,43318.0,39831.0,14871.0,5176.0,37.34,12.99,-8.05,11268.0,13924.0,-2656.0,-33.36,6929.0,22137.0
51770,정선군,강원,38718.0,34879.0,12562.0,4630.0,36.02,13.27,-9.92,9996.0,12426.0,-2430.0,-32.68,5075.0,23058.0
51780,철원군,강원,48013.0,39979.0,11931.0,8171.0,29.84,20.44,-16.73,21037.0,25438.0,-4401.0,-34.84,5792.0,15313.0
51790,화천군,강원,26264.0,22371.0,6658.0,5151.0,29.76,23.03,-14.82,16503.0,19836.0,-3333.0,-41.46,3351.0,9737.0
51800,양구군,강원,24010.0,20410.0,5726.0,4327.0,28.05,21.2,-14.99,12180.0,14380.0,-2200.0,-32.12,3428.0,11375.0
51810,인제군,강원,32720.0,30863.0,8381.0,7069.0,27.16,22.9,-5.68,21180.0,22196.0,-1016.0,-11.34,5418.0,14450.0
51820,고성군,강원,30114.0,26845.0,9487.0,4572.0,35.34,17.03,-10.86,13723.0,16266.0,-2543.0,-36.21,4828.0,16155.0
51830,양양군,강원,27218.0,27292.0,10020.0,3890.0,36.71,14.25,0.27,10617.0,11383.0,-766.0,-15.06,5782.0,17927.0
52110,전주시,전북,651744.0,625437.0,123734.0,151537.0,19.78,24.23,-4.04,378396.0,398076.0,-19680.0,-11.08,79355.0,273091.0
52130,군산시,전북,277551.0,256291.0,62540.0,50017.0,24.4,19.52,-7.66,127219.0,139577.0,-12358.0,-17.78,35094.0,120167.0
52140,익산시,전북,300479.0,267066.0,68281.0,55813.0,25.57,20.9,-11.12,135045.0,156438.0,-21393.0,-28.54,38833.0,125768.0
52180,정읍시,전북,115173.0,101123.0,33658.0,16144.0,33.28,15.96,-12.2,37185.0,44615.0,-7430.0,-32.31,18058.0,51392.0
52190,남원시,전북,84188.0,74272.0,25624.0,10987.0,34.5,14.79,-11.78,27445.0,33326.0,-5881.0,-36.73,12792.0,32967.0
52210,김제시,전북,87782.0,81676.0,29522.0,13114.0,36.15,16.06,-6.96,29673.0,32628.0,-2955.0,-17.92,14315.0,44865.0
52710,완주군,전북,95480.0,100444.0,26818.0,20076.0,26.7,19.99,5.2,43276.0,42788.0,488.0,2.17,14375.0,62461.0
52720,진안군,전북,26069.0,24249.0,10131.0,2898.0,41.78,11.95,-6.98,6488.0,7911.0,-1423.0,-33.58,4760.0,12441.0
52730,무주군,전북,24949.0,22787.0,9032.0,2872.0,39.64,12.6,-8.67,6085.0,7491.0,-1406.0,-33.34,4200.0,11875.0
52740,장수군,전북,23628.0,20922.0,8529.0,2554.0,40.77,12.21,-11.45,5915.0,7390.0,-1475.0,-35.31,3537.0,9707.0
52750,임실군,전북,30197.0,25259.0,10944.0,3070.0,43.33,12.15,-16.35,9830.0,12206.0,-2376.0,-42.75,5094.0,13173.0
52770,순창군,전북,29949.0,27714.0,10644.0,3769.0,38.41,13.6,-7.46,8671.0,10478.0,-1807.0,-34.37,4026.0,11027.0
52790,고창군,전북,60597.0,50396.0,20636.0,6232.0,40.95,12.37,-16.83,15910.0,20701.0,-4791.0,-43.49,9268.0,23940.0
52800,부안군,전북,57005.0,47220.0,18882.0,6025.0,39.99,12.76,-17.17,14792.0,19175.0,-4383.0,-42.1,8704.0,24283.0
