지역코드,지역명,연도,청년전입,청년전출,청년순이동
11110,종로구,2016,9998.0,10910.0,-912.0
11110,종로구,2017,11745.0,10815.0,930.0
11110,종로구,2018,10370.0,10820.0,-450.0
11110,종로구,2019,10082.0,10777.0,-695.0
11110,종로구,2020,11194.0,11480.0,-286.0
11110,종로구,2021,10722.0,11103.0,-381.0
11110,종로구,2022,9604.0,9503.0,101.0
11110,종로구,2023,9060.0,9266.0,-206.0
11110,종로구,2024,9544.0,9327.0,217.0
11110,종로구,2025,9374.0,9414.0,-40.0
11140,중구,2016,9473.0,9116.0,357.0
11140,중구,2017,9831.0,9022.0,809.0
11140,중구,2018,10082.0,9092.0,990.0
11140,중구,2019,9928.0,9048.0,880.0
11140,중구,2020,10617.0,10288.0,329.0
11140,중구,2021,10667.0,10126.0,541.0
11140,중구,2022,9036.0,8609.0,427.0
11140,중구,2023,10587.0,8668.0,1919.0
11140,중구,2024,9826.0,9044.0,782.0
11140,중구,2025,9259.0,9692.0,-433.0
11170,용산구,2016,15816.0,15894.0,-78.0
11170,용산구,2017,17103.0,15540.0,1563.0
11170,용산구,2018,18047.0,16254.0,1793.0
11170,용산구,2019,17473.0,16070.0,1403.0
11170,용산구,2020,19856.0,17596.0,2260.0
11170,용산구,2021,18716.0,17727.0,989.0
11170,용산구,2022,16211.0,14606.0,1605.0
11170,용산구,2023,14800.0,15400.0,-600.0
11170,용산구,2024,14490.0,15994.0,-1504.0
11170,용산구,2025,14948.0,14014.0,934.0
11200,성동구,2016,22585.0,20742.0,1843.0
11200,성동구,2017,24587.0,20650.0,3937.0
11200,성동구,2018,25167.0,22156.0,3011.0
11200,성동구,2019,20895.0,22380.0,-1485.0
11200,성동구,2020,23517.0,24718.0,-1201.0
11200,성동구,2021,20870.0,22068.0,-1198.0
11200,성동구,2022,18578.0,18482.0,96.0
11200,성동구,2023,19325.0,18436.0,889.0
11200,성동구,2024,19254.0,18792.0,462.0
11200,성동구,2025,22149.0,19535.0,2614.0
11215,광진구,2016,27990.0,28395.0,-405.0
11215,광진구,2017,28760.0,27095.0,1665.0
11215,광진구,2018,28930.0,28449.0,481.0
11215,광진구,2019,28733.0,28827.0,-94.0
11215,광진구,2020,31243.0,30801.0,442.0
11215,광진구,2021,29231.0,29592.0,-361.0
11215,광진구,2022,26393.0,25197.0,1196.0
11215,광진구,2023,25613.0,25098.0,515.0
11215,광진구,2024,25227.0,25457.0,-230.0
11215,광진구,2025,27543.0,26249.0,1294.0
11230,동대문구,2016,22886.0,24646.0,-1760.0
11230,동대문구,2017,22395.0,23587.0,-1192.0
11230,동대문구,2018,25932.0,25599.0,333.0
11230,동대문구,2019,25613.0,24738.0,875.0
11230,동대문구,2020,28393.0,27206.0,1187.0
11230,동대문구,2021,26802.0,25806.0,996.0
11230,동대문구,2022,24079.0,22505.0,1574.0
11230,동대문구,2023,26493.0,23448.0,3045.0
11230,동대문구,2024,24623.0,24272.0,351.0
11230,동대문구,2025,30426.0,25876.0,4550.0
11260,중랑구,2016,25392.0,26294.0,-902.0
11260,중랑구,2017,23901.0,24537.0,-636.0
11260,중랑구,2018,23884.0,25008.0,-1124.0
11260,중랑구,2019,22503.0,24207.0,-1704.0
11260,중랑구,2020,27466.0,26736.0,730.0
11260,중랑구,2021,24516.0,24794.0,-278.0
11260,중랑구,2022,22585.0,20519.0,2066.0
11260,중랑구,2023,20438.0,20227.0,211.0
11260,중랑구,2024,21943.0,21726.0,217.0
11260,중랑구,2025,20983.0,20547.0,436.0
11290,성북구,2016,25494.0,28985.0,-3491.0
11290,성북구,2017,25978.0,28170.0,-2192.0
11290,성북구,2018,25300.0,27347.0,-2047.0
11290,성북구,2019,30819.0,26637.0,4182.0
11290,성북구,2020,29853.0,30242.0,-389.0
11290,성북구,2021,28282.0,28859.0,-577.0
11290,성북구,2022,25217.0,24054.0,1163.0
11290,성북구,2023,23555.0,24517.0,-962.0
11290,성북구,2024,24713.0,25768.0,-1055.0
11290,성북구,2025,27184.0,26082.0,1102.0
11305,강북구,2016,17861.0,19300.0,-1439.0
11305,강북구,2017,17422.0,18040.0,-618.0
11305,강북구,2018,17046.0,18646.0,-1600.0
11305,강북구,2019,16544.0,18105.0,-1561.0
11305,강북구,2020,18322.0,19887.0,-1565.0
11305,강북구,2021,16403.0,18387.0,-1984.0
11305,강북구,2022,14561.0,15201.0,-640.0
11305,강북구,2023,13242.0,14846.0,-1604.0
11305,강북구,2024,14021.0,15521.0,-1500.0
11305,강북구,2025,13395.0,14833.0,-1438.0
11320,도봉구,2016,16862.0,18741.0,-1879.0
11320,도봉구,2017,15659.0,17572.0,-1913.0
11320,도봉구,2018,15315.0,17335.0,-2020.0
11320,도봉구,2019,14442.0,16706.0,-2264.0
11320,도봉구,2020,16285.0,19187.0,-2902.0
11320,도봉구,2021,15211.0,17211.0,-2000.0
11320,도봉구,2022,12386.0,13576.0,-1190.0
11320,도봉구,2023,12201.0,13519.0,-1318.0
11320,도봉구,2024,12752.0,13840.0,-1088.0
11320,도봉구,2025,11755.0,12921.0,-1166.0
11350,노원구,2016,28277.0,31637.0,-3360.0
11350,노원구,2017,25109.0,30993.0,-5884.0
11350,노원구,2018,25135.0,29609.0,-4474.0
11350,노원구,2019,23383.0,28653.0,-5270.0
11350,노원구,2020,28139.0,31856.0,-3717.0
11350,노원구,2021,25205.0,28718.0,-3513.0
11350,노원구,2022,21893.0,23358.0,-1465.0
11350,노원구,2023,22244.0,23959.0,-1715.0
11350,노원구,2024,22559.0,24922.0,-2363.0
11350,노원구,2025,22562.0,24923.0,-2361.0
11380,은평구,2016,29445.0,31919.0,-2474.0
11380,은평구,2017,28364.0,29392.0,-1028.0
11380,은평구,2018,28709.0,28729.0,-20.0
11380,은평구,2019,30598.0,29738.0,860.0
11380,은평구,2020,34222.0,31901.0,2321.0
11380,은평구,2021,28331.0,28278.0,53.0
11380,은평구,2022,25972.0,25746.0,226.0
11380,은평구,2023,26436.0,24496.0,1940.0
11380,은평구,2024,24858.0,25387.0,-529.0
11380,은평구,2025,23976.0,24712.0,-736.0
11410,서대문구,2016,23288.0,22555.0,733.0
11410,서대문구,2017,21612.0,21833.0,-221.0
11410,서대문구,2018,21402.0,21437.0,-35.0
11410,서대문구,2019,22239.0,21584.0,655.0
11410,서대문구,2020,27694.0,24643.0,3051.0
11410,서대문구,2021,22221.0,22806.0,-585.0
11410,서대문구,2022,22134.0,19952.0,2182.0
11410,서대문구,2023,21088.0,19608.0,1480.0
11410,서대문구,2024,19824.0,20474.0,-650.0
11410,서대문구,2025,20570.0,20893.0,-323.0
11440,마포구,2016,32029.0,33486.0,-1457.0
11440,마포구,2017,30758.0,30694.0,64.0
11440,마포구,2018,32796.0,30266.0,2530.0
11440,마포구,2019,32604.0,30222.0,2382.0
11440,마포구,2020,37052.0,34790.0,2262.0
11440,마포구,2021,34374.0,32460.0,1914.0
11440,마포구,2022,29352.0,27655.0,1697.0
11440,마포구,2023,29491.0,27206.0,2285.0
11440,마포구,2024,28861.0,27648.0,1213.0
11440,마포구,2025,28185.0,28045.0,140.0
11470,양천구,2016,23820.0,27068.0,-3248.0
11470,양천구,2017,20573.0,23854.0,-3281.0
11470,양천구,2018,20854.0,24096.0,-3242.0
11470,양천구,2019,19665.0,22450.0,-2785.0
11470,양천구,2020,24964.0,26755.0,-1791.0
11470,양천구,2021,21372.0,23699.0,-2327.0
11470,양천구,2022,17742.0,19551.0,-1809.0
11470,양천구,2023,17599.0,19300.0,-1701.0
11470,양천구,2024,17726.0,19796.0,-2070.0
11470,양천구,2025,17249.0,19529.0,-2280.0
11500,강서구,2016,45446.0,41185.0,4261.0
11500,강서구,2017,45826.0,39727.0,6099.0
11500,강서구,2018,43511.0,42619.0,892.0
11500,강서구,2019,43076.0,41890.0,1186.0
11500,강서구,2020,48114.0,48517.0,-403.0
11500,강서구,2021,47633.0,45123.0,2510.0
11500,강서구,2022,40088.0,37888.0,2200.0
11500,강서구,2023,39370.0,39393.0,-23.0
11500,강서구,2024,40228.0,40788.0,-560.0
11500,강서구,2025,39014.0,38770.0,244.0
11530,구로구,2016,25542.0,27189.0,-1647.0
11530,구로구,2017,23432.0,25925.0,-2493.0
11530,구로구,2018,24759.0,26256.0,-1497.0
11530,구로구,2019,26694.0,24260.0,2434.0
11530,구로구,2020,29131.0,28243.0,888.0
11530,구로구,2021,24690.0,25309.0,-619.0
11530,구로구,2022,24427.0,21475.0,2952.0
11530,구로구,2023,22158.0,21665.0,493.0
11530,구로구,2024,22038.0,22364.0,-326.0
11530,구로구,2025,22674.0,22104.0,570.0
11545,금천구,2016,15735.0,16052.0,-317.0
11545,금천구,2017,16397.0,15683.0,714.0
11545,금천구,2018,16954.0,16157.0,797.0
11545,금천구,2019,17592.0,16372.0,1220.0
11545,금천구,2020,19903.0,18029.0,1874.0
11545,금천구,2021,20253.0,17550.0,2703.0
11545,금천구,2022,17905.0,16146.0,1759.0
11545,금천구,2023,17180.0,16620.0,560.0
11545,금천구,2024,18036.0,17589.0,447.0
11545,금천구,2025,17247.0,16513.0,734.0
11560,영등포구,2016,30005.0,30884.0,-879.0
11560,영등포구,2017,31241.0,29521.0,1720.0
11560,영등포구,2018,32234.0,28869.0,3365.0
11560,영등포구,2019,32381.0,28896.0,3485.0
11560,영등포구,2020,41896.0,33684.0,8212.0
11560,영등포구,2021,34886.0,31586.0,3300.0
11560,영등포구,2022,31465.0,28169.0,3296.0
11560,영등포구,2023,33429.0,29558.0,3871.0
11560,영등포구,2024,33538.0,30125.0,3413.0
11560,영등포구,2025,32708.0,30787.0,1921.0
11590,동작구,2016,32800.0,31989.0,811.0
11590,동작구,2017,30649.0,31635.0,-986.0
11590,동작구,2018,33691.0,32258.0,1433.0
11590,동작구,2019,33397.0,31777.0,1620.0
11590,동작구,2020,35570.0,35486.0,84.0
11590,동작구,2021,34353.0,34714.0,-361.0
11590,동작구,2022,30658.0,29589.0,1069.0
11590,동작구,2023,31119.0,29548.0,1571.0
11590,동작구,2024,31582.0,30796.0,786.0
11590,동작구,2025,31033.0,30778.0,255.0
11620,관악구,2016,55435.0,54258.0,1177.0
11620,관악구,2017,56450.0,54531.0,1919.0
11620,관악구,2018,61351.0,56670.0,4681.0
11620,관악구,2019,62610.0,59258.0,3352.0
11620,관악구,2020,65775.0,63646.0,2129.0
11620,관악구,2021,61255.0,60213.0,1042.0
11620,관악구,2022,61804.0,54558.0,7246.0
11620,관악구,2023,55299.0,54618.0,681.0
11620,관악구,2024,56982.0,56350.0,632.0
11620,관악구,2025,58358.0,55662.0,2696.0
11650,서초구,2016,29613.0,29702.0,-89.0
11650,서초구,2017,28903.0,30498.0,-1595.0
11650,서초구,2018,30564.0,32527.0,-1963.0
11650,서초구,2019,27731.0,27885.0,-154.0
11650,서초구,2020,30061.0,32281.0,-2220.0
11650,서초구,2021,27981.0,31368.0,-3387.0
11650,서초구,2022,21906.0,23317.0,-1411.0
11650,서초구,2023,25779.0,23246.0,2533.0
11650,서초구,2024,23290.0,22451.0,839.0
11650,서초구,2025,24373.0,22712.0,1661.0
11680,강남구,2016,41799.0,46987.0,-5188.0
11680,강남구,2017,40012.0,44975.0,-4963.0
11680,강남구,2018,40166.0,45783.0,-5617.0
11680,강남구,2019,41849.0,41185.0,664.0
11680,강남구,2020,41755.0,45097.0,-3342.0
11680,강남구,2021,39666.0,42945.0,-3279.0
11680,강남구,2022,33074.0,33726.0,-652.0
11680,강남구,2023,39987.0,34253.0,5734.0
11680,강남구,2024,37690.0,34061.0,3629.0
11680,강남구,2025,33306.0,34183.0,-877.0
11710,송파구,2016,46860.0,46617.0,243.0
11710,송파구,2017,49575.0,44780.0,4795.0
11710,송파구,2018,47570.0,44249.0,3321.0
11710,송파구,2019,55631.0,49795.0,5836.0
11710,송파구,2020,49941.0,51556.0,-1615.0
11710,송파구,2021,47605.0,49547.0,-1942.0
11710,송파구,2022,41247.0,38769.0,2478.0
11710,송파구,2023,41663.0,39941.0,1722.0
11710,송파구,2024,42213.0,40276.0,1937.0
11710,송파구,2025,40797.0,40792.0,5.0
11740,강동구,2016,27752.0,32785.0,-5033.0
11740,강동구,2017,32303.0,34426.0,-2123.0
11740,강동구,2018,25685.0,28403.0,-2718.0
11740,강동구,2019,31394.0,27391.0,4003.0
11740,강동구,2020,41631.0,31929.0,9702.0
11740,강동구,2021,33398.0,30960.0,2438.0
11740,강동구,2022,24684.0,24491.0,193.0
11740,강동구,2023,26351.0,24955.0,1396.0
11740,강동구,2024,33677.0,26390.0,7287.0
11740,강동구,2025,34535.0,26830.0,7705.0
26110,중구,2016,2629.0,2799.0,-170.0
26110,중구,2017,2655.0,2914.0,-259.0
26110,중구,2018,2427.0,2885.0,-458.0
26110,중구,2019,2643.0,2848.0,-205.0
26110,중구,2020,3159.0,2933.0,226.0
26110,중구,2021,3487.0,3143.0,344.0
26110,중구,2022,2931.0,2953.0,-22.0
26110,중구,2023,2512.0,2863.0,-351.0
26110,중구,2024,2488.0,2817.0,-329.0
26110,중구,2025,2429.0,2842.0,-413.0
26140,서구,2016,5288.0,6314.0,-1026.0
26140,서구,2017,5154.0,6026.0,-872.0
26140,서구,2018,6118.0,6066.0,52.0
26140,서구,2019,4948.0,5800.0,-852.0
26140,서구,2020,6443.0,6604.0,-161.0
26140,서구,2021,5804.0,6420.0,-616.0
26140,서구,2022,5614.0,5609.0,5.0
26140,서구,2023,5100.0,5243.0,-143.0
26140,서구,2024,4771.0,5507.0,-736.0
26140,서구,2025,4682.0,5311.0,-629.0
26170,동구,2016,4011.0,4954.0,-943.0
26170,동구,2017,4671.0,4835.0,-164.0
26170,동구,2018,4254.0,4705.0,-451.0
26170,동구,2019,5444.0,4733.0,711.0
26170,동구,2020,6050.0,5478.0,572.0
26170,동구,2021,5762.0,5527.0,235.0
26170,동구,2022,5100.0,5030.0,70.0
26170,동구,2023,5853.0,5106.0,747.0
26170,동구,2024,5000.0,5209.0,-209.0
26170,동구,2025,4593.0,5031.0,-438.0
26200,영도구,2016,4363.0,5738.0,-1375.0
26200,영도구,2017,4137.0,5428.0,-1291.0
26200,영도구,2018,3713.0,5191.0,-1478.0
26200,영도구,2019,3381.0,4826.0,-1445.0
26200,영도구,2020,3821.0,5047.0,-1226.0
26200,영도구,2021,5126.0,5491.0,-365.0
26200,영도구,2022,3847.0,4532.0,-685.0
26200,영도구,2023,3495.0,4063.0,-568.0
26200,영도구,2024,3318.0,4278.0,-960.0
26200,영도구,2025,3782.0,4076.0,-294.0
26230,부산진구,2016,23988.0,25820.0,-1832.0
26230,부산진구,2017,25210.0,26092.0,-882.0
26230,부산진구,2018,21753.0,25016.0,-3263.0
26230,부산진구,2019,23696.0,24602.0,-906.0
26230,부산진구,2020,29916.0,26873.0,3043.0
26230,부산진구,2021,26136.0,26829.0,-693.0
26230,부산진구,2022,27505.0,24453.0,3052.0
26230,부산진구,2023,26839.0,23981.0,2858.0
26230,부산진구,2024,28106.0,26633.0,1473.0
26230,부산진구,2025,30011.0,26619.0,3392.0
26260,동래구,2016,14631.0,15377.0,-746.0
26260,동래구,2017,13385.0,14885.0,-1500.0
26260,동래구,2018,12815.0,14252.0,-1437.0
26260,동래구,2019,15236.0,13941.0,1295.0
26260,동래구,2020,15820.0,16399.0,-579.0
26260,동래구,2021,13729.0,15031.0,-1302.0
26260,동래구,2022,15195.0,13322.0,1873.0
26260,동래구,2023,11489.0,12751.0,-1262.0
26260,동래구,2024,14526.0,13550.0,976.0
26260,동래구,2025,12019.0,12479.0,-460.0
26290,남구,2016,13700.0,15951.0,-2251.0
26290,남구,2017,12912.0,15111.0,-2199.0
26290,남구,2018,18169.0,16444.0,1725.0
26290,남구,2019,15267.0,16691.0,-1424.0
26290,남구,2020,16081.0,18396.0,-2315.0
26290,남구,2021,14640.0,16353.0,-1713.0
26290,남구,2022,13635.0,15132.0,-1497.0
26290,남구,2023,14971.0,15179.0,-208.0
26290,남구,2024,15005.0,14789.0,216.0
26290,남구,2025,13184.0,14852.0,-1668.0
26320,북구,2016,15249.0,16061.0,-812.0
26320,북구,2017,12687.0,16201.0,-3514.0
26320,북구,2018,11180.0,14532.0,-3352.0
26320,북구,2019,11417.0,14595.0,-3178.0
26320,북구,2020,12486.0,15854.0,-3368.0
26320,북구,2021,15346.0,15908.0,-562.0
26320,북구,2022,11202.0,12803.0,-1601.0
26320,북구,2023,9650.0,12261.0,-2611.0
26320,북구,2024,10326.0,12589.0,-2263.0
26320,북구,2025,9693.0,11739.0,-2046.0
26350,해운대구,2016,21336.0,23296.0,-1960.0
26350,해운대구,2017,18561.0,22051.0,-3490.0
26350,해운대구,2018,19099.0,20406.0,-1307.0
26350,해운대구,2019,19312.0,20865.0,-1553.0
26350,해운대구,2020,23302.0,25170.0,-1868.0
26350,해운대구,2021,20705.0,22487.0,-1782.0
26350,해운대구,2022,16136.0,19633.0,-3497.0
26350,해운대구,2023,15648.0,18186.0,-2538.0
26350,해운대구,2024,16575.0,18057.0,-1482.0
26350,해운대구,2025,15798.0,16965.0,-1167.0
26380,사하구,2016,15934.0,17955.0,-2021.0
26380,사하구,2017,16555.0,17702.0,-1147.0
26380,사하구,2018,13913.0,16339.0,-2426.0
26380,사하구,2019,13459.0,16746.0,-3287.0
26380,사하구,2020,14095.0,18143.0,-4048.0
26380,사하구,2021,15350.0,17255.0,-1905.0
26380,사하구,2022,13416.0,14986.0,-1570.0
26380,사하구,2023,11903.0,14116.0,-2213.0
26380,사하구,2024,11758.0,14207.0,-2449.0
26380,사하구,2025,11625.0,14104.0,-2479.0
26410,금정구,2016,13574.0,14929.0,-1355.0
26410,금정구,2017,13842.0,14788.0,-946.0
26410,금정구,2018,12687.0,14073.0,-1386.0
26410,금정구,2019,12064.0,14107.0,-2043.0
26410,금정구,2020,13891.0,16407.0,-2516.0
26410,금정구,2021,14073.0,15552.0,-1479.0
26410,금정구,2022,11293.0,13752.0,-2459.0
26410,금정구,2023,9879.0,12383.0,-2504.0
26410,금정구,2024,10718.0,12956.0,-2238.0
26410,금정구,2025,10630.0,12130.0,-1500.0
26440,강서구,2016,11145.0,5131.0,6014.0
26440,강서구,2017,10151.0,6181.0,3970.0
26440,강서구,2018,9000.0,6617.0,2383.0
26440,강서구,2019,9969.0,7255.0,2714.0
26440,강서구,2020,12363.0,8720.0,3643.0
26440,강서구,2021,10220.0,7598.0,2622.0
26440,강서구,2022,7952.0,7504.0,448.0
26440,강서구,2023,7207.0,7155.0,52.0
26440,강서구,2024,7596.0,7042.0,554.0
26440,강서구,2025,10637.0,7250.0,3387.0
26470,연제구,2016,11326.0,12234.0,-908.0
26470,연제구,2017,12854.0,12376.0,478.0
26470,연제구,2018,11609.0,11176.0,433.0
26470,연제구,2019,12635.0,12011.0,624.0
26470,연제구,2020,14156.0,14205.0,-49.0
26470,연제구,2021,12464.0,13081.0,-617.0
26470,연제구,2022,10440.0,11434.0,-994.0
26470,연제구,2023,12382.0,10832.0,1550.0
26470,연제구,2024,13737.0,11396.0,2341.0
26470,연제구,2025,11954.0,11549.0,405.0
26500,수영구,2016,12746.0,12759.0,-13.0
26500,수영구,2017,13506.0,13010.0,496.0
26500,수영구,2018,12064.0,12879.0,-815.0
26500,수영구,2019,13203.0,13027.0,176.0
26500,수영구,2020,15647.0,14703.0,944.0
26500,수영구,2021,14230.0,13844.0,386.0
26500,수영구,2022,13010.0,12221.0,789.0
26500,수영구,2023,12016.0,11929.0,87.0
26500,수영구,2024,11780.0,12468.0,-688.0
26500,수영구,2025,11347.0,12098.0,-751.0
26530,사상구,2016,9829.0,12240.0,-2411.0
26530,사상구,2017,10442.0,12254.0,-1812.0
26530,사상구,2018,8924.0,11749.0,-2825.0
26530,사상구,2019,8673.0,11248.0,-2575.0
26530,사상구,2020,9561.0,11750.0,-2189.0
26530,사상구,2021,10598.0,11704.0,-1106.0
26530,사상구,2022,9139.0,10426.0,-1287.0
26530,사상구,2023,10538.0,10444.0,94.0
26530,사상구,2024,8654.0,10512.0,-1858.0
26530,사상구,2025,8126.0,10291.0,-2165.0
26710,기장군,2016,8646.0,6689.0,1957.0
26710,기장군,2017,7879.0,7058.0,821.0
26710,기장군,2018,7261.0,6268.0,993.0
26710,기장군,2019,6410.0,6465.0,-55.0
26710,기장군,2020,12434.0,8743.0,3691.0
26710,기장군,2021,8750.0,7646.0,1104.0
26710,기장군,2022,8204.0,7467.0,737.0
26710,기장군,2023,6870.0,6662.0,208.0
26710,기장군,2024,6201.0,7099.0,-898.0
26710,기장군,2025,6360.0,6762.0,-402.0
27110,중구,2016,5800.0,6039.0,-239.0
27110,중구,2017,6188.0,6132.0,56.0
27110,중구,2018,7402.0,6417.0,985.0
27110,중구,2019,6538.0,6727.0,-189.0
27110,중구,2020,7694.0,7392.0,302.0
27110,중구,2021,6904.0,7054.0,-150.0
27110,중구,2022,9089.0,6432.0,2657.0
27110,중구,2023,11021.0,7069.0,3952.0
27110,중구,2024,12278.0,8272.0,4006.0
27110,중구,2025,10208.0,8200.0,2008.0
27140,동구,2016,19114.0,18725.0,389.0
27140,동구,2017,17315.0,18120.0,-805.0
27140,동구,2018,20742.0,19650.0,1092.0
27140,동구,2019,17035.0,18980.0,-1945.0
27140,동구,2020,20445.0,21171.0,-726.0
27140,동구,2021,20521.0,19849.0,672.0
27140,동구,2022,16676.0,16808.0,-132.0
27140,동구,2023,20734.0,18962.0,1772.0
27140,동구,2024,20000.0,19322.0,678.0
27140,동구,2025,16739.0,17194.0,-455.0
27170,서구,2016,7791.0,11151.0,-3360.0
27170,서구,2017,7418.0,10688.0,-3270.0
27170,서구,2018,7613.0,10575.0,-2962.0
27170,서구,2019,7126.0,10732.0,-3606.0
27170,서구,2020,7646.0,9545.0,-1899.0
27170,서구,2021,6769.0,8715.0,-1946.0
27170,서구,2022,5858.0,7317.0,-1459.0
27170,서구,2023,9846.0,8106.0,1740.0
27170,서구,2024,8015.0,8201.0,-186.0
27170,서구,2025,7590.0,7424.0,166.0
27200,남구,2016,9174.0,11070.0,-1896.0
27200,남구,2017,8823.0,10275.0,-1452.0
27200,남구,2018,9459.0,10300.0,-841.0
27200,남구,2019,9851.0,10399.0,-548.0
27200,남구,2020,11132.0,10920.0,212.0
27200,남구,2021,9980.0,10488.0,-508.0
27200,남구,2022,9728.0,9736.0,-8.0
27200,남구,2023,8984.0,9817.0,-833.0
27200,남구,2024,8602.0,9671.0,-1069.0
27200,남구,2025,8608.0,8780.0,-172.0
27230,북구,2016,21934.0,23788.0,-1854.0
27230,북구,2017,24777.0,24635.0,142.0
27230,북구,2018,22482.0,23607.0,-1125.0
27230,북구,2019,22870.0,24418.0,-1548.0
27230,북구,2020,27834.0,26849.0,985.0
27230,북구,2021,25774.0,27036.0,-1262.0
27230,북구,2022,21407.0,23442.0,-2035.0
27230,북구,2023,21045.0,25805.0,-4760.0
27230,북구,2024,22793.0,25935.0,-3142.0
27230,북구,2025,21356.0,23039.0,-1683.0
27260,수성구,2016,19093.0,21967.0,-2874.0
27260,수성구,2017,18865.0,22435.0,-3570.0
27260,수성구,2018,19881.0,23028.0,-3147.0
27260,수성구,2019,19862.0,22580.0,-2718.0
27260,수성구,2020,22539.0,25339.0,-2800.0
27260,수성구,2021,20054.0,23244.0,-3190.0
27260,수성구,2022,17207.0,20015.0,-2808.0
27260,수성구,2023,18511.0,21042.0,-2531.0
27260,수성구,2024,21007.0,21691.0,-684.0
27260,수성구,2025,18807.0,19536.0,-729.0
27290,달서구,2016,28168.0,34160.0,-5992.0
27290,달서구,2017,26250.0,33434.0,-7184.0
27290,달서구,2018,28346.0,31589.0,-3243.0
27290,달서구,2019,28713.0,32099.0,-3386.0
27290,달서구,2020,31534.0,36001.0,-4467.0
27290,달서구,2021,25447.0,31878.0,-6431.0
27290,달서구,2022,25261.0,28691.0,-3430.0
27290,달서구,2023,24448.0,29028.0,-4580.0
27290,달서구,2024,27209.0,30348.0,-3139.0
27290,달서구,2025,24359.0,26757.0,-2398.0
27710,달성군,2016,21493.0,10958.0,10535.0
27710,달성군,2017,21185.0,10818.0,10367.0
27710,달성군,2018,14356.0,11762.0,2594.0
27710,달성군,2019,14504.0,12857.0,1647.0
27710,달성군,2020,14913.0,14366.0,547.0
27710,달성군,2021,14714.0,13609.0,1105.0
27710,달성군,2022,11892.0,11849.0,43.0
27710,달성군,2023,11852.0,12496.0,-644.0
27710,달성군,2024,10208.0,12205.0,-1997.0
27710,달성군,2025,9253.0,10636.0,-1383.0
27720,군위군,2016,666.0,765.0,-99.0
27720,군위군,2017,659.0,756.0,-97.0
27720,군위군,2018,791.0,953.0,-162.0
27720,군위군,2019,702.0,807.0,-105.0
27720,군위군,2020,579.0,949.0,-370.0
27720,군위군,2021,564.0,741.0,-177.0
27720,군위군,2022,641.0,583.0,58.0
27720,군위군,2023,456.0,643.0,-187.0
27720,군위군,2024,450.0,657.0,-207.0
27720,군위군,2025,453.0,480.0,-27.0
28110,중구,2016,7959.0,7403.0,556.0
28110,중구,2017,8806.0,6844.0,1962.0
28110,중구,2018,10835.0,7918.0,2917.0
28110,중구,2019,15488.0,9318.0,6170.0
28110,중구,2020,11772.0,9620.0,2152.0
28110,중구,2021,12567.0,10633.0,1934.0
28110,중구,2022,13289.0,9292.0,3997.0
28110,중구,2023,13072.0,9791.0,3281.0
28110,중구,2024,14798.0,10751.0,4047.0
28110,중구,2025,15325.0,11214.0,4111.0
28140,동구,2016,2941.0,3482.0,-541.0
28140,동구,2017,2406.0,2983.0,-577.0
28140,동구,2018,2367.0,3460.0,-1093.0
28140,동구,2019,2066.0,2811.0,-745.0
28140,동구,2020,2364.0,3048.0,-684.0
28140,동구,2021,3017.0,2932.0,85.0
28140,동구,2022,2516.0,2860.0,-344.0
28140,동구,2023,2993.0,2494.0,499.0
28140,동구,2024,1878.0,2197.0,-319.0
28140,동구,2025,1558.0,2090.0,-532.0
28177,미추홀구,2016,31322.0,26924.0,4398.0
28177,미추홀구,2017,26632.0,25516.0,1116.0
28177,미추홀구,2018,28159.0,28681.0,-522.0
28177,미추홀구,2019,24374.0,27081.0,-2707.0
28177,미추홀구,2020,28396.0,28842.0,-446.0
28177,미추홀구,2021,29535.0,26928.0,2607.0
28177,미추홀구,2022,24851.0,24656.0,195.0
28177,미추홀구,2023,24743.0,24845.0,-102.0
28177,미추홀구,2024,27202.0,24697.0,2505.0
28177,미추홀구,2025,26267.0,24166.0,2101.0
28185,연수구,2016,22757.0,19575.0,3182.0
28185,연수구,2017,20720.0,18892.0,1828.0
28185,연수구,2018,22800.0,19486.0,3314.0
28185,연수구,2019,30583.0,22709.0,7874.0
28185,연수구,2020,33775.0,27103.0,6672.0
28185,연수구,2021,24267.0,24623.0,-356.0
28185,연수구,2022,18684.0,20800.0,-2116.0
28185,연수구,2023,24759.0,22836.0,1923.0
28185,연수구,2024,24552.0,22069.0,2483.0
28185,연수구,2025,24522.0,21937.0,2585.0
28200,남동구,2016,31041.0,31770.0,-729.0
28200,남동구,2017,32509.0,30955.0,1554.0
28200,남동구,2018,32292.0,32234.0,58.0
28200,남동구,2019,30094.0,32589.0,-2495.0
28200,남동구,2020,31987.0,34973.0,-2986.0
28200,남동구,2021,28948.0,30978.0,-2030.0
28200,남동구,2022,22902.0,26989.0,-4087.0
28200,남동구,2023,21830.0,27273.0,-5443.0
28200,남동구,2024,23896.0,25764.0,-1868.0
28200,남동구,2025,22325.0,23839.0,-1514.0
28237,부평구,2016,32319.0,34740.0,-2421.0
28237,부평구,2017,28927.0,32990.0,-4063.0
28237,부평구,2018,25582.0,32416.0,-6834.0
28237,부평구,2019,25606.0,31019.0,-5413.0
28237,부평구,2020,27058.0,33612.0,-6554.0
28237,부평구,2021,28789.0,30463.0,-1674.0
28237,부평구,2022,28193.0,24922.0,3271.0
28237,부평구,2023,30778.0,27756.0,3022.0
28237,부평구,2024,26674.0,26550.0,124.0
28237,부평구,2025,26036.0,26472.0,-436.0
28245,계양구,2016,16118.0,18737.0,-2619.0
28245,계양구,2017,14933.0,18111.0,-3178.0
28245,계양구,2018,12931.0,18095.0,-5164.0
28245,계양구,2019,12524.0,17020.0,-4496.0
28245,계양구,2020,14435.0,17761.0,-3326.0
28245,계양구,2021,17080.0,17559.0,-479.0
28245,계양구,2022,11169.0,13632.0,-2463.0
28245,계양구,2023,10443.0,14174.0,-3731.0
28245,계양구,2024,13840.0,13899.0,-59.0
28245,계양구,2025,11781.0,12984.0,-1203.0
28260,서구,2016,30467.0,28641.0,1826.0
28260,서구,2017,28945.0,27273.0,1672.0
28260,서구,2018,40474.0,31247.0,9227.0
28260,서구,2019,32452.0,30154.0,2298.0
28260,서구,2020,33323.0,34521.0,-1198.0
28260,서구,2021,37087.0,31980.0,5107.0
28260,서구,2022,42686.0,29694.0,12992.0
28260,서구,2023,47767.0,33558.0,14209.0
28260,서구,2024,35536.0,31391.0,4145.0
28260,서구,2025,40004.0,32391.0,7613.0
28710,강화군,2016,2039.0,2206.0,-167.0
28710,강화군,2017,2173.0,2144.0,29.0
28710,강화군,2018,2097.0,2437.0,-340.0
28710,강화군,2019,2073.0,2234.0,-161.0
28710,강화군,2020,2232.0,2585.0,-353.0
28710,강화군,2021,2268.0,2386.0,-118.0
28710,강화군,2022,1945.0,2042.0,-97.0
28710,강화군,2023,1582.0,1973.0,-391.0
28710,강화군,2024,1836.0,1899.0,-63.0
28710,강화군,2025,1893.0,1966.0,-73.0
28720,옹진군,2016,1666.0,1543.0,123.0
28720,옹진군,2017,1640.0,1565.0,75.0
28720,옹진군,2018,1421.0,1669.0,-248.0
28720,옹진군,2019,1481.0,1726.0,-245.0
28720,옹진군,2020,1459.0,1604.0,-145.0
28720,옹진군,2021,1394.0,1544.0,-150.0
28720,옹진군,2022,1465.0,1405.0,60.0
28720,옹진군,2023,1370.0,1546.0,-176.0
28720,옹진군,2024,1320.0,1544.0,-224.0
28720,옹진군,2025,1282.0,1462.0,-180.0
29110,동구,2016,5951.0,7127.0,-1176.0
29110,동구,2017,6368.0,6600.0,-232.0
29110,동구,2018,6838.0,7159.0,-321.0
29110,동구,2019,8943.0,7351.0,1592.0
29110,동구,2020,9348.0,7371.0,1977.0
29110,동구,2021,8651.0,8067.0,584.0
29110,동구,2022,8646.0,7313.0,1333.0
29110,동구,2023,8160.0,7339.0,821.0
29110,동구,2024,7471.0,7691.0,-220.0
29110,동구,2025,7201.0,7611.0,-410.0
29140,서구,2016,21621.0,20590.0,1031.0
29140,서구,2017,18645.0,19992.0,-1347.0
29140,서구,2018,19366.0,20869.0,-1503.0
29140,서구,2019,19514.0,20845.0,-1331.0
29140,서구,2020,20103.0,22108.0,-2005.0
29140,서구,2021,19689.0,21558.0,-1869.0
29140,서구,2022,17657.0,19208.0,-1551.0
29140,서구,2023,15824.0,17416.0,-1592.0
29140,서구,2024,16255.0,18465.0,-2210.0
29140,서구,2025,15704.0,17550.0,-1846.0
29155,남구,2016,11606.0,13245.0,-1639.0
29155,남구,2017,11441.0,12799.0,-1358.0
29155,남구,2018,11454.0,12710.0,-1256.0
29155,남구,2019,13598.0,13401.0,197.0
29155,남구,2020,11704.0,13672.0,-1968.0
29155,남구,2021,13814.0,13567.0,247.0
29155,남구,2022,10322.0,11525.0,-1203.0
29155,남구,2023,9026.0,10582.0,-1556.0
29155,남구,2024,9213.0,10510.0,-1297.0
29155,남구,2025,10177.0,10774.0,-597.0
29170,북구,2016,24144.0,28027.0,-3883.0
29170,북구,2017,25605.0,28071.0,-2466.0
29170,북구,2018,28348.0,28831.0,-483.0
29170,북구,2019,25847.0,28946.0,-3099.0
29170,북구,2020,29439.0,31115.0,-1676.0
29170,북구,2021,27996.0,28914.0,-918.0
29170,북구,2022,24818.0,26253.0,-1435.0
29170,북구,2023,21382.0,23547.0,-2165.0
29170,북구,2024,24660.0,24475.0,185.0
29170,북구,2025,21310.0,24793.0,-3483.0
29200,광산구,2016,24528.0,23685.0,843.0
29200,광산구,2017,23800.0,23765.0,35.0
29200,광산구,2018,23802.0,23968.0,-166.0
29200,광산구,2019,24170.0,24121.0,49.0
29200,광산구,2020,27652.0,27117.0,535.0
29200,광산구,2021,24769.0,25252.0,-483.0
29200,광산구,2022,20978.0,22337.0,-1359.0
29200,광산구,2023,19396.0,21140.0,-1744.0
29200,광산구,2024,19830.0,22148.0,-2318.0
29200,광산구,2025,20591.0,22289.0,-1698.0
30110,동구,2016,12775.0,15028.0,-2253.0
30110,동구,2017,11743.0,14157.0,-2414.0
30110,동구,2018,13750.0,14828.0,-1078.0
30110,동구,2019,13436.0,14834.0,-1398.0
30110,동구,2020,14035.0,15865.0,-1830.0
30110,동구,2021,14856.0,14722.0,134.0
30110,동구,2022,13313.0,14075.0,-762.0
30110,동구,2023,11907.0,12730.0,-823.0
30110,동구,2024,14319.0,14171.0,148.0
30110,동구,2025,15043.0,14846.0,197.0
30140,중구,2016,12511.0,14329.0,-1818.0
30140,중구,2017,12495.0,14038.0,-1543.0
30140,중구,2018,12732.0,14647.0,-1915.0
30140,중구,2019,12867.0,14661.0,-1794.0
30140,중구,2020,13460.0,15352.0,-1892.0
30140,중구,2021,12936.0,14206.0,-1270.0
30140,중구,2022,12646.0,13326.0,-680.0
30140,중구,2023,10011.0,11714.0,-1703.0
30140,중구,2024,12878.0,12595.0,283.0
30140,중구,2025,13503.0,12714.0,789.0
30170,서구,2016,34976.0,35432.0,-456.0
30170,서구,2017,33446.0,34761.0,-1315.0
30170,서구,2018,34534.0,35639.0,-1105.0
30170,서구,2019,36206.0,37257.0,-1051.0
30170,서구,2020,38550.0,39156.0,-606.0
30170,서구,2021,36549.0,37054.0,-505.0
30170,서구,2022,34790.0,35043.0,-253.0
30170,서구,2023,31761.0,32972.0,-1211.0
30170,서구,2024,31790.0,34043.0,-2253.0
30170,서구,2025,37664.0,35567.0,2097.0
30200,유성구,2016,29849.0,25799.0,4050.0
30200,유성구,2017,29642.0,26786.0,2856.0
30200,유성구,2018,28706.0,27562.0,1144.0
30200,유성구,2019,29571.0,28884.0,687.0
30200,유성구,2020,32233.0,30350.0,1883.0
30200,유성구,2021,30052.0,29247.0,805.0
30200,유성구,2022,30213.0,27125.0,3088.0
30200,유성구,2023,31664.0,26339.0,5325.0
30200,유성구,2024,30769.0,28231.0,2538.0
30200,유성구,2025,29853.0,29242.0,611.0
30230,대덕구,2016,8618.0,10965.0,-2347.0
30230,대덕구,2017,8720.0,11346.0,-2626.0
30230,대덕구,2018,7813.0,10258.0,-2445.0
30230,대덕구,2019,7778.0,10313.0,-2535.0
30230,대덕구,2020,11056.0,11595.0,-539.0
30230,대덕구,2021,9917.0,10247.0,-330.0
30230,대덕구,2022,8502.0,9529.0,-1027.0
30230,대덕구,2023,7328.0,8762.0,-1434.0
30230,대덕구,2024,8944.0,9596.0,-652.0
30230,대덕구,2025,8230.0,9491.0,-1261.0
31110,중구,2016,11614.0,12971.0,-1357.0
31110,중구,2017,11147.0,13390.0,-2243.0
31110,중구,2018,8595.0,12211.0,-3616.0
31110,중구,2019,9716.0,13409.0,-3693.0
31110,중구,2020,9796.0,12645.0,-2849.0
31110,중구,2021,10078.0,11836.0,-1758.0
31110,중구,2022,7751.0,9756.0,-2005.0
31110,중구,2023,10233.0,9791.0,442.0
31110,중구,2024,9136.0,9393.0,-257.0
31110,중구,2025,9435.0,10042.0,-607.0
31140,남구,2016,19922.0,21493.0,-1571.0
31140,남구,2017,17978.0,20757.0,-2779.0
31140,남구,2018,17849.0,20002.0,-2153.0
31140,남구,2019,18507.0,21641.0,-3134.0
31140,남구,2020,21684.0,23360.0,-1676.0
31140,남구,2021,19224.0,21499.0,-2275.0
31140,남구,2022,18062.0,18919.0,-857.0
31140,남구,2023,17617.0,18734.0,-1117.0
31140,남구,2024,18414.0,18806.0,-392.0
31140,남구,2025,18733.0,18462.0,271.0
31170,동구,2016,13646.0,14408.0,-762.0
31170,동구,2017,8825.0,11722.0,-2897.0
31170,동구,2018,7324.0,10391.0,-3067.0
31170,동구,2019,6894.0,9664.0,-2770.0
31170,동구,2020,7446.0,9032.0,-1586.0
31170,동구,2021,7179.0,8350.0,-1171.0
31170,동구,2022,6272.0,7102.0,-830.0
31170,동구,2023,8315.0,8015.0,300.0
31170,동구,2024,6501.0,6959.0,-458.0
31170,동구,2025,6265.0,6750.0,-485.0
31200,북구,2016,11463.0,10025.0,1438.0
31200,북구,2017,12265.0,10223.0,2042.0
31200,북구,2018,12485.0,10339.0,2146.0
31200,북구,2019,16470.0,12309.0,4161.0
31200,북구,2020,11859.0,11903.0,-44.0
31200,북구,2021,12047.0,12876.0,-829.0
31200,북구,2022,9634.0,10061.0,-427.0
31200,북구,2023,9904.0,10794.0,-890.0
31200,북구,2024,10460.0,10190.0,270.0
31200,북구,2025,10037.0,10184.0,-147.0
31710,울주군,2016,8908.0,9783.0,-875.0
31710,울주군,2017,9404.0,9494.0,-90.0
31710,울주군,2018,9674.0,9825.0,-151.0
31710,울주군,2019,10150.0,10430.0,-280.0
31710,울주군,2020,9246.0,10320.0,-1074.0
31710,울주군,2021,9785.0,10543.0,-758.0
31710,울주군,2022,8679.0,9531.0,-852.0
31710,울주군,2023,7490.0,9371.0,-1881.0
31710,울주군,2024,9334.0,9692.0,-358.0
31710,울주군,2025,9147.0,9291.0,-144.0
36110,세종특별자치시,2016,27013.0,15198.0,11815.0
36110,세종특별자치시,2017,33162.0,20052.0,13110.0
36110,세종특별자치시,2018,35125.0,22544.0,12581.0
36110,세종특별자치시,2019,34542.0,24878.0,9664.0
36110,세종특별자치시,2020,32608.0,27323.0,5285.0
36110,세종특별자치시,2021,32129.0,26024.0,6105.0
36110,세종특별자치시,2022,28017.0,23546.0,4471.0
36110,세종특별자치시,2023,24523.0,22968.0,1555.0
36110,세종특별자치시,2024,25672.0,23907.0,1765.0
36110,세종특별자치시,2025,24431.0,23186.0,1245.0
41110,수원시,2016,80318.0,76724.0,3594.0
41110,수원시,2017,82593.0,78682.0,3911.0
41110,수원시,2018,86280.0,86741.0,-461.0
41110,수원시,2019,82026.0,84848.0,-2822.0
41110,수원시,2020,82721.0,84877.0,-2156.0
41110,수원시,2021,89651.0,86136.0,3515.0
41110,수원시,2022,83193.0,75957.0,7236.0
41110,수원시,2023,83910.0,78354.0,5556.0
41110,수원시,2024,78839.0,77522.0,1317.0
41110,수원시,2025,75797.0,76682.0,-885.0
41130,성남시,2016,71131.0,70395.0,736.0
41130,성남시,2017,65137.0,67705.0,-2568.0
41130,성남시,2018,59601.0,64109.0,-4508.0
41130,성남시,2019,56783.0,60193.0,-3410.0
41130,성남시,2020,67024.0,65548.0,1476.0
41130,성남시,2021,62220.0,62780.0,-560.0
41130,성남시,2022,52091.0,52636.0,-545.0
41130,성남시,2023,56103.0,54817.0,1286.0
41130,성남시,2024,52271.0,52109.0,162.0
41130,성남시,2025,49526.0,50585.0,-1059.0
41150,의정부시,2016,24927.0,23794.0,1133.0
41150,의정부시,2017,25414.0,24427.0,987.0
41150,의정부시,2018,26255.0,24026.0,2229.0
41150,의정부시,2019,25462.0,23862.0,1600.0
41150,의정부시,2020,31164.0,27234.0,3930.0
41150,의정부시,2021,26957.0,24924.0,2033.0
41150,의정부시,2022,24920.0,23916.0,1004.0
41150,의정부시,2023,23117.0,23339.0,-222.0
41150,의정부시,2024,22590.0,24325.0,-1735.0
41150,의정부시,2025,21708.0,21784.0,-76.0
41170,안양시,2016,37867.0,38397.0,-530.0
41170,안양시,2017,33337.0,37461.0,-4124.0
41170,안양시,2018,30788.0,35363.0,-4575.0
41170,안양시,2019,30442.0,34425.0,-3983.0
41170,안양시,2020,32833.0,39457.0,-6624.0
41170,안양시,2021,37130.0,36378.0,752.0
41170,안양시,2022,29862.0,28209.0,1653.0
41170,안양시,2023,26018.0,27257.0,-1239.0
41170,안양시,2024,35658.0,29979.0,5679.0
41170,안양시,2025,33970.0,29991.0,3979.0
41190,부천시,2016,51614.0,51905.0,-291.0
41190,부천시,2017,47445.0,48929.0,-1484.0
41190,부천시,2018,47139.0,50948.0,-3809.0
41190,부천시,2019,39099.0,44929.0,-5830.0
41190,부천시,2020,42176.0,46366.0,-4190.0
41190,부천시,2021,38535.0,42577.0,-4042.0
41190,부천시,2022,30447.0,36068.0,-5621.0
41190,부천시,2023,32552.0,36241.0,-3689.0
41190,부천시,2024,34167.0,38202.0,-4035.0
41190,부천시,2025,32097.0,36386.0,-4289.0
41210,광명시,2016,16669.0,19255.0,-2586.0
41210,광명시,2017,17421.0,19668.0,-2247.0
41210,광명시,2018,18355.0,20333.0,-1978.0
41210,광명시,2019,15973.0,19098.0,-3125.0
41210,광명시,2020,18031.0,23563.0,-5532.0
41210,광명시,2021,15886.0,16806.0,-920.0
41210,광명시,2022,12709.0,14020.0,-1311.0
41210,광명시,2023,12506.0,14554.0,-2048.0
41210,광명시,2024,11907.0,11945.0,-38.0
41210,광명시,2025,21223.0,14137.0,7086.0
41220,평택시,2016,31644.0,27640.0,4004.0
41220,평택시,2017,33169.0,28730.0,4439.0
41220,평택시,2018,37710.0,31879.0,5831.0
41220,평택시,2019,41290.0,33977.0,7313.0
41220,평택시,2020,46711.0,35418.0,11293.0
41220,평택시,2021,53719.0,39365.0,14354.0
41220,평택시,2022,45631.0,37410.0,8221.0
41220,평택시,2023,46454.0,39484.0,6970.0
41220,평택시,2024,43812.0,39326.0,4486.0
41220,평택시,2025,45549.0,39835.0,5714.0
41250,동두천시,2016,5446.0,5578.0,-132.0
41250,동두천시,2017,4428.0,5168.0,-740.0
41250,동두천시,2018,4492.0,4943.0,-451.0
41250,동두천시,2019,4074.0,4741.0,-667.0
41250,동두천시,2020,4686.0,4866.0,-180.0
41250,동두천시,2021,4908.0,4939.0,-31.0
41250,동두천시,2022,3529.0,4177.0,-648.0
41250,동두천시,2023,3304.0,4504.0,-1200.0
41250,동두천시,2024,3238.0,4106.0,-868.0
41250,동두천시,2025,3502.0,3899.0,-397.0
41270,안산시,2016,39713.0,43792.0,-4079.0
41270,안산시,2017,34164.0,39824.0,-5660.0
41270,안산시,2018,36990.0,44707.0,-7717.0
41270,안산시,2019,37972.0,42178.0,-4206.0
41270,안산시,2020,49205.0,47882.0,1323.0
41270,안산시,2021,40867.0,41597.0,-730.0
41270,안산시,2022,32426.0,37353.0,-4927.0
41270,안산시,2023,30894.0,36974.0,-6080.0
41270,안산시,2024,31365.0,35835.0,-4470.0
41270,안산시,2025,29476.0,33882.0,-4406.0
41280,고양시,2016,60971.0,56981.0,3990.0
41280,고양시,2017,54712.0,54865.0,-153.0
41280,고양시,2018,56763.0,57383.0,-620.0
41280,고양시,2019,65922.0,57425.0,8497.0
41280,고양시,2020,68804.0,63918.0,4886.0
41280,고양시,2021,62009.0,60909.0,1100.0
41280,고양시,2022,55934.0,55274.0,660.0
41280,고양시,2023,54438.0,54429.0,9.0
41280,고양시,2024,55210.0,56167.0,-957.0
41280,고양시,2025,49295.0,52932.0,-3637.0
41290,과천시,2016,3640.0,5483.0,-1843.0
41290,과천시,2017,2713.0,4846.0,-2133.0
41290,과천시,2018,3477.0,3089.0,388.0
41290,과천시,2019,3221.0,2789.0,432.0
41290,과천시,2020,5327.0,3594.0,1733.0
41290,과천시,2021,7360.0,4174.0,3186.0
41290,과천시,2022,5910.0,4404.0,1506.0
41290,과천시,2023,5387.0,4623.0,764.0
41290,과천시,2024,6318.0,4535.0,1783.0
41290,과천시,2025,3904.0,5648.0,-1744.0
41310,구리시,2016,12875.0,10610.0,2265.0
41310,구리시,2017,12006.0,9786.0,2220.0
41310,구리시,2018,12361.0,11038.0,1323.0
41310,구리시,2019,9243.0,10925.0,-1682.0
41310,구리시,2020,11395.0,12042.0,-647.0
41310,구리시,2021,9817.0,11213.0,-1396.0
41310,구리시,2022,7537.0,8458.0,-921.0
41310,구리시,2023,7755.0,8290.0,-535.0
41310,구리시,2024,8940.0,8256.0,684.0
41310,구리시,2025,8691.0,8271.0,420.0
41360,남양주시,2016,29619.0,27807.0,1812.0
41360,남양주시,2017,26634.0,26890.0,-256.0
41360,남양주시,2018,33664.0,29463.0,4201.0
41360,남양주시,2019,35323.0,28703.0,6620.0
41360,남양주시,2020,33842.0,30146.0,3696.0
41360,남양주시,2021,38809.0,31504.0,7305.0
41360,남양주시,2022,28704.0,27283.0,1421.0
41360,남양주시,2023,24704.0,26569.0,-1865.0
41360,남양주시,2024,27042.0,26659.0,383.0
41360,남양주시,2025,24847.0,25656.0,-809.0
41370,오산시,2016,13492.0,12595.0,897.0
41370,오산시,2017,15308.0,13288.0,2020.0
41370,오산시,2018,17952.0,14678.0,3274.0
41370,오산시,2019,17753.0,14479.0,3274.0
41370,오산시,2020,16685.0,14840.0,1845.0
41370,오산시,2021,15388.0,14721.0,667.0
41370,오산시,2022,12631.0,12512.0,119.0
41370,오산시,2023,12827.0,13016.0,-189.0
41370,오산시,2024,20189.0,15035.0,5154.0
41370,오산시,2025,17043.0,13634.0,3409.0
41390,시흥시,2016,23166.0,21919.0,1247.0
41390,시흥시,2017,28422.0,22018.0,6404.0
41390,시흥시,2018,36203.0,24742.0,11461.0
41390,시흥시,2019,36216.0,26346.0,9870.0
41390,시흥시,2020,40528.0,30430.0,10098.0
41390,시흥시,2021,32482.0,28418.0,4064.0
41390,시흥시,2022,26934.0,26307.0,627.0
41390,시흥시,2023,30346.0,28054.0,2292.0
41390,시흥시,2024,24446.0,25481.0,-1035.0
41390,시흥시,2025,23245.0,24633.0,-1388.0
41410,군포시,2016,14778.0,16599.0,-1821.0
41410,군포시,2017,13540.0,15319.0,-1779.0
41410,군포시,2018,14784.0,16587.0,-1803.0
41410,군포시,2019,15798.0,16187.0,-389.0
41410,군포시,2020,16231.0,17028.0,-797.0
41410,군포시,2021,14459.0,15763.0,-1304.0
41410,군포시,2022,12417.0,12753.0,-336.0
41410,군포시,2023,11216.0,13382.0,-2166.0
41410,군포시,2024,11537.0,13273.0,-1736.0
41410,군포시,2025,11112.0,12721.0,-1609.0
41430,의왕시,2016,7845.0,8437.0,-592.0
41430,의왕시,2017,7215.0,8178.0,-963.0
41430,의왕시,2018,6458.0,7544.0,-1086.0
41430,의왕시,2019,11396.0,8881.0,2515.0
41430,의왕시,2020,12543.0,10625.0,1918.0
41430,의왕시,2021,8695.0,8809.0,-114.0
41430,의왕시,2022,6087.0,7304.0,-1217.0
41430,의왕시,2023,8191.0,7921.0,270.0
41430,의왕시,2024,6407.0,7631.0,-1224.0
41430,의왕시,2025,9269.0,7017.0,2252.0
41450,하남시,2016,27899.0,12375.0,15524.0
41450,하남시,2017,19320.0,12165.0,7155.0
41450,하남시,2018,23723.0,15528.0,8195.0
41450,하남시,2019,23758.0,15316.0,8442.0
41450,하남시,2020,28124.0,17336.0,10788.0
41450,하남시,2021,29038.0,19555.0,9483.0
41450,하남시,2022,18657.0,16541.0,2116.0
41450,하남시,2023,20004.0,17949.0,2055.0
41450,하남시,2024,18161.0,17541.0,620.0
41450,하남시,2025,16434.0,16266.0,168.0
41460,용인시,2016,59702.0,53068.0,6634.0
41460,용인시,2017,55865.0,51650.0,4215.0
41460,용인시,2018,69442.0,57609.0,11833.0
41460,용인시,2019,66423.0,55454.0,10969.0
41460,용인시,2020,67419.0,60926.0,6493.0
41460,용인시,2021,64330.0,61864.0,2466.0
41460,용인시,2022,50071.0,50197.0,-126.0
41460,용인시,2023,52800.0,52707.0,93.0
41460,용인시,2024,60583.0,55942.0,4641.0
41460,용인시,2025,56211.0,54512.0,1699.0
41480,파주시,2016,24271.0,21960.0,2311.0
41480,파주시,2017,24946.0,21844.0,3102.0
41480,파주시,2018,30377.0,25153.0,5224.0
41480,파주시,2019,23450.0,22738.0,712.0
41480,파주시,2020,30191.0,26615.0,3576.0
41480,파주시,2021,32859.0,25200.0,7659.0
41480,파주시,2022,29147.0,24281.0,4866.0
41480,파주시,2023,23589.0,23096.0,493.0
41480,파주시,2024,29507.0,25177.0,4330.0
41480,파주시,2025,28590.0,23984.0,4606.0
41500,이천시,2016,14002.0,11946.0,2056.0
41500,이천시,2017,13297.0,12014.0,1283.0
41500,이천시,2018,12616.0,11903.0,713.0
41500,이천시,2019,14187.0,13181.0,1006.0
41500,이천시,2020,14321.0,12753.0,1568.0
41500,이천시,2021,17084.0,14493.0,2591.0
41500,이천시,2022,12602.0,12664.0,-62.0
41500,이천시,2023,12139.0,12701.0,-562.0
41500,이천시,2024,13535.0,13713.0,-178.0
41500,이천시,2025,13379.0,13088.0,291.0
41550,안성시,2016,11594.0,10870.0,724.0
41550,안성시,2017,8808.0,9290.0,-482.0
41550,안성시,2018,11159.0,10946.0,213.0
41550,안성시,2019,10190.0,10643.0,-453.0
41550,안성시,2020,11470.0,10116.0,1354.0
41550,안성시,2021,11748.0,10642.0,1106.0
41550,안성시,2022,9319.0,9633.0,-314.0
41550,안성시,2023,8913.0,8994.0,-81.0
41550,안성시,2024,12524.0,10746.0,1778.0
41550,안성시,2025,10724.0,9890.0,834.0
41570,김포시,2016,22513.0,18210.0,4303.0
41570,김포시,2017,31580.0,19955.0,11625.0
41570,김포시,2018,34297.0,21350.0,12947.0
41570,김포시,2019,26080.0,20181.0,5899.0
41570,김포시,2020,43641.0,28510.0,15131.0
41570,김포시,2021,29955.0,24360.0,5595.0
41570,김포시,2022,22242.0,22672.0,-430.0
41570,김포시,2023,23430.0,22440.0,990.0
41570,김포시,2024,22791.0,22079.0,712.0
41570,김포시,2025,20213.0,20500.0,-287.0
41590,화성시,2016,52506.0,33452.0,19054.0
41590,화성시,2017,58587.0,35939.0,22648.0
41590,화성시,2018,74444.0,45220.0,29224.0
41590,화성시,2019,73606.0,49705.0,23901.0
41590,화성시,2020,71129.0,52359.0,18770.0
41590,화성시,2021,70461.0,54847.0,15614.0
41590,화성시,2022,56366.0,45019.0,11347.0
41590,화성시,2023,66759.0,50730.0,16029.0
41590,화성시,2024,62588.0,50082.0,12506.0
41590,화성시,2025,61788.0,51606.0,10182.0
41610,광주시,2016,21038.0,15549.0,5489.0
41610,광주시,2017,22112.0,15512.0,6600.0
41610,광주시,2018,22768.0,16721.0,6047.0
41610,광주시,2019,19972.0,17177.0,2795.0
41610,광주시,2020,21132.0,18321.0,2811.0
41610,광주시,2021,21547.0,19883.0,1664.0
41610,광주시,2022,18368.0,16870.0,1498.0
41610,광주시,2023,15420.0,15913.0,-493.0
41610,광주시,2024,20336.0,18340.0,1996.0
41610,광주시,2025,14963.0,15187.0,-224.0
41630,양주시,2016,9058.0,9575.0,-517.0
41630,양주시,2017,11804.0,9780.0,2024.0
41630,양주시,2018,11672.0,10151.0,1521.0
41630,양주시,2019,12123.0,10353.0,1770.0
41630,양주시,2020,13592.0,11099.0,2493.0
41630,양주시,2021,12234.0,10610.0,1624.0
41630,양주시,2022,11891.0,9683.0,2208.0
41630,양주시,2023,19912.0,11323.0,8589.0
41630,양주시,2024,21189.0,13143.0,8046.0
41630,양주시,2025,14587.0,12147.0,2440.0
41650,포천시,2016,6417.0,7024.0,-607.0
41650,포천시,2017,6541.0,7653.0,-1112.0
41650,포천시,2018,6739.0,7988.0,-1249.0
41650,포천시,2019,6056.0,7337.0,-1281.0
41650,포천시,2020,6653.0,7197.0,-544.0
41650,포천시,2021,7808.0,7186.0,622.0
41650,포천시,2022,5704.0,6697.0,-993.0
41650,포천시,2023,5391.0,6926.0,-1535.0
41650,포천시,2024,6017.0,6997.0,-980.0
41650,포천시,2025,5965.0,6454.0,-489.0
41670,여주시,2016,5091.0,5367.0,-276.0
41670,여주시,2017,4799.0,5094.0,-295.0
41670,여주시,2018,4501.0,4983.0,-482.0
41670,여주시,2019,4582.0,5097.0,-515.0
41670,여주시,2020,4914.0,5001.0,-87.0
41670,여주시,2021,4853.0,5081.0,-228.0
41670,여주시,2022,4933.0,4808.0,125.0
41670,여주시,2023,5211.0,4968.0,243.0
41670,여주시,2024,4693.0,4922.0,-229.0
41670,여주시,2025,4159.0,4619.0,-460.0
41800,연천군,2016,2777.0,2647.0,130.0
41800,연천군,2017,2362.0,2640.0,-278.0
41800,연천군,2018,2209.0,2675.0,-466.0
41800,연천군,2019,2182.0,2510.0,-328.0
41800,연천군,2020,2259.0,2425.0,-166.0
41800,연천군,2021,2117.0,2455.0,-338.0
41800,연천군,2022,1833.0,2143.0,-310.0
41800,연천군,2023,1956.0,2135.0,-179.0
41800,연천군,2024,1700.0,2034.0,-334.0
41800,연천군,2025,2531.0,2150.0,381.0
41820,가평군,2016,2581.0,2509.0,72.0
41820,가평군,2017,2479.0,2424.0,55.0
41820,가평군,2018,2432.0,2608.0,-176.0
41820,가평군,2019,2273.0,2662.0,-389.0
41820,가평군,2020,2481.0,2590.0,-109.0
41820,가평군,2021,2507.0,2655.0,-148.0
41820,가평군,2022,2112.0,2206.0,-94.0
41820,가평군,2023,2323.0,2335.0,-12.0
41820,가평군,2024,2270.0,2268.0,2.0
41820,가평군,2025,2012.0,2320.0,-308.0
41830,양평군,2016,5323.0,4805.0,518.0
41830,양평군,2017,5109.0,4506.0,603.0
41830,양평군,2018,4501.0,4770.0,-269.0
41830,양평군,2019,4328.0,4780.0,-452.0
41830,양평군,2020,4799.0,4691.0,108.0
41830,양평군,2021,5044.0,4652.0,392.0
41830,양평군,2022,4240.0,4391.0,-151.0
41830,양평군,2023,4736.0,4483.0,253.0
41830,양평군,2024,4333.0,4334.0,-1.0
41830,양평군,2025,3877.0,4218.0,-341.0
43110,청주시,2016,48784.0,48823.0,-39.0
43110,청주시,2017,46429.0,47224.0,-795.0
43110,청주시,2018,53808.0,53198.0,610.0
43110,청주시,2019,52322.0,52079.0,243.0
43110,청주시,2020,63341.0,61357.0,1984.0
43110,청주시,2021,58646.0,56220.0,2426.0
43110,청주시,2022,52314.0,50743.0,1571.0
43110,청주시,2023,53664.0,51722.0,1942.0
43110,청주시,2024,53688.0,52684.0,1004.0
43110,청주시,2025,53982.0,52134.0,1848.0
43130,충주시,2016,10804.0,11396.0,-592.0
43130,충주시,2017,10353.0,10911.0,-558.0
43130,충주시,2018,12825.0,12305.0,520.0
43130,충주시,2019,12514.0,12768.0,-254.0
43130,충주시,2020,11683.0,12229.0,-546.0
43130,충주시,2021,12045.0,12629.0,-584.0
43130,충주시,2022,10230.0,10800.0,-570.0
43130,충주시,2023,11031.0,10915.0,116.0
43130,충주시,2024,10649.0,10781.0,-132.0
43130,충주시,2025,11085.0,11223.0,-138.0
43150,제천시,2016,7017.0,7330.0,-313.0
43150,제천시,2017,6963.0,7696.0,-733.0
43150,제천시,2018,6452.0,7564.0,-1112.0
43150,제천시,2019,6644.0,7490.0,-846.0
43150,제천시,2020,5963.0,7234.0,-1271.0
43150,제천시,2021,5991.0,6956.0,-965.0
43150,제천시,2022,5959.0,6244.0,-285.0
43150,제천시,2023,5649.0,6166.0,-517.0
43150,제천시,2024,5702.0,6809.0,-1107.0
43150,제천시,2025,6399.0,7069.0,-670.0
43720,보은군,2016,955.0,1153.0,-198.0
43720,보은군,2017,924.0,1096.0,-172.0
43720,보은군,2018,852.0,1136.0,-284.0
43720,보은군,2019,832.0,1194.0,-362.0
43720,보은군,2020,869.0,1212.0,-343.0
43720,보은군,2021,846.0,1123.0,-277.0
43720,보은군,2022,714.0,889.0,-175.0
43720,보은군,2023,649.0,843.0,-194.0
43720,보은군,2024,629.0,811.0,-182.0
43720,보은군,2025,831.0,828.0,3.0
43730,옥천군,2016,1318.0,1702.0,-384.0
43730,옥천군,2017,1278.0,1690.0,-412.0
43730,옥천군,2018,1363.0,1689.0,-326.0
43730,옥천군,2019,1274.0,1619.0,-345.0
43730,옥천군,2020,1332.0,1791.0,-459.0
43730,옥천군,2021,1332.0,1761.0,-429.0
43730,옥천군,2022,1064.0,1384.0,-320.0
43730,옥천군,2023,1016.0,1243.0,-227.0
43730,옥천군,2024,1023.0,1314.0,-291.0
43730,옥천군,2025,1635.0,1325.0,310.0
43740,영동군,2016,2107.0,2569.0,-462.0
43740,영동군,2017,1871.0,2344.0,-473.0
43740,영동군,2018,1877.0,2380.0,-503.0
43740,영동군,2019,1544.0,2320.0,-776.0
43740,영동군,2020,1472.0,2403.0,-931.0
43740,영동군,2021,1183.0,2162.0,-979.0
43740,영동군,2022,1205.0,1665.0,-460.0
43740,영동군,2023,1095.0,1446.0,-351.0
43740,영동군,2024,1112.0,1394.0,-282.0
43740,영동군,2025,1305.0,1422.0,-117.0
43745,증평군,2016,1767.0,1624.0,143.0
43745,증평군,2017,1768.0,1618.0,150.0
43745,증평군,2018,1600.0,1850.0,-250.0
43745,증평군,2019,1795.0,1846.0,-51.0
43745,증평군,2020,1878.0,2056.0,-178.0
43745,증평군,2021,1830.0,2062.0,-232.0
43745,증평군,2022,1996.0,1631.0,365.0
43745,증평군,2023,1724.0,1628.0,96.0
43745,증평군,2024,1583.0,1750.0,-167.0
43745,증평군,2025,1537.0,1704.0,-167.0
43750,진천군,2016,3635.0,3164.0,471.0
43750,진천군,2017,4793.0,3310.0,1483.0
43750,진천군,2018,5544.0,3801.0,1743.0
43750,진천군,2019,4992.0,3989.0,1003.0
43750,진천군,2020,5225.0,4311.0,914.0
43750,진천군,2021,4810.0,4320.0,490.0
43750,진천군,2022,4368.0,3948.0,420.0
43750,진천군,2023,3967.0,4038.0,-71.0
43750,진천군,2024,4235.0,4273.0,-38.0
43750,진천군,2025,4130.0,4192.0,-62.0
43760,괴산군,2016,1518.0,1663.0,-145.0
43760,괴산군,2017,1677.0,1698.0,-21.0
43760,괴산군,2018,1578.0,1732.0,-154.0
43760,괴산군,2019,1750.0,1863.0,-113.0
43760,괴산군,2020,1883.0,2210.0,-327.0
43760,괴산군,2021,1439.0,2289.0,-850.0
43760,괴산군,2022,1012.0,1493.0,-481.0
43760,괴산군,2023,924.0,1166.0,-242.0
43760,괴산군,2024,1084.0,1232.0,-148.0
43760,괴산군,2025,1662.0,1130.0,532.0
43770,음성군,2016,4954.0,4663.0,291.0
43770,음성군,2017,4712.0,5247.0,-535.0
43770,음성군,2018,4621.0,5324.0,-703.0
43770,음성군,2019,4408.0,4937.0,-529.0
43770,음성군,2020,4200.0,5179.0,-979.0
43770,음성군,2021,4255.0,4739.0,-484.0
43770,음성군,2022,3936.0,4123.0,-187.0
43770,음성군,2023,3667.0,4032.0,-365.0
43770,음성군,2024,4546.0,4434.0,112.0
43770,음성군,2025,5561.0,4400.0,1161.0
43800,단양군,2016,786.0,1026.0,-240.0
43800,단양군,2017,825.0,1013.0,-188.0
43800,단양군,2018,937.0,1037.0,-100.0
43800,단양군,2019,750.0,1064.0,-314.0
43800,단양군,2020,702.0,1054.0,-352.0
43800,단양군,2021,661.0,1010.0,-349.0
43800,단양군,2022,623.0,815.0,-192.0
43800,단양군,2023,714.0,796.0,-82.0
43800,단양군,2024,606.0,749.0,-143.0
43800,단양군,2025,591.0,748.0,-157.0
44130,천안시,2016,47974.0,43283.0,4691.0
44130,천안시,2017,48381.0,42837.0,5544.0
44130,천안시,2018,52880.0,47252.0,5628.0
44130,천안시,2019,46602.0,44059.0,2543.0
44130,천안시,2020,53888.0,50546.0,3342.0
44130,천안시,2021,47611.0,47630.0,-19.0
44130,천안시,2022,43945.0,44272.0,-327.0
44130,천안시,2023,43725.0,44516.0,-791.0
44130,천안시,2024,47125.0,45904.0,1221.0
44130,천안시,2025,46489.0,44548.0,1941.0
44150,공주시,2016,4761.0,5637.0,-876.0
44150,공주시,2017,5082.0,6008.0,-926.0
44150,공주시,2018,5665.0,6319.0,-654.0
44150,공주시,2019,4829.0,5669.0,-840.0
44150,공주시,2020,4852.0,6262.0,-1410.0
44150,공주시,2021,4893.0,5559.0,-666.0
44150,공주시,2022,4662.0,4990.0,-328.0
44150,공주시,2023,4566.0,4851.0,-285.0
44150,공주시,2024,4302.0,4906.0,-604.0
44150,공주시,2025,3886.0,4824.0,-938.0
44180,보령시,2016,4329.0,4939.0,-610.0
44180,보령시,2017,4974.0,5382.0,-408.0
44180,보령시,2018,4000.0,4635.0,-635.0
44180,보령시,2019,4289.0,4894.0,-605.0
44180,보령시,2020,4888.0,5603.0,-715.0
44180,보령시,2021,4214.0,4960.0,-746.0
44180,보령시,2022,3836.0,4369.0,-533.0
44180,보령시,2023,3597.0,4228.0,-631.0
44180,보령시,2024,3090.0,3877.0,-787.0
44180,보령시,2025,3315.0,3774.0,-459.0
44200,아산시,2016,19982.0,18938.0,1044.0
44200,아산시,2017,22441.0,19164.0,3277.0
44200,아산시,2018,18946.0,18606.0,340.0
44200,아산시,2019,17700.0,17417.0,283.0
44200,아산시,2020,20544.0,20068.0,476.0
44200,아산시,2021,23012.0,19041.0,3971.0
44200,아산시,2022,22251.0,18010.0,4241.0
44200,아산시,2023,25004.0,19680.0,5324.0
44200,아산시,2024,23587.0,19045.0,4542.0
44200,아산시,2025,20255.0,18650.0,1605.0
44210,서산시,2016,9250.0,9246.0,4.0
44210,서산시,2017,9229.0,9069.0,160.0
44210,서산시,2018,11822.0,11094.0,728.0
44210,서산시,2019,9322.0,9354.0,-32.0
44210,서산시,2020,9619.0,9618.0,1.0
44210,서산시,2021,10400.0,10399.0,1.0
44210,서산시,2022,8526.0,8670.0,-144.0
44210,서산시,2023,8176.0,8368.0,-192.0
44210,서산시,2024,8339.0,9073.0,-734.0
44210,서산시,2025,7529.0,8359.0,-830.0
44230,논산시,2016,5030.0,5921.0,-891.0
44230,논산시,2017,4955.0,5813.0,-858.0
44230,논산시,2018,4555.0,5608.0,-1053.0
44230,논산시,2019,4876.0,5674.0,-798.0
44230,논산시,2020,4758.0,5908.0,-1150.0
44230,논산시,2021,4633.0,5515.0,-882.0
44230,논산시,2022,4176.0,4767.0,-591.0
44230,논산시,2023,3760.0,4578.0,-818.0
44230,논산시,2024,3868.0,4546.0,-678.0
44230,논산시,2025,4275.0,4651.0,-376.0
44250,계룡시,2016,2845.0,2752.0,93.0
44250,계룡시,2017,3227.0,2975.0,252.0
44250,계룡시,2018,2596.0,2868.0,-272.0
44250,계룡시,2019,2695.0,3091.0,-396.0
44250,계룡시,2020,2933.0,3228.0,-295.0
44250,계룡시,2021,3125.0,3042.0,83.0
44250,계룡시,2022,3101.0,2791.0,310.0
44250,계룡시,2023,3819.0,3048.0,771.0
44250,계룡시,2024,2678.0,2801.0,-123.0
44250,계룡시,2025,2556.0,2971.0,-415.0
44270,당진시,2016,10789.0,10246.0,543.0
44270,당진시,2017,9091.0,8934.0,157.0
44270,당진시,2018,9515.0,9699.0,-184.0
44270,당진시,2019,7576.0,8212.0,-636.0
44270,당진시,2020,8318.0,9145.0,-827.0
44270,당진시,2021,9123.0,9156.0,-33.0
44270,당진시,2022,8058.0,7764.0,294.0
44270,당진시,2023,8626.0,7889.0,737.0
44270,당진시,2024,9264.0,8456.0,808.0
44270,당진시,2025,8141.0,7670.0,471.0
44710,금산군,2016,1630.0,2003.0,-373.0
44710,금산군,2017,1396.0,1947.0,-551.0
44710,금산군,2018,1429.0,1868.0,-439.0
44710,금산군,2019,1321.0,1817.0,-496.0
44710,금산군,2020,1327.0,1931.0,-604.0
44710,금산군,2021,1177.0,1752.0,-575.0
44710,금산군,2022,1231.0,1505.0,-274.0
44710,금산군,2023,1274.0,1390.0,-116.0
44710,금산군,2024,1233.0,1429.0,-196.0
44710,금산군,2025,1182.0,1509.0,-327.0
44760,부여군,2016,2092.0,2647.0,-555.0
44760,부여군,2017,1815.0,2484.0,-669.0
44760,부여군,2018,2049.0,2668.0,-619.0
44760,부여군,2019,1619.0,2413.0,-794.0
44760,부여군,2020,1730.0,2521.0,-791.0
44760,부여군,2021,1632.0,2298.0,-666.0
44760,부여군,2022,1450.0,2056.0,-606.0
44760,부여군,2023,1271.0,1776.0,-505.0
44760,부여군,2024,1335.0,1837.0,-502.0
44760,부여군,2025,1346.0,1728.0,-382.0
44770,서천군,2016,1480.0,1911.0,-431.0
44770,서천군,2017,1224.0,1693.0,-469.0
44770,서천군,2018,1251.0,1816.0,-565.0
44770,서천군,2019,1203.0,1682.0,-479.0
44770,서천군,2020,1392.0,1969.0,-577.0
44770,서천군,2021,1315.0,1790.0,-475.0
44770,서천군,2022,1188.0,1481.0,-293.0
44770,서천군,2023,1051.0,1322.0,-271.0
44770,서천군,2024,1078.0,1342.0,-264.0
44770,서천군,2025,1096.0,1302.0,-206.0
44790,청양군,2016,1228.0,1225.0,3.0
44790,청양군,2017,1185.0,1310.0,-125.0
44790,청양군,2018,1112.0,1490.0,-378.0
44790,청양군,2019,1033.0,1485.0,-452.0
44790,청양군,2020,917.0,1516.0,-599.0
44790,청양군,2021,974.0,1336.0,-362.0
44790,청양군,2022,912.0,1116.0,-204.0
44790,청양군,2023,893.0,1016.0,-123.0
44790,청양군,2024,823.0,1112.0,-289.0
44790,청양군,2025,986.0,1176.0,-190.0
44800,홍성군,2016,6466.0,4652.0,1814.0
44800,홍성군,2017,4486.0,4191.0,295.0
44800,홍성군,2018,4174.0,4677.0,-503.0
44800,홍성군,2019,3930.0,4444.0,-514.0
44800,홍성군,2020,4179.0,4735.0,-556.0
44800,홍성군,2021,3855.0,4356.0,-501.0
44800,홍성군,2022,3476.0,3913.0,-437.0
44800,홍성군,2023,3982.0,4145.0,-163.0
44800,홍성군,2024,4809.0,4101.0,708.0
44800,홍성군,2025,4571.0,3968.0,603.0
44810,예산군,2016,2291.0,3390.0,-1099.0
44810,예산군,2017,2161.0,2850.0,-689.0
44810,예산군,2018,2658.0,2946.0,-288.0
44810,예산군,2019,2258.0,2857.0,-599.0
44810,예산군,2020,2417.0,3152.0,-735.0
44810,예산군,2021,2355.0,2970.0,-615.0
44810,예산군,2022,2684.0,2643.0,41.0
44810,예산군,2023,2977.0,2672.0,305.0
44810,예산군,2024,3060.0,2909.0,151.0
44810,예산군,2025,2682.0,2650.0,32.0
44825,태안군,2016,2362.0,2455.0,-93.0
44825,태안군,2017,2098.0,2286.0,-188.0
44825,태안군,2018,2018.0,2628.0,-610.0
44825,태안군,2019,1995.0,2387.0,-392.0
44825,태안군,2020,1971.0,2574.0,-603.0
44825,태안군,2021,1926.0,2551.0,-625.0
44825,태안군,2022,1669.0,1971.0,-302.0
44825,태안군,2023,1626.0,1971.0,-345.0
44825,태안군,2024,1622.0,1826.0,-204.0
44825,태안군,2025,1738.0,1975.0,-237.0
46110,목포시,2016,14060.0,15110.0,-1050.0
46110,목포시,2017,12409.0,14140.0,-1731.0
46110,목포시,2018,12592.0,13970.0,-1378.0
46110,목포시,2019,11555.0,13191.0,-1636.0
46110,목포시,2020,13074.0,15932.0,-2858.0
46110,목포시,2021,11847.0,14063.0,-2216.0
46110,목포시,2022,10551.0,11310.0,-759.0
46110,목포시,2023,9336.0,10603.0,-1267.0
46110,목포시,2024,9940.0,11633.0,-1693.0
46110,목포시,2025,8952.0,11588.0,-2636.0
46130,여수시,2016,13982.0,15350.0,-1368.0
46130,여수시,2017,13590.0,15403.0,-1813.0
46130,여수시,2018,12403.0,14240.0,-1837.0
46130,여수시,2019,14952.0,15790.0,-838.0
46130,여수시,2020,14737.0,16588.0,-1851.0
46130,여수시,2021,13907.0,15488.0,-1581.0
46130,여수시,2022,13144.0,13815.0,-671.0
46130,여수시,2023,11036.0,12496.0,-1460.0
46130,여수시,2024,10658.0,12524.0,-1866.0
46130,여수시,2025,9794.0,11949.0,-2155.0
46150,순천시,2016,14479.0,15493.0,-1014.0
46150,순천시,2017,14864.0,15457.0,-593.0
46150,순천시,2018,15093.0,15757.0,-664.0
46150,순천시,2019,15963.0,16615.0,-652.0
46150,순천시,2020,17541.0,17078.0,463.0
46150,순천시,2021,15304.0,15934.0,-630.0
46150,순천시,2022,13342.0,14914.0,-1572.0
46150,순천시,2023,14673.0,15135.0,-462.0
46150,순천시,2024,13492.0,14496.0,-1004.0
46150,순천시,2025,12989.0,13529.0,-540.0
46170,나주시,2016,8283.0,6052.0,2231.0
46170,나주시,2017,8224.0,5887.0,2337.0
46170,나주시,2018,7841.0,6626.0,1215.0
46170,나주시,2019,6879.0,6703.0,176.0
46170,나주시,2020,7215.0,6826.0,389.0
46170,나주시,2021,6881.0,6374.0,507.0
46170,나주시,2022,5873.0,5978.0,-105.0
46170,나주시,2023,5958.0,5277.0,681.0
46170,나주시,2024,5051.0,5238.0,-187.0
46170,나주시,2025,6445.0,5932.0,513.0
46230,광양시,2016,8016.0,7729.0,287.0
46230,광양시,2017,7814.0,8090.0,-276.0
46230,광양시,2018,8173.0,8412.0,-239.0
46230,광양시,2019,8636.0,9141.0,-505.0
46230,광양시,2020,7216.0,9806.0,-2590.0
46230,광양시,2021,7973.0,8929.0,-956.0
46230,광양시,2022,7215.0,6696.0,519.0
46230,광양시,2023,6430.0,6523.0,-93.0
46230,광양시,2024,8270.0,7459.0,811.0
46230,광양시,2025,6403.0,6419.0,-16.0
46710,담양군,2016,1805.0,1870.0,-65.0
46710,담양군,2017,1813.0,1963.0,-150.0
46710,담양군,2018,1961.0,2206.0,-245.0
46710,담양군,2019,2011.0,2045.0,-34.0
46710,담양군,2020,1779.0,2278.0,-499.0
46710,담양군,2021,1847.0,2212.0,-365.0
46710,담양군,2022,1454.0,1801.0,-347.0
46710,담양군,2023,1334.0,1608.0,-274.0
46710,담양군,2024,1174.0,1578.0,-404.0
46710,담양군,2025,1296.0,1525.0,-229.0
46720,곡성군,2016,890.0,1157.0,-267.0
46720,곡성군,2017,945.0,1175.0,-230.0
46720,곡성군,2018,911.0,1303.0,-392.0
46720,곡성군,2019,827.0,1250.0,-423.0
46720,곡성군,2020,842.0,1307.0,-465.0
46720,곡성군,2021,835.0,1178.0,-343.0
46720,곡성군,2022,698.0,864.0,-166.0
46720,곡성군,2023,737.0,843.0,-106.0
46720,곡성군,2024,739.0,903.0,-164.0
46720,곡성군,2025,919.0,782.0,137.0
46730,구례군,2016,973.0,1024.0,-51.0
46730,구례군,2017,1051.0,1157.0,-106.0
46730,구례군,2018,1069.0,1294.0,-225.0
46730,구례군,2019,933.0,1190.0,-257.0
46730,구례군,2020,773.0,1280.0,-507.0
46730,구례군,2021,719.0,1005.0,-286.0
46730,구례군,2022,594.0,893.0,-299.0
46730,구례군,2023,531.0,680.0,-149.0
46730,구례군,2024,563.0,662.0,-99.0
46730,구례군,2025,599.0,690.0,-91.0
46770,고흥군,2016,1469.0,1988.0,-519.0
46770,고흥군,2017,1509.0,1861.0,-352.0
46770,고흥군,2018,1643.0,2113.0,-470.0
46770,고흥군,2019,1557.0,2074.0,-517.0
46770,고흥군,2020,1581.0,2227.0,-646.0
46770,고흥군,2021,1356.0,1904.0,-548.0
46770,고흥군,2022,1305.0,1636.0,-331.0
46770,고흥군,2023,1231.0,1429.0,-198.0
46770,고흥군,2024,1272.0,1547.0,-275.0
46770,고흥군,2025,1213.0,1436.0,-223.0
46780,보성군,2016,1141.0,1577.0,-436.0
46780,보성군,2017,1064.0,1470.0,-406.0
46780,보성군,2018,1153.0,1510.0,-357.0
46780,보성군,2019,932.0,1540.0,-608.0
46780,보성군,2020,1030.0,1512.0,-482.0
46780,보성군,2021,885.0,1372.0,-487.0
46780,보성군,2022,784.0,1145.0,-361.0
46780,보성군,2023,768.0,967.0,-199.0
46780,보성군,2024,731.0,935.0,-204.0
46780,보성군,2025,860.0,915.0,-55.0
46790,화순군,2016,2130.0,2422.0,-292.0
46790,화순군,2017,1929.0,2260.0,-331.0
46790,화순군,2018,2064.0,2499.0,-435.0
46790,화순군,2019,1803.0,2597.0,-794.0
46790,화순군,2020,1976.0,2484.0,-508.0
46790,화순군,2021,2162.0,2439.0,-277.0
46790,화순군,2022,1651.0,1991.0,-340.0
46790,화순군,2023,1559.0,1897.0,-338.0
46790,화순군,2024,1641.0,1893.0,-252.0
46790,화순군,2025,1645.0,1857.0,-212.0
46800,장흥군,2016,1252.0,2602.0,-1350.0
46800,장흥군,2017,1364.0,1574.0,-210.0
46800,장흥군,2018,1325.0,1675.0,-350.0
46800,장흥군,2019,1150.0,1539.0,-389.0
46800,장흥군,2020,1145.0,1597.0,-452.0
46800,장흥군,2021,937.0,1430.0,-493.0
46800,장흥군,2022,783.0,1124.0,-341.0
46800,장흥군,2023,803.0,1013.0,-210.0
46800,장흥군,2024,892.0,1041.0,-149.0
46800,장흥군,2025,940.0,1016.0,-76.0
46810,강진군,2016,1046.0,1541.0,-495.0
46810,강진군,2017,986.0,1379.0,-393.0
46810,강진군,2018,1059.0,1411.0,-352.0
46810,강진군,2019,958.0,1406.0,-448.0
46810,강진군,2020,1078.0,1444.0,-366.0
46810,강진군,2021,969.0,1324.0,-355.0
46810,강진군,2022,808.0,1007.0,-199.0
46810,강진군,2023,831.0,961.0,-130.0
46810,강진군,2024,884.0,1021.0,-137.0
46810,강진군,2025,969.0,1045.0,-76.0
46820,해남군,2016,2157.0,2666.0,-509.0
46820,해남군,2017,1856.0,2587.0,-731.0
46820,해남군,2018,1834.0,2591.0,-757.0
46820,해남군,2019,1969.0,2677.0,-708.0
46820,해남군,2020,1823.0,2570.0,-747.0
46820,해남군,2021,1734.0,2396.0,-662.0
46820,해남군,2022,1476.0,1993.0,-517.0
46820,해남군,2023,1406.0,1823.0,-417.0
46820,해남군,2024,1354.0,1835.0,-481.0
46820,해남군,2025,1513.0,1705.0,-192.0
46830,영암군,2016,2326.0,2895.0,-569.0
46830,영암군,2017,1981.0,2732.0,-751.0
46830,영암군,2018,1941.0,2397.0,-456.0
46830,영암군,2019,2267.0,2468.0,-201.0
46830,영암군,2020,1990.0,2500.0,-510.0
46830,영암군,2021,2075.0,2549.0,-474.0
46830,영암군,2022,1798.0,2036.0,-238.0
46830,영암군,2023,1970.0,1999.0,-29.0
46830,영암군,2024,1620.0,1969.0,-349.0
46830,영암군,2025,1586.0,2145.0,-559.0
46840,무안군,2016,3774.0,3929.0,-155.0
46840,무안군,2017,4223.0,3878.0,345.0
46840,무안군,2018,3461.0,3945.0,-484.0
46840,무안군,2019,3500.0,3766.0,-266.0
46840,무안군,2020,6937.0,5017.0,1920.0
46840,무안군,2021,6809.0,4692.0,2117.0
46840,무안군,2022,4304.0,4343.0,-39.0
46840,무안군,2023,4102.0,4086.0,16.0
46840,무안군,2024,6329.0,5324.0,1005.0
46840,무안군,2025,6052.0,4869.0,1183.0
46860,함평군,2016,1023.0,1302.0,-279.0
46860,함평군,2017,1152.0,1235.0,-83.0
46860,함평군,2018,944.0,1353.0,-409.0
46860,함평군,2019,907.0,1234.0,-327.0
46860,함평군,2020,870.0,1262.0,-392.0
46860,함평군,2021,825.0,1234.0,-409.0
46860,함평군,2022,712.0,899.0,-187.0
46860,함평군,2023,794.0,862.0,-68.0
46860,함평군,2024,750.0,867.0,-117.0
46860,함평군,2025,708.0,849.0,-141.0
46870,영광군,2016,1837.0,2165.0,-328.0
46870,영광군,2017,1684.0,2061.0,-377.0
46870,영광군,2018,1824.0,2185.0,-361.0
46870,영광군,2019,2064.0,2161.0,-97.0
46870,영광군,2020,1853.0,2220.0,-367.0
46870,영광군,2021,1695.0,2246.0,-551.0
46870,영광군,2022,1764.0,1668.0,96.0
46870,영광군,2023,1566.0,1674.0,-108.0
46870,영광군,2024,1891.0,1675.0,216.0
46870,영광군,2025,2040.0,1466.0,574.0
46880,장성군,2016,2144.0,2286.0,-142.0
46880,장성군,2017,2104.0,2202.0,-98.0
46880,장성군,2018,2188.0,2474.0,-286.0
46880,장성군,2019,2685.0,2511.0,174.0
46880,장성군,2020,2264.0,3039.0,-775.0
46880,장성군,2021,2100.0,2676.0,-576.0
46880,장성군,2022,1817.0,1906.0,-89.0
46880,장성군,2023,1686.0,1901.0,-215.0
46880,장성군,2024,1741.0,1938.0,-197.0
46880,장성군,2025,2262.0,1915.0,347.0
46890,완도군,2016,1418.0,1640.0,-222.0
46890,완도군,2017,1326.0,1567.0,-241.0
46890,완도군,2018,1352.0,1686.0,-334.0
46890,완도군,2019,1274.0,1683.0,-409.0
46890,완도군,2020,1381.0,1813.0,-432.0
46890,완도군,2021,1180.0,1679.0,-499.0
46890,완도군,2022,1084.0,1428.0,-344.0
46890,완도군,2023,1053.0,1266.0,-213.0
46890,완도군,2024,1049.0,1324.0,-275.0
46890,완도군,2025,1016.0,1290.0,-274.0
46900,진도군,2016,879.0,1040.0,-161.0
46900,진도군,2017,920.0,1094.0,-174.0
46900,진도군,2018,886.0,1075.0,-189.0
46900,진도군,2019,794.0,1034.0,-240.0
46900,진도군,2020,1364.0,1191.0,173.0
46900,진도군,2021,847.0,1353.0,-506.0
46900,진도군,2022,738.0,941.0,-203.0
46900,진도군,2023,718.0,857.0,-139.0
46900,진도군,2024,765.0,879.0,-114.0
46900,진도군,2025,740.0,929.0,-189.0
46910,신안군,2016,1463.0,1701.0,-238.0
46910,신안군,2017,1222.0,1596.0,-374.0
46910,신안군,2018,1325.0,1665.0,-340.0
46910,신안군,2019,1157.0,1612.0,-455.0
46910,신안군,2020,1033.0,1699.0,-666.0
46910,신안군,2021,1100.0,1492.0,-392.0
46910,신안군,2022,976.0,1123.0,-147.0
46910,신안군,2023,1032.0,997.0,35.0
46910,신안군,2024,997.0,1006.0,-9.0
46910,신안군,2025,1771.0,1058.0,713.0
47110,포항시,2016,22092.0,24814.0,-2722.0
47110,포항시,2017,21113.0,23685.0,-2572.0
47110,포항시,2018,23225.0,25926.0,-2701.0
47110,포항시,2019,22733.0,25163.0,-2430.0
47110,포항시,2020,25274.0,28182.0,-2908.0
47110,포항시,2021,26744.0,25641.0,1103.0
47110,포항시,2022,20374.0,23662.0,-3288.0
47110,포항시,2023,21260.0,22239.0,-979.0
47110,포항시,2024,26210.0,26236.0,-26.0
47110,포항시,2025,22847.0,23984.0,-1137.0
47130,경주시,2016,10568.0,11694.0,-1126.0
47130,경주시,2017,10680.0,12219.0,-1539.0
47130,경주시,2018,11273.0,12377.0,-1104.0
47130,경주시,2019,11070.0,12497.0,-1427.0
47130,경주시,2020,10970.0,12897.0,-1927.0
47130,경주시,2021,11544.0,12767.0,-1223.0
47130,경주시,2022,9102.0,10482.0,-1380.0
47130,경주시,2023,9566.0,10581.0,-1015.0
47130,경주시,2024,9934.0,11182.0,-1248.0
47130,경주시,2025,11230.0,11448.0,-218.0
47150,김천시,2016,8474.0,8144.0,330.0
47150,김천시,2017,7164.0,7232.0,-68.0
47150,김천시,2018,5971.0,7150.0,-1179.0
47150,김천시,2019,7108.0,7476.0,-368.0
47150,김천시,2020,6391.0,7392.0,-1001.0
47150,김천시,2021,6654.0,7176.0,-522.0
47150,김천시,2022,5819.0,6372.0,-553.0
47150,김천시,2023,5040.0,5860.0,-820.0
47150,김천시,2024,5429.0,6335.0,-906.0
47150,김천시,2025,5317.0,6079.0,-762.0
47170,안동시,2016,8000.0,8642.0,-642.0
47170,안동시,2017,8050.0,9349.0,-1299.0
47170,안동시,2018,7655.0,9380.0,-1725.0
47170,안동시,2019,6985.0,8054.0,-1069.0
47170,안동시,2020,8369.0,9005.0,-636.0
47170,안동시,2021,7350.0,8073.0,-723.0
47170,안동시,2022,6151.0,7163.0,-1012.0
47170,안동시,2023,6454.0,6961.0,-507.0
47170,안동시,2024,8004.0,7417.0,587.0
47170,안동시,2025,7200.0,7578.0,-378.0
47190,구미시,2016,28296.0,30293.0,-1997.0
47190,구미시,2017,30504.0,30497.0,7.0
47190,구미시,2018,25788.0,27069.0,-1281.0
47190,구미시,2019,26384.0,28348.0,-1964.0
47190,구미시,2020,26457.0,28891.0,-2434.0
47190,구미시,2021,25273.0,27111.0,-1838.0
47190,구미시,2022,22541.0,24231.0,-1690.0
47190,구미시,2023,22441.0,23644.0,-1203.0
47190,구미시,2024,25836.0,26622.0,-786.0
47190,구미시,2025,24250.0,25122.0,-872.0
47210,영주시,2016,5014.0,5612.0,-598.0
47210,영주시,2017,3996.0,4634.0,-638.0
47210,영주시,2018,3824.0,4694.0,-870.0
47210,영주시,2019,3545.0,4343.0,-798.0
47210,영주시,2020,3657.0,4794.0,-1137.0
47210,영주시,2021,4217.0,4651.0,-434.0
47210,영주시,2022,3834.0,4269.0,-435.0
47210,영주시,2023,3820.0,4090.0,-270.0
47210,영주시,2024,3448.0,4191.0,-743.0
47210,영주시,2025,3540.0,4333.0,-793.0
47230,영천시,2016,3915.0,4240.0,-325.0
47230,영천시,2017,4301.0,4413.0,-112.0
47230,영천시,2018,4663.0,4518.0,145.0
47230,영천시,2019,5276.0,5105.0,171.0
47230,영천시,2020,5025.0,5792.0,-767.0
47230,영천시,2021,5440.0,5917.0,-477.0
47230,영천시,2022,3957.0,4535.0,-578.0
47230,영천시,2023,3929.0,4492.0,-563.0
47230,영천시,2024,3733.0,4622.0,-889.0
47230,영천시,2025,2928.0,4107.0,-1179.0
47250,상주시,2016,3466.0,3971.0,-505.0
47250,상주시,2017,3396.0,3970.0,-574.0
47250,상주시,2018,3655.0,4114.0,-459.0
47250,상주시,2019,3941.0,4225.0,-284.0
47250,상주시,2020,3405.0,5164.0,-1759.0
47250,상주시,2021,3667.0,4544.0,-877.0
47250,상주시,2022,3153.0,3504.0,-351.0
47250,상주시,2023,2683.0,3202.0,-519.0
47250,상주시,2024,2756.0,3531.0,-775.0
47250,상주시,2025,2653.0,3217.0,-564.0
47280,문경시,2016,2598.0,3417.0,-819.0
47280,문경시,2017,2329.0,3056.0,-727.0
47280,문경시,2018,2324.0,3138.0,-814.0
47280,문경시,2019,3025.0,3103.0,-78.0
47280,문경시,2020,2916.0,3621.0,-705.0
47280,문경시,2021,3191.0,3611.0,-420.0
47280,문경시,2022,2805.0,3128.0,-323.0
47280,문경시,2023,1939.0,2560.0,-621.0
47280,문경시,2024,1975.0,2599.0,-624.0
47280,문경시,2025,1806.0,2552.0,-746.0
47290,경산시,2016,15751.0,15839.0,-88.0
47290,경산시,2017,15497.0,15613.0,-116.0
47290,경산시,2018,16022.0,15941.0,81.0
47290,경산시,2019,15957.0,15693.0,264.0
47290,경산시,2020,17088.0,17477.0,-389.0
47290,경산시,2021,18765.0,17673.0,1092.0
47290,경산시,2022,15427.0,15526.0,-99.0
47290,경산시,2023,16042.0,16924.0,-882.0
47290,경산시,2024,17863.0,17689.0,174.0
47290,경산시,2025,15090.0,16953.0,-1863.0
47730,의성군,2016,1294.0,1563.0,-269.0
47730,의성군,2017,1185.0,1480.0,-295.0
47730,의성군,2018,1376.0,1619.0,-243.0
47730,의성군,2019,1515.0,1667.0,-152.0
47730,의성군,2020,1406.0,1876.0,-470.0
47730,의성군,2021,1159.0,1613.0,-454.0
47730,의성군,2022,1204.0,1327.0,-123.0
47730,의성군,2023,1263.0,1312.0,-49.0
47730,의성군,2024,938.0,1330.0,-392.0
47730,의성군,2025,985.0,1209.0,-224.0
47750,청송군,2016,811.0,885.0,-74.0
47750,청송군,2017,684.0,849.0,-165.0
47750,청송군,2018,674.0,865.0,-191.0
47750,청송군,2019,706.0,835.0,-129.0
47750,청송군,2020,698.0,977.0,-279.0
47750,청송군,2021,700.0,914.0,-214.0
47750,청송군,2022,625.0,716.0,-91.0
47750,청송군,2023,594.0,655.0,-61.0
47750,청송군,2024,605.0,715.0,-110.0
47750,청송군,2025,625.0,666.0,-41.0
47760,영양군,2016,433.0,533.0,-100.0
47760,영양군,2017,336.0,454.0,-118.0
47760,영양군,2018,399.0,441.0,-42.0
47760,영양군,2019,386.0,525.0,-139.0
47760,영양군,2020,383.0,536.0,-153.0
47760,영양군,2021,348.0,447.0,-99.0
47760,영양군,2022,302.0,438.0,-136.0
47760,영양군,2023,277.0,420.0,-143.0
47760,영양군,2024,309.0,395.0,-86.0
47760,영양군,2025,575.0,368.0,207.0
47770,영덕군,2016,1175.0,1287.0,-112.0
47770,영덕군,2017,1023.0,1213.0,-190.0
47770,영덕군,2018,1080.0,1201.0,-121.0
47770,영덕군,2019,946.0,1290.0,-344.0
47770,영덕군,2020,867.0,1379.0,-512.0
47770,영덕군,2021,862.0,1220.0,-358.0
47770,영덕군,2022,848.0,987.0,-139.0
47770,영덕군,2023,777.0,929.0,-152.0
47770,영덕군,2024,757.0,1019.0,-262.0
47770,영덕군,2025,758.0,889.0,-131.0
47820,청도군,2016,1222.0,1498.0,-276.0
47820,청도군,2017,1219.0,1396.0,-177.0
47820,청도군,2018,1241.0,1550.0,-309.0
47820,청도군,2019,1271.0,1487.0,-216.0
47820,청도군,2020,1099.0,1519.0,-420.0
47820,청도군,2021,1140.0,1466.0,-326.0
47820,청도군,2022,1053.0,1244.0,-191.0
47820,청도군,2023,935.0,1132.0,-197.0
47820,청도군,2024,843.0,1169.0,-326.0
47820,청도군,2025,840.0,1041.0,-201.0
47830,고령군,2016,980.0,1201.0,-221.0
47830,고령군,2017,969.0,1197.0,-228.0
47830,고령군,2018,899.0,1268.0,-369.0
47830,고령군,2019,923.0,1173.0,-250.0
47830,고령군,2020,820.0,1352.0,-532.0
47830,고령군,2021,792.0,1167.0,-375.0
47830,고령군,2022,838.0,973.0,-135.0
47830,고령군,2023,745.0,898.0,-153.0
47830,고령군,2024,899.0,975.0,-76.0
47830,고령군,2025,733.0,881.0,-148.0
47840,성주군,2016,1586.0,1745.0,-159.0
47840,성주군,2017,1537.0,1733.0,-196.0
47840,성주군,2018,1607.0,1968.0,-361.0
47840,성주군,2019,1458.0,1847.0,-389.0
47840,성주군,2020,1526.0,1970.0,-444.0
47840,성주군,2021,1273.0,1668.0,-395.0
47840,성주군,2022,1107.0,1405.0,-298.0
47840,성주군,2023,1060.0,1267.0,-207.0
47840,성주군,2024,934.0,1196.0,-262.0
47840,성주군,2025,867.0,1165.0,-298.0
47850,칠곡군,2016,6636.0,6645.0,-9.0
47850,칠곡군,2017,5304.0,7098.0,-1794.0
47850,칠곡군,2018,4896.0,6591.0,-1695.0
47850,칠곡군,2019,4687.0,6299.0,-1612.0
47850,칠곡군,2020,4837.0,6713.0,-1876.0
47850,칠곡군,2021,4849.0,5673.0,-824.0
47850,칠곡군,2022,4201.0,4945.0,-744.0
47850,칠곡군,2023,3769.0,4763.0,-994.0
47850,칠곡군,2024,3349.0,4927.0,-1578.0
47850,칠곡군,2025,3465.0,4575.0,-1110.0
47900,예천군,2016,1910.0,1604.0,306.0
47900,예천군,2017,2602.0,1735.0,867.0
47900,예천군,2018,3232.0,1998.0,1234.0
47900,예천군,2019,2562.0,2030.0,532.0
47900,예천군,2020,2621.0,2564.0,57.0
47900,예천군,2021,2172.0,2126.0,46.0
47900,예천군,2022,2208.0,2036.0,172.0
47900,예천군,2023,1795.0,1830.0,-35.0
47900,예천군,2024,1815.0,1982.0,-167.0
47900,예천군,2025,1800.0,1836.0,-36.0
47920,봉화군,2016,902.0,1039.0,-137.0
47920,봉화군,2017,766.0,999.0,-233.0
47920,봉화군,2018,757.0,997.0,-240.0
47920,봉화군,2019,690.0,993.0,-303.0
47920,봉화군,2020,694.0,1061.0,-367.0
47920,봉화군,2021,627.0,981.0,-354.0
47920,봉화군,2022,619.0,833.0,-214.0
47920,봉화군,2023,576.0,727.0,-151.0
47920,봉화군,2024,491.0,723.0,-232.0
47920,봉화군,2025,550.0,715.0,-165.0
47930,울진군,2016,2074.0,2037.0,37.0
47930,울진군,2017,1781.0,2115.0,-334.0
47930,울진군,2018,1707.0,2081.0,-374.0
47930,울진군,2019,2052.0,2281.0,-229.0
47930,울진군,2020,1995.0,2313.0,-318.0
47930,울진군,2021,1763.0,2109.0,-346.0
47930,울진군,2022,1489.0,1797.0,-308.0
47930,울진군,2023,1658.0,1751.0,-93.0
47930,울진군,2024,1645.0,1758.0,-113.0
47930,울진군,2025,1848.0,1850.0,-2.0
47940,울릉군,2016,591.0,662.0,-71.0
47940,울릉군,2017,566.0,587.0,-21.0
47940,울릉군,2018,569.0,614.0,-45.0
47940,울릉군,2019,515.0,598.0,-83.0
47940,울릉군,2020,430.0,599.0,-169.0
47940,울릉군,2021,499.0,531.0,-32.0
47940,울릉군,2022,535.0,460.0,75.0
47940,울릉군,2023,512.0,477.0,35.0
47940,울릉군,2024,551.0,532.0,19.0
47940,울릉군,2025,444.0,542.0,-98.0
48120,창원시,2016,52774.0,57807.0,-5033.0
48120,창원시,2017,53615.0,58997.0,-5382.0
48120,창원시,2018,52042.0,55784.0,-3742.0
48120,창원시,2019,50926.0,57318.0,-6392.0
48120,창원시,2020,56486.0,62299.0,-5813.0
48120,창원시,2021,53733.0,56388.0,-2655.0
48120,창원시,2022,46808.0,52025.0,-5217.0
48120,창원시,2023,42410.0,47886.0,-5476.0
48120,창원시,2024,47023.0,50600.0,-3577.0
48120,창원시,2025,48778.0,51861.0,-3083.0
48170,진주시,2016,19312.0,18935.0,377.0
48170,진주시,2017,17675.0,18287.0,-612.0
48170,진주시,2018,18206.0,19238.0,-1032.0
48170,진주시,2019,20187.0,20111.0,76.0
48170,진주시,2020,21460.0,21378.0,82.0
48170,진주시,2021,19676.0,19896.0,-220.0
48170,진주시,2022,17355.0,18954.0,-1599.0
48170,진주시,2023,16025.0,17140.0,-1115.0
48170,진주시,2024,18532.0,19294.0,-762.0
48170,진주시,2025,18147.0,19348.0,-1201.0
48220,통영시,2016,6664.0,7444.0,-780.0
48220,통영시,2017,5161.0,6592.0,-1431.0
48220,통영시,2018,5897.0,7078.0,-1181.0
48220,통영시,2019,5114.0,6346.0,-1232.0
48220,통영시,2020,4683.0,6303.0,-1620.0
48220,통영시,2021,4404.0,5829.0,-1425.0
48220,통영시,2022,3951.0,5008.0,-1057.0
48220,통영시,2023,3619.0,4539.0,-920.0
48220,통영시,2024,3571.0,4354.0,-783.0
48220,통영시,2025,3771.0,4475.0,-704.0
48240,사천시,2016,5441.0,5954.0,-513.0
48240,사천시,2017,5251.0,5543.0,-292.0
48240,사천시,2018,5347.0,5573.0,-226.0
48240,사천시,2019,4942.0,5799.0,-857.0
48240,사천시,2020,5740.0,6399.0,-659.0
48240,사천시,2021,4954.0,5554.0,-600.0
48240,사천시,2022,4894.0,5142.0,-248.0
48240,사천시,2023,4869.0,4850.0,19.0
48240,사천시,2024,4878.0,5047.0,-169.0
48240,사천시,2025,5079.0,5218.0,-139.0
48250,김해시,2016,23855.0,24717.0,-862.0
48250,김해시,2017,25534.0,25404.0,130.0
48250,김해시,2018,23622.0,23862.0,-240.0
48250,김해시,2019,31679.0,28985.0,2694.0
48250,김해시,2020,26014.0,27573.0,-1559.0
48250,김해시,2021,24654.0,27763.0,-3109.0
48250,김해시,2022,22359.0,24704.0,-2345.0
48250,김해시,2023,22006.0,23625.0,-1619.0
48250,김해시,2024,22520.0,24102.0,-1582.0
48250,김해시,2025,24720.0,24791.0,-71.0
48270,밀양시,2016,4184.0,4491.0,-307.0
48270,밀양시,2017,3684.0,4375.0,-691.0
48270,밀양시,2018,3471.0,4269.0,-798.0
48270,밀양시,2019,3846.0,4666.0,-820.0
48270,밀양시,2020,4177.0,4889.0,-712.0
48270,밀양시,2021,3596.0,4421.0,-825.0
48270,밀양시,2022,3695.0,4126.0,-431.0
48270,밀양시,2023,3308.0,3761.0,-453.0
48270,밀양시,2024,3410.0,3900.0,-490.0
48270,밀양시,2025,3297.0,3655.0,-358.0
48310,거제시,2016,18539.0,19046.0,-507.0
48310,거제시,2017,16031.0,18815.0,-2784.0
48310,거제시,2018,15303.0,18142.0,-2839.0
48310,거제시,2019,11818.0,13590.0,-1772.0
48310,거제시,2020,11890.0,13958.0,-2068.0
48310,거제시,2021,10691.0,13696.0,-3005.0
48310,거제시,2022,8801.0,11739.0,-2938.0
48310,거제시,2023,8570.0,10261.0,-1691.0
48310,거제시,2024,9974.0,10932.0,-958.0
48310,거제시,2025,9000.0,9908.0,-908.0
48330,양산시,2016,21443.0,16165.0,5278.0
48330,양산시,2017,24418.0,16616.0,7802.0
48330,양산시,2018,18795.0,15424.0,3371.0
48330,양산시,2019,17433.0,17496.0,-63.0
48330,양산시,2020,17634.0,18451.0,-817.0
48330,양산시,2021,17839.0,18268.0,-429.0
48330,양산시,2022,14363.0,15760.0,-1397.0
48330,양산시,2023,14564.0,14644.0,-80.0
48330,양산시,2024,17986.0,16622.0,1364.0
48330,양산시,2025,14555.0,14234.0,321.0
48720,의령군,2016,850.0,1052.0,-202.0
48720,의령군,2017,785.0,953.0,-168.0
48720,의령군,2018,834.0,908.0,-74.0
48720,의령군,2019,700.0,907.0,-207.0
48720,의령군,2020,779.0,1034.0,-255.0
48720,의령군,2021,686.0,1001.0,-315.0
48720,의령군,2022,643.0,854.0,-211.0
48720,의령군,2023,520.0,691.0,-171.0
48720,의령군,2024,575.0,660.0,-85.0
48720,의령군,2025,528.0,659.0,-131.0
48730,함안군,2016,2492.0,2878.0,-386.0
48730,함안군,2017,2282.0,2743.0,-461.0
48730,함안군,2018,2042.0,2657.0,-615.0
48730,함안군,2019,1867.0,2567.0,-700.0
48730,함안군,2020,1870.0,2759.0,-889.0
48730,함안군,2021,1718.0,2606.0,-888.0
48730,함안군,2022,1559.0,2120.0,-561.0
48730,함안군,2023,1497.0,1964.0,-467.0
48730,함안군,2024,1373.0,1904.0,-531.0
48730,함안군,2025,1404.0,1917.0,-513.0
48740,창녕군,2016,2792.0,2914.0,-122.0
48740,창녕군,2017,2495.0,2752.0,-257.0
48740,창녕군,2018,2279.0,2689.0,-410.0
48740,창녕군,2019,2051.0,2574.0,-523.0
48740,창녕군,2020,2230.0,2866.0,-636.0
48740,창녕군,2021,1924.0,2687.0,-763.0
48740,창녕군,2022,1417.0,2106.0,-689.0
48740,창녕군,2023,1328.0,1860.0,-532.0
48740,창녕군,2024,1359.0,1744.0,-385.0
48740,창녕군,2025,1347.0,1638.0,-291.0
48820,고성군,2016,1528.0,1961.0,-433.0
48820,고성군,2017,1406.0,1932.0,-526.0
48820,고성군,2018,1375.0,1925.0,-550.0
48820,고성군,2019,1234.0,1841.0,-607.0
48820,고성군,2020,1275.0,1864.0,-589.0
48820,고성군,2021,1252.0,1766.0,-514.0
48820,고성군,2022,1328.0,1440.0,-112.0
48820,고성군,2023,958.0,1428.0,-470.0
48820,고성군,2024,970.0,1531.0,-561.0
48820,고성군,2025,930.0,1309.0,-379.0
48840,남해군,2016,1057.0,1501.0,-444.0
48840,남해군,2017,1155.0,1397.0,-242.0
48840,남해군,2018,1087.0,1435.0,-348.0
48840,남해군,2019,1097.0,1409.0,-312.0
48840,남해군,2020,1143.0,1558.0,-415.0
48840,남해군,2021,1077.0,1509.0,-432.0
48840,남해군,2022,1031.0,1350.0,-319.0
48840,남해군,2023,914.0,1223.0,-309.0
48840,남해군,2024,810.0,1234.0,-424.0
48840,남해군,2025,1236.0,1105.0,131.0
48850,하동군,2016,1912.0,2242.0,-330.0
48850,하동군,2017,1797.0,2239.0,-442.0
48850,하동군,2018,1412.0,2126.0,-714.0
48850,하동군,2019,1474.0,2069.0,-595.0
48850,하동군,2020,1166.0,2044.0,-878.0
48850,하동군,2021,1034.0,1752.0,-718.0
48850,하동군,2022,948.0,1342.0,-394.0
48850,하동군,2023,842.0,1157.0,-315.0
48850,하동군,2024,804.0,1143.0,-339.0
48850,하동군,2025,829.0,1065.0,-236.0
48860,산청군,2016,1120.0,1208.0,-88.0
48860,산청군,2017,1213.0,1207.0,6.0
48860,산청군,2018,983.0,1256.0,-273.0
48860,산청군,2019,918.0,1341.0,-423.0
48860,산청군,2020,933.0,1314.0,-381.0
48860,산청군,2021,875.0,1240.0,-365.0
48860,산청군,2022,749.0,971.0,-222.0
48860,산청군,2023,715.0,863.0,-148.0
48860,산청군,2024,671.0,906.0,-235.0
48860,산청군,2025,622.0,845.0,-223.0
48870,함양군,2016,1161.0,1347.0,-186.0
48870,함양군,2017,1180.0,1364.0,-184.0
48870,함양군,2018,1320.0,1465.0,-145.0
48870,함양군,2019,1119.0,1364.0,-245.0
48870,함양군,2020,1000.0,1407.0,-407.0
48870,함양군,2021,995.0,1390.0,-395.0
48870,함양군,2022,859.0,1181.0,-322.0
48870,함양군,2023,692.0,1009.0,-317.0
48870,함양군,2024,717.0,1016.0,-299.0
48870,함양군,2025,769.0,990.0,-221.0
48880,거창군,2016,1681.0,1976.0,-295.0
48880,거창군,2017,1467.0,1907.0,-440.0
48880,거창군,2018,1694.0,2043.0,-349.0
48880,거창군,2019,1713.0,2040.0,-327.0
48880,거창군,2020,1643.0,2292.0,-649.0
48880,거창군,2021,1759.0,2260.0,-501.0
48880,거창군,2022,1505.0,1994.0,-489.0
48880,거창군,2023,1650.0,1976.0,-326.0
48880,거창군,2024,1571.0,1953.0,-382.0
48880,거창군,2025,1665.0,1927.0,-262.0
48890,합천군,2016,1235.0,1759.0,-524.0
48890,합천군,2017,1132.0,1599.0,-467.0
48890,합천군,2018,1134.0,1551.0,-417.0
48890,합천군,2019,1039.0,1347.0,-308.0
48890,합천군,2020,1080.0,1624.0,-544.0
48890,합천군,2021,945.0,1413.0,-468.0
48890,합천군,2022,833.0,1109.0,-276.0
48890,합천군,2023,796.0,1074.0,-278.0
48890,합천군,2024,790.0,1011.0,-221.0
48890,합천군,2025,773.0,1050.0,-277.0
50110,제주시,2016,29652.0,26631.0,3021.0
50110,제주시,2017,28365.0,25992.0,2373.0
50110,제주시,2018,29769.0,27341.0,2428.0
50110,제주시,2019,27957.0,26817.0,1140.0
50110,제주시,2020,29503.0,28559.0,944.0
50110,제주시,2021,27495.0,27431.0,64.0
50110,제주시,2022,25195.0,25287.0,-92.0
50110,제주시,2023,23494.0,24589.0,-1095.0
50110,제주시,2024,23842.0,25188.0,-1346.0
50110,제주시,2025,23265.0,24556.0,-1291.0
50130,서귀포시,2016,10096.0,8415.0,1681.0
50130,서귀포시,2017,11822.0,9419.0,2403.0
50130,서귀포시,2018,10360.0,9713.0,647.0
50130,서귀포시,2019,9388.0,10085.0,-697.0
50130,서귀포시,2020,9430.0,9982.0,-552.0
50130,서귀포시,2021,9466.0,9290.0,176.0
50130,서귀포시,2022,8737.0,8663.0,74.0
50130,서귀포시,2023,8058.0,8730.0,-672.0
50130,서귀포시,2024,7817.0,8629.0,-812.0
50130,서귀포시,2025,7067.0,8222.0,-1155.0
51110,춘천시,2016,18101.0,17356.0,745.0
51110,춘천시,2017,16985.0,17167.0,-182.0
51110,춘천시,2018,17397.0,17784.0,-387.0
51110,춘천시,2019,18272.0,18066.0,206.0
51110,춘천시,2020,19457.0,19117.0,340.0
51110,춘천시,2021,20029.0,18902.0,1127.0
51110,춘천시,2022,18849.0,17572.0,1277.0
51110,춘천시,2023,16224.0,15844.0,380.0
51110,춘천시,2024,17861.0,17687.0,174.0
51110,춘천시,2025,17891.0,18433.0,-542.0
51130,원주시,2016,22522.0,21194.0,1328.0
51130,원주시,2017,20505.0,19525.0,980.0
51130,원주시,2018,21827.0,21343.0,484.0
51130,원주시,2019,24562.0,23106.0,1456.0
51130,원주시,2020,24543.0,23038.0,1505.0
51130,원주시,2021,23047.0,21966.0,1081.0
51130,원주시,2022,21562.0,20302.0,1260.0
51130,원주시,2023,20483.0,20217.0,266.0
51130,원주시,2024,20599.0,20433.0,166.0
51130,원주시,2025,21268.0,20911.0,357.0
51150,강릉시,2016,10979.0,12051.0,-1072.0
51150,강릉시,2017,10790.0,11353.0,-563.0
51150,강릉시,2018,11540.0,12570.0,-1030.0
51150,강릉시,2019,11768.0,12000.0,-232.0
51150,강릉시,2020,11641.0,12427.0,-786.0
51150,강릉시,2021,11939.0,12436.0,-497.0
51150,강릉시,2022,9928.0,10582.0,-654.0
51150,강릉시,2023,9464.0,10372.0,-908.0
51150,강릉시,2024,10626.0,11520.0,-894.0
51150,강릉시,2025,10648.0,11303.0,-655.0
51170,동해시,2016,4146.0,4585.0,-439.0
51170,동해시,2017,4362.0,4591.0,-229.0
51170,동해시,2018,3911.0,4869.0,-958.0
51170,동해시,2019,3907.0,4449.0,-542.0
51170,동해시,2020,4799.0,4932.0,-133.0
51170,동해시,2021,4282.0,4580.0,-298.0
51170,동해시,2022,3643.0,3928.0,-285.0
51170,동해시,2023,3263.0,3608.0,-345.0
51170,동해시,2024,3919.0,4268.0,-349.0
51170,동해시,2025,3410.0,3767.0,-357.0
51190,태백시,2016,2128.0,2471.0,-343.0
51190,태백시,2017,1701.0,2257.0,-556.0
51190,태백시,2018,1644.0,2193.0,-549.0
51190,태백시,2019,1495.0,1980.0,-485.0
51190,태백시,2020,1385.0,1956.0,-571.0
51190,태백시,2021,1203.0,1781.0,-578.0
51190,태백시,2022,1170.0,1554.0,-384.0
51190,태백시,2023,1487.0,1650.0,-163.0
51190,태백시,2024,1241.0,1548.0,-307.0
51190,태백시,2025,1108.0,1314.0,-206.0
51210,속초시,2016,4883.0,5028.0,-145.0
51210,속초시,2017,5229.0,5113.0,116.0
51210,속초시,2018,4477.0,4891.0,-414.0
51210,속초시,2019,4599.0,4590.0,9.0
51210,속초시,2020,5191.0,5058.0,133.0
51210,속초시,2021,4844.0,4683.0,161.0
51210,속초시,2022,4283.0,4192.0,91.0
51210,속초시,2023,4182.0,4458.0,-276.0
51210,속초시,2024,3748.0,4232.0,-484.0
51210,속초시,2025,3450.0,3908.0,-458.0
51230,삼척시,2016,3280.0,4445.0,-1165.0
51230,삼척시,2017,2919.0,3908.0,-989.0
51230,삼척시,2018,4130.0,4709.0,-579.0
51230,삼척시,2019,2751.0,3780.0,-1029.0
51230,삼척시,2020,2620.0,4020.0,-1400.0
51230,삼척시,2021,2431.0,3498.0,-1067.0
51230,삼척시,2022,2886.0,3126.0,-240.0
51230,삼척시,2023,2182.0,2760.0,-578.0
51230,삼척시,2024,2851.0,3374.0,-523.0
51230,삼척시,2025,2210.0,3007.0,-797.0
51720,홍천군,2016,2427.0,2861.0,-434.0
51720,홍천군,2017,2504.0,2713.0,-209.0
51720,홍천군,2018,2320.0,2740.0,-420.0
51720,홍천군,2019,2252.0,2818.0,-566.0
51720,홍천군,2020,2910.0,2754.0,156.0
51720,홍천군,2021,2351.0,2979.0,-628.0
51720,홍천군,2022,2440.0,2717.0,-277.0
51720,홍천군,2023,1975.0,2275.0,-300.0
51720,홍천군,2024,2108.0,2453.0,-345.0
51720,홍천군,2025,1906.0,2264.0,-358.0
51730,횡성군,2016,1321.0,1582.0,-261.0
51730,횡성군,2017,1314.0,1607.0,-293.0
51730,횡성군,2018,1457.0,1557.0,-100.0
51730,횡성군,2019,1213.0,1665.0,-452.0
51730,횡성군,2020,1221.0,1615.0,-394.0
51730,횡성군,2021,1235.0,1574.0,-339.0
51730,횡성군,2022,1031.0,1256.0,-225.0
51730,횡성군,2023,927.0,1216.0,-289.0
51730,횡성군,2024,914.0,1156.0,-242.0
51730,횡성군,2025,911.0,1201.0,-290.0
51750,영월군,2016,1381.0,1686.0,-305.0
51750,영월군,2017,1325.0,1572.0,-247.0
51750,영월군,2018,1320.0,1685.0,-365.0
51750,영월군,2019,1060.0,1573.0,-513.0
51750,영월군,2020,1094.0,1568.0,-474.0
51750,영월군,2021,1101.0,1525.0,-424.0
51750,영월군,2022,888.0,1135.0,-247.0
51750,영월군,2023,848.0,1104.0,-256.0
51750,영월군,2024,836.0,1156.0,-320.0
51750,영월군,2025,904.0,1125.0,-221.0
51760,평창군,2016,1324.0,1524.0,-200.0
51760,평창군,2017,1202.0,1469.0,-267.0
51760,평창군,2018,1213.0,1577.0,-364.0
51760,평창군,2019,1084.0,1462.0,-378.0
51760,평창군,2020,1222.0,1574.0,-352.0
51760,평창군,2021,1171.0,1513.0,-342.0
51760,평창군,2022,1095.0,1243.0,-148.0
51760,평창군,2023,1061.0,1147.0,-86.0
51760,평창군,2024,961.0,1134.0,-173.0
51760,평창군,2025,935.0,1281.0,-346.0
51770,정선군,2016,1172.0,1523.0,-351.0
51770,정선군,2017,1051.0,1373.0,-322.0
51770,정선군,2018,1160.0,1449.0,-289.0
51770,정선군,2019,1165.0,1435.0,-270.0
51770,정선군,2020,971.0,1327.0,-356.0
51770,정선군,2021,853.0,1274.0,-421.0
51770,정선군,2022,845.0,1128.0,-283.0
51770,정선군,2023,790.0,1053.0,-263.0
51770,정선군,2024,745.0,971.0,-226.0
51770,정선군,2025,1244.0,893.0,351.0
51780,철원군,2016,2445.0,2961.0,-516.0
51780,철원군,2017,2487.0,2916.0,-429.0
51780,철원군,2018,2451.0,2888.0,-437.0
51780,철원군,2019,2313.0,2937.0,-624.0
51780,철원군,2020,2082.0,2577.0,-495.0
51780,철원군,2021,1971.0,2626.0,-655.0
51780,철원군,2022,1736.0,2180.0,-444.0
51780,철원군,2023,1763.0,2060.0,-297.0
51780,철원군,2024,1795.0,2260.0,-465.0
51780,철원군,2025,1994.0,2033.0,-39.0
51790,화천군,2016,1902.0,2529.0,-627.0
51790,화천군,2017,2070.0,2359.0,-289.0
51790,화천군,2018,1500.0,2217.0,-717.0
51790,화천군,2019,1885.0,2075.0,-190.0
51790,화천군,2020,1766.0,1855.0,-89.0
51790,화천군,2021,1582.0,1969.0,-387.0
51790,화천군,2022,1245.0,1769.0,-524.0
51790,화천군,2023,1543.0,1757.0,-214.0
51790,화천군,2024,1481.0,1612.0,-131.0
51790,화천군,2025,1529.0,1694.0,-165.0
51800,양구군,2016,1616.0,1665.0,-49.0
51800,양구군,2017,1529.0,1736.0,-207.0
51800,양구군,2018,1361.0,1634.0,-273.0
51800,양구군,2019,1252.0,1654.0,-402.0
51800,양구군,2020,1421.0,1668.0,-247.0
51800,양구군,2021,1176.0,1489.0,-313.0
51800,양구군,2022,907.0,1110.0,-203.0
51800,양구군,2023,898.0,1101.0,-203.0
51800,양구군,2024,950.0,1186.0,-236.0
51800,양구군,2025,1070.0,1137.0,-67.0
51810,인제군,2016,1880.0,2228.0,-348.0
51810,인제군,2017,2160.0,2250.0,-90.0
51810,인제군,2018,1983.0,2260.0,-277.0
51810,인제군,2019,2022.0,2207.0,-185.0
51810,인제군,2020,2322.0,2337.0,-15.0
51810,인제군,2021,2976.0,2591.0,385.0
51810,인제군,2022,2005.0,1959.0,46.0
51810,인제군,2023,2005.0,2060.0,-55.0
51810,인제군,2024,1958.0,2156.0,-198.0
51810,인제군,2025,1869.0,2148.0,-279.0
51820,고성군,2016,1926.0,2228.0,-302.0
51820,고성군,2017,2142.0,2338.0,-196.0
51820,고성군,2018,1284.0,2251.0,-967.0
51820,고성군,2019,1119.0,1717.0,-598.0
51820,고성군,2020,1149.0,1493.0,-344.0
51820,고성군,2021,1618.0,1589.0,29.0
51820,고성군,2022,1142.0,1182.0,-40.0
51820,고성군,2023,1215.0,1155.0,60.0
51820,고성군,2024,1057.0,1173.0,-116.0
51820,고성군,2025,1071.0,1140.0,-69.0
51830,양양군,2016,1067.0,1231.0,-164.0
51830,양양군,2017,1147.0,1277.0,-130.0
51830,양양군,2018,1135.0,1208.0,-73.0
51830,양양군,2019,1211.0,1177.0,34.0
51830,양양군,2020,1220.0,1217.0,3.0
51830,양양군,2021,1219.0,1346.0,-127.0
51830,양양군,2022,1024.0,1091.0,-67.0
51830,양양군,2023,937.0,998.0,-61.0
51830,양양군,2024,790.0,935.0,-145.0
51830,양양군,2025,867.0,903.0,-36.0
52110,전주시,2016,37888.0,39995.0,-2107.0
52110,전주시,2017,34599.0,37092.0,-2493.0
52110,전주시,2018,41030.0,41712.0,-682.0
52110,전주시,2019,41008.0,41114.0,-106.0
52110,전주시,2020,44887.0,44389.0,498.0
52110,전주시,2021,42471.0,42137.0,334.0
52110,전주시,2022,36508.0,39373.0,-2865.0
52110,전주시,2023,32698.0,36801.0,-4103.0
52110,전주시,2024,34695.0,38400.0,-3705.0
52110,전주시,2025,32612.0,37063.0,-4451.0
52130,군산시,2016,14669.0,15652.0,-983.0
52130,군산시,2017,12242.0,14230.0,-1988.0
52130,군산시,2018,14031.0,15634.0,-1603.0
52130,군산시,2019,12320.0,13801.0,-1481.0
52130,군산시,2020,14821.0,16123.0,-1302.0
52130,군산시,2021,13147.0,14268.0,-1121.0
52130,군산시,2022,11171.0,12496.0,-1325.0
52130,군산시,2023,10967.0,12102.0,-1135.0
52130,군산시,2024,12431.0,13143.0,-712.0
52130,군산시,2025,11420.0,12128.0,-708.0
52140,익산시,2016,14131.0,15931.0,-1800.0
52140,익산시,2017,15897.0,16518.0,-621.0
52140,익산시,2018,13109.0,16843.0,-3734.0
52140,익산시,2019,12755.0,16438.0,-3683.0
52140,익산시,2020,13463.0,16983.0,-3520.0
52140,익산시,2021,13992.0,16173.0,-2181.0
52140,익산시,2022,12016.0,14083.0,-2067.0
52140,익산시,2023,11032.0,12872.0,-1840.0
52140,익산시,2024,14331.0,15666.0,-1335.0
52140,익산시,2025,14319.0,14931.0,-612.0
52180,정읍시,2016,4158.0,4696.0,-538.0
52180,정읍시,2017,4405.0,5216.0,-811.0
52180,정읍시,2018,3786.0,4738.0,-952.0
52180,정읍시,2019,3707.0,4751.0,-1044.0
52180,정읍시,2020,4163.0,5176.0,-1013.0
52180,정읍시,2021,3454.0,4317.0,-863.0
52180,정읍시,2022,3470.0,4084.0,-614.0
52180,정읍시,2023,3402.0,4092.0,-690.0
52180,정읍시,2024,3114.0,3730.0,-616.0
52180,정읍시,2025,3526.0,3815.0,-289.0
52190,남원시,2016,3143.0,3659.0,-516.0
52190,남원시,2017,2868.0,3389.0,-521.0
52190,남원시,2018,2976.0,3536.0,-560.0
52190,남원시,2019,2795.0,3548.0,-753.0
52190,남원시,2020,3485.0,4058.0,-573.0
52190,남원시,2021,2630.0,3347.0,-717.0
52190,남원시,2022,2393.0,3127.0,-734.0
52190,남원시,2023,2422.0,3005.0,-583.0
52190,남원시,2024,2505.0,2946.0,-441.0
52190,남원시,2025,2228.0,2711.0,-483.0
52210,김제시,2016,3339.0,3898.0,-559.0
52210,김제시,2017,3019.0,3471.0,-452.0
52210,김제시,2018,2900.0,3539.0,-639.0
52210,김제시,2019,2676.0,3360.0,-684.0
52210,김제시,2020,2795.0,3500.0,-705.0
52210,김제시,2021,3021.0,3533.0,-512.0
52210,김제시,2022,2988.0,2679.0,309.0
52210,김제시,2023,2816.0,2696.0,120.0
52210,김제시,2024,2854.0,3142.0,-288.0
52210,김제시,2025,3265.0,2810.0,455.0
52710,완주군,2016,4342.0,4599.0,-257.0
52710,완주군,2017,3935.0,4161.0,-226.0
52710,완주군,2018,3736.0,4685.0,-949.0
52710,완주군,2019,3410.0,4589.0,-1179.0
52710,완주군,2020,4112.0,4624.0,-512.0
52710,완주군,2021,3710.0,4046.0,-336.0
52710,완주군,2022,4643.0,3916.0,727.0
52710,완주군,2023,6124.0,3994.0,2130.0
52710,완주군,2024,4709.0,4003.0,706.0
52710,완주군,2025,4555.0,4171.0,384.0
52720,진안군,2016,778.0,894.0,-116.0
52720,진안군,2017,788.0,842.0,-54.0
52720,진안군,2018,782.0,960.0,-178.0
52720,진안군,2019,752.0,889.0,-137.0
52720,진안군,2020,710.0,963.0,-253.0
52720,진안군,2021,621.0,889.0,-268.0
52720,진안군,2022,490.0,700.0,-210.0
52720,진안군,2023,499.0,586.0,-87.0
52720,진안군,2024,482.0,593.0,-111.0
52720,진안군,2025,586.0,595.0,-9.0
52730,무주군,2016,643.0,846.0,-203.0
52730,무주군,2017,654.0,770.0,-116.0
52730,무주군,2018,713.0,848.0,-135.0
52730,무주군,2019,676.0,824.0,-148.0
52730,무주군,2020,681.0,900.0,-219.0
52730,무주군,2021,661.0,839.0,-178.0
52730,무주군,2022,478.0,669.0,-191.0
52730,무주군,2023,523.0,601.0,-78.0
52730,무주군,2024,529.0,591.0,-62.0
52730,무주군,2025,527.0,603.0,-76.0
52740,장수군,2016,836.0,779.0,57.0
52740,장수군,2017,554.0,884.0,-330.0
52740,장수군,2018,934.0,885.0,49.0
52740,장수군,2019,664.0,1037.0,-373.0
52740,장수군,2020,559.0,817.0,-258.0
52740,장수군,2021,481.0,742.0,-261.0
52740,장수군,2022,470.0,628.0,-158.0
52740,장수군,2023,383.0,557.0,-174.0
52740,장수군,2024,402.0,527.0,-125.0
52740,장수군,2025,632.0,534.0,98.0
52750,임실군,2016,1402.0,1466.0,-64.0
52750,임실군,2017,1330.0,1497.0,-167.0
52750,임실군,2018,1435.0,1525.0,-90.0
52750,임실군,2019,1241.0,1742.0,-501.0
52750,임실군,2020,816.0,1563.0,-747.0
52750,임실군,2021,738.0,1050.0,-312.0
52750,임실군,2022,815.0,919.0,-104.0
52750,임실군,2023,687.0,835.0,-148.0
52750,임실군,2024,702.0,826.0,-124.0
52750,임실군,2025,664.0,783.0,-119.0
52770,순창군,2016,1255.0,1541.0,-286.0
52770,순창군,2017,1086.0,1264.0,-178.0
52770,순창군,2018,1025.0,1267.0,-242.0
52770,순창군,2019,790.0,1151.0,-361.0
52770,순창군,2020,823.0,1181.0,-358.0
52770,순창군,2021,646.0,1039.0,-393.0
52770,순창군,2022,738.0,837.0,-99.0
52770,순창군,2023,758.0,716.0,42.0
52770,순창군,2024,700.0,767.0,-67.0
52770,순창군,2025,850.0,715.0,135.0
52790,고창군,2016,2921.0,2897.0,24.0
52790,고창군,2017,2705.0,2929.0,-224.0
52790,고창군,2018,1547.0,3086.0,-1539.0
52790,고창군,2019,1336.0,2111.0,-775.0
52790,고창군,2020,1404.0,2035.0,-631.0
52790,고창군,2021,1300.0,1826.0,-526.0
52790,고창군,2022,1192.0,1627.0,-435.0
52790,고창군,2023,1158.0,1407.0,-249.0
52790,고창군,2024,1113.0,1418.0,-305.0
52790,고창군,2025,1234.0,1365.0,-131.0
52800,부안군,2016,2379.0,2447.0,-68.0
52800,부안군,2017,1932.0,2406.0,-474.0
52800,부안군,2018,1555.0,2308.0,-753.0
52800,부안군,2019,1451.0,2045.0,-594.0
52800,부안군,2020,1537.0,2112.0,-575.0
52800,부안군,2021,1336.0,1921.0,-585.0
52800,부안군,2022,1311.0,1672.0,-361.0
52800,부안군,2023,1160.0,1480.0,-320.0
52800,부안군,2024,1051.0,1436.0,-385.0
52800,부안군,2025,1080.0,1348.0,-268.0
