지역코드,지역명,청년전입_누적_2016_2025,청년전출_누적_2016_2025,청년순이동_누적_2016_2025,청년인구_2016,청년순이동률_2016_2025
11110,종로구,101693.0,103415.0,-1722.0,44333.0,-3.88
11140,중구,99306.0,92705.0,6601.0,38184.0,17.29
11170,용산구,167460.0,159095.0,8365.0,69448.0,12.04
11200,성동구,216927.0,207959.0,8968.0,95682.0,9.37
11215,광진구,279663.0,275160.0,4503.0,121258.0,3.71
11230,동대문구,257642.0,247683.0,9959.0,109441.0,9.1
11260,중랑구,233611.0,234595.0,-984.0,123469.0,-0.8
11290,성북구,266395.0,270661.0,-4266.0,131558.0,-3.24
11305,강북구,158817.0,172766.0,-13949.0,90832.0,-15.36
11320,도봉구,142868.0,160608.0,-17740.0,96133.0,-18.45
11350,노원구,244506.0,278628.0,-34122.0,156929.0,-21.74
11380,은평구,280911.0,280298.0,613.0,141195.0,0.43
11410,서대문구,222072.0,215785.0,6287.0,95337.0,6.59
11440,마포구,315502.0,302472.0,13030.0,127897.0,10.19
11470,양천구,201564.0,226098.0,-24534.0,131503.0,-18.66
11500,강서구,432306.0,415900.0,16406.0,192884.0,8.51
11530,구로구,245545.0,244790.0,755.0,128841.0,0.59
11545,금천구,177202.0,166711.0,10491.0,71323.0,14.71
11560,영등포구,333783.0,302079.0,31704.0,120136.0,26.39
11590,동작구,324852.0,318570.0,6282.0,133589.0,4.7
11620,관악구,595319.0,569764.0,25555.0,192261.0,13.29
11650,서초구,270201.0,275987.0,-5786.0,134071.0,-4.32
11680,강남구,389304.0,403195.0,-13891.0,177897.0,-7.81
11710,송파구,463102.0,446322.0,16780.0,206243.0,8.14
11740,강동구,311410.0,288560.0,22850.0,133231.0,17.15
26110,중구,27360.0,28997.0,-1637.0,11234.0,-14.57
26140,서구,53922.0,58900.0,-4978.0,27370.0,-18.19
26170,동구,50738.0,50608.0,130.0,21217.0,0.61
26200,영도구,38983.0,48670.0,-9687.0,28800.0,-33.64
26230,부산진구,263160.0,256918.0,6242.0,107863.0,5.79
26260,동래구,138845.0,141987.0,-3142.0,71076.0,-4.42
26290,남구,147564.0,158898.0,-11334.0,72464.0,-15.64
26320,북구,119236.0,142543.0,-23307.0,85531.0,-27.25
26350,해운대구,186472.0,207116.0,-20644.0,108220.0,-19.08
26380,사하구,138008.0,161553.0,-23545.0,90495.0,-26.02
26410,금정구,122651.0,141077.0,-18426.0,65802.0,-28.0
26440,강서구,96240.0,70453.0,25787.0,34216.0,75.37
26470,연제구,123557.0,120294.0,3263.0,55185.0,5.91
26500,수영구,129549.0,128938.0,611.0,50404.0,1.21
26530,사상구,94484.0,112618.0,-18134.0,65246.0,-27.79
26710,기장군,79015.0,70859.0,8156.0,43592.0,18.71
27110,중구,83122.0,69734.0,13388.0,22710.0,58.95
27140,동구,189321.0,188781.0,540.0,93937.0,0.57
27170,서구,75672.0,92454.0,-16782.0,51430.0,-32.63
27200,남구,94341.0,101456.0,-7115.0,41610.0,-17.1
27230,북구,232272.0,248554.0,-16282.0,118892.0,-13.69
27260,수성구,195826.0,220877.0,-25051.0,108158.0,-23.16
27290,달서구,269735.0,313985.0,-44250.0,164114.0,-26.96
27710,달성군,144370.0,121556.0,22814.0,62844.0,36.3
27720,군위군,5961.0,7334.0,-1373.0,3578.0,-38.37
28110,중구,123911.0,92784.0,31127.0,31402.0,99.12
28140,동구,24106.0,28357.0,-4251.0,17957.0,-23.67
28177,미추홀구,271481.0,262336.0,9145.0,122018.0,7.49
28185,연수구,247419.0,220030.0,27389.0,95309.0,28.74
28200,남동구,277824.0,297364.0,-19540.0,157718.0,-12.39
28237,부평구,279962.0,300940.0,-20978.0,165780.0,-12.65
28245,계양구,135254.0,161972.0,-26718.0,98958.0,-27.0
28260,서구,368741.0,310850.0,57891.0,150553.0,38.45
28710,강화군,20138.0,21872.0,-1734.0,11724.0,-14.79
28720,옹진군,14498.0,15608.0,-1110.0,5346.0,-20.76
29110,동구,77577.0,73629.0,3948.0,25478.0,15.5
29140,서구,184378.0,198601.0,-14223.0,87911.0,-16.18
29155,남구,112355.0,122785.0,-10430.0,58607.0,-17.8
29170,북구,253549.0,272972.0,-19423.0,126306.0,-15.38
29200,광산구,229516.0,235822.0,-6306.0,116495.0,-5.41
30110,동구,135177.0,145256.0,-10079.0,63636.0,-15.84
30140,중구,126039.0,137582.0,-11543.0,66013.0,-17.49
30170,서구,350266.0,356924.0,-6658.0,146089.0,-4.56
30200,유성구,302552.0,279565.0,22987.0,107801.0,21.32
30230,대덕구,86906.0,102102.0,-15196.0,52136.0,-29.15
31110,중구,97501.0,115444.0,-17943.0,67807.0,-26.46
31140,남구,187990.0,203673.0,-15683.0,98473.0,-15.93
31170,동구,78667.0,92393.0,-13726.0,55245.0,-24.85
31200,북구,116624.0,108904.0,7720.0,58534.0,13.19
31710,울주군,91817.0,98280.0,-6463.0,55789.0,-11.58
36110,세종특별자치시,297222.0,229626.0,67596.0,72474.0,93.27
41110,수원시,825328.0,806523.0,18805.0,380940.0,4.94
41130,성남시,591887.0,600877.0,-8990.0,292035.0,-3.08
41150,의정부시,252514.0,241631.0,10883.0,119573.0,9.1
41170,안양시,327905.0,336917.0,-9012.0,176587.0,-5.1
41190,부천시,395271.0,432551.0,-37280.0,258286.0,-14.43
41210,광명시,160680.0,173379.0,-12699.0,97316.0,-13.05
41220,평택시,425689.0,353064.0,72625.0,134045.0,54.18
41250,동두천시,41607.0,46921.0,-5314.0,24201.0,-21.96
41270,안산시,363072.0,404024.0,-40952.0,207212.0,-19.76
41280,고양시,584058.0,570283.0,13775.0,288743.0,4.77
41290,과천시,47257.0,43185.0,4072.0,16897.0,24.1
41310,구리시,100620.0,98889.0,1731.0,54673.0,3.17
41360,남양주시,303188.0,280680.0,22508.0,174251.0,12.92
41370,오산시,159268.0,138798.0,20470.0,67261.0,30.43
41390,시흥시,301988.0,258348.0,43640.0,116371.0,37.5
41410,군포시,135872.0,149612.0,-13740.0,84232.0,-16.31
41430,의왕시,84106.0,82347.0,1759.0,44876.0,3.92
41450,하남시,225118.0,160572.0,64546.0,61832.0,104.39
41460,용인시,602846.0,553929.0,48917.0,270176.0,18.11
41480,파주시,276927.0,240048.0,36879.0,120511.0,30.6
41500,이천시,137162.0,128456.0,8706.0,58577.0,14.86
41550,안성시,106449.0,101770.0,4679.0,47656.0,9.82
41570,김포시,276742.0,220257.0,56485.0,99581.0,56.72
41590,화성시,648234.0,468959.0,179275.0,193529.0,92.63
41610,광주시,197656.0,169473.0,28183.0,94763.0,29.74
41630,양주시,138062.0,107864.0,30198.0,50529.0,59.76
41650,포천시,63291.0,71459.0,-8168.0,36354.0,-22.47
41670,여주시,47736.0,49940.0,-2204.0,25849.0,-8.53
41800,연천군,21926.0,23814.0,-1888.0,10946.0,-17.25
41820,가평군,23470.0,24577.0,-1107.0,12795.0,-8.65
41830,양평군,46290.0,45630.0,660.0,22599.0,2.92
43110,청주시,536978.0,526184.0,10794.0,244037.0,4.42
43130,충주시,113219.0,115957.0,-2738.0,49357.0,-5.55
43150,제천시,62739.0,70558.0,-7819.0,30842.0,-25.35
43720,보은군,8101.0,10285.0,-2184.0,5595.0,-39.03
43730,옥천군,12635.0,15518.0,-2883.0,9818.0,-29.36
43740,영동군,14771.0,20105.0,-5334.0,9586.0,-55.64
43745,증평군,17478.0,17769.0,-291.0,10085.0,-2.89
43750,진천군,45699.0,39346.0,6353.0,17013.0,37.34
43760,괴산군,14527.0,16476.0,-1949.0,6332.0,-30.78
43770,음성군,44860.0,47078.0,-2218.0,22863.0,-9.7
43800,단양군,7195.0,9312.0,-2117.0,5196.0,-40.74
44130,천안시,478620.0,454847.0,23773.0,194734.0,12.21
44150,공주시,47498.0,55025.0,-7527.0,24195.0,-31.11
44180,보령시,40532.0,46661.0,-6129.0,21904.0,-27.98
44200,아산시,213722.0,188619.0,25103.0,89939.0,27.91
44210,서산시,92212.0,93250.0,-1038.0,42896.0,-2.42
44230,논산시,44886.0,52981.0,-8095.0,26011.0,-31.12
44250,계룡시,29575.0,29567.0,8.0,10317.0,0.08
44270,당진시,88501.0,87171.0,1330.0,44326.0,3.0
44710,금산군,13200.0,17151.0,-3951.0,9902.0,-39.9
44760,부여군,16339.0,22428.0,-6089.0,12170.0,-50.03
44770,서천군,12278.0,16308.0,-4030.0,9361.0,-43.05
44790,청양군,10063.0,12782.0,-2719.0,5617.0,-48.41
44800,홍성군,43928.0,43182.0,746.0,22119.0,3.37
44810,예산군,25543.0,29039.0,-3496.0,15115.0,-23.13
44825,태안군,19025.0,22624.0,-3599.0,12227.0,-29.43
46110,목포시,114316.0,131540.0,-17224.0,61828.0,-27.86
46130,여수시,128203.0,143643.0,-15440.0,71444.0,-21.61
46150,순천시,147740.0,154408.0,-6668.0,71228.0,-9.36
46170,나주시,68650.0,60893.0,7757.0,24969.0,31.07
46230,광양시,76146.0,79204.0,-3058.0,41977.0,-7.28
46710,담양군,16474.0,19086.0,-2612.0,9210.0,-28.36
46720,곡성군,8343.0,10762.0,-2419.0,5081.0,-47.61
46730,구례군,7805.0,9875.0,-2070.0,4702.0,-44.02
46770,고흥군,14136.0,18215.0,-4079.0,9582.0,-42.57
46780,보성군,9348.0,12943.0,-3595.0,7190.0,-50.0
46790,화순군,18560.0,22339.0,-3779.0,13044.0,-28.97
46800,장흥군,10591.0,14611.0,-4020.0,6994.0,-57.48
46810,강진군,9588.0,12539.0,-2951.0,6630.0,-44.51
46820,해남군,17122.0,22843.0,-5721.0,13346.0,-42.87
46830,영암군,19554.0,23690.0,-4136.0,11928.0,-34.67
46840,무안군,49491.0,43849.0,5642.0,18552.0,30.41
46860,함평군,8685.0,11097.0,-2412.0,5700.0,-42.32
46870,영광군,18218.0,19521.0,-1303.0,11079.0,-11.76
46880,장성군,20991.0,22848.0,-1857.0,9060.0,-20.5
46890,완도군,12133.0,15376.0,-3243.0,9485.0,-34.19
46900,진도군,8651.0,10393.0,-1742.0,5438.0,-32.03
46910,신안군,12076.0,13949.0,-1873.0,7448.0,-25.15
47110,포항시,231872.0,249532.0,-17660.0,130876.0,-13.49
47130,경주시,105937.0,118144.0,-12207.0,58774.0,-20.77
47150,김천시,63367.0,69216.0,-5849.0,33261.0,-17.59
47170,안동시,74218.0,81622.0,-7404.0,37608.0,-19.69
47190,구미시,257770.0,271828.0,-14058.0,134262.0,-10.47
47210,영주시,38895.0,45611.0,-6716.0,21466.0,-31.29
47230,영천시,43167.0,47741.0,-4574.0,20301.0,-22.53
47250,상주시,32775.0,39442.0,-6667.0,18194.0,-36.64
47280,문경시,24908.0,30785.0,-5877.0,14007.0,-41.96
47290,경산시,163502.0,165328.0,-1826.0,71899.0,-2.54
47730,의성군,12325.0,14996.0,-2671.0,7716.0,-34.62
47750,청송군,6722.0,8077.0,-1355.0,4164.0,-32.54
47760,영양군,3748.0,4557.0,-809.0,2654.0,-30.48
47770,영덕군,9093.0,11414.0,-2321.0,6114.0,-37.96
47820,청도군,10863.0,13502.0,-2639.0,6860.0,-38.47
47830,고령군,8598.0,11085.0,-2487.0,6241.0,-39.85
47840,성주군,12955.0,15964.0,-3009.0,8345.0,-36.06
47850,칠곡군,45993.0,58229.0,-12236.0,36450.0,-33.57
47900,예천군,22717.0,19741.0,2976.0,7700.0,38.65
47920,봉화군,6672.0,9068.0,-2396.0,5122.0,-46.78
47930,울진군,18012.0,20092.0,-2080.0,10189.0,-20.41
47940,울릉군,5212.0,5602.0,-390.0,2115.0,-18.44
48120,창원시,504595.0,550965.0,-46370.0,296291.0,-15.65
48170,진주시,186575.0,192581.0,-6006.0,89705.0,-6.7
48220,통영시,46835.0,57968.0,-11133.0,33197.0,-33.54
48240,사천시,51395.0,55079.0,-3684.0,26503.0,-13.9
48250,김해시,246963.0,255526.0,-8563.0,143089.0,-5.98
48270,밀양시,36668.0,42553.0,-5885.0,21371.0,-27.54
48310,거제시,120617.0,140087.0,-19470.0,77489.0,-25.13
48330,양산시,179030.0,163680.0,15350.0,87851.0,17.47
48720,의령군,6900.0,8719.0,-1819.0,4507.0,-40.36
48730,함안군,18104.0,24115.0,-6011.0,14482.0,-41.51
48740,창녕군,19222.0,23830.0,-4608.0,12172.0,-37.86
48820,고성군,12256.0,16997.0,-4741.0,10345.0,-45.83
48840,남해군,10607.0,13721.0,-3114.0,6647.0,-46.85
48850,하동군,12218.0,17179.0,-4961.0,8574.0,-57.86
48860,산청군,8799.0,11151.0,-2352.0,5561.0,-42.29
48870,함양군,9812.0,12533.0,-2721.0,6520.0,-41.73
48880,거창군,16348.0,20368.0,-4020.0,12133.0,-33.13
48890,합천군,9757.0,13537.0,-3780.0,7178.0,-52.66
50110,제주시,268537.0,262391.0,6146.0,124184.0,4.95
50130,서귀포시,92241.0,91148.0,1093.0,39298.0,2.78
51110,춘천시,181066.0,177928.0,3138.0,72595.0,4.32
51130,원주시,220918.0,212035.0,8883.0,88919.0,9.99
51150,강릉시,109323.0,116614.0,-7291.0,49384.0,-14.76
51170,동해시,39642.0,43577.0,-3935.0,21264.0,-18.51
51190,태백시,14562.0,18704.0,-4142.0,9976.0,-41.52
51210,속초시,44886.0,46153.0,-1267.0,18708.0,-6.77
51230,삼척시,28260.0,36627.0,-8367.0,15823.0,-52.88
51720,홍천군,23193.0,26574.0,-3381.0,14158.0,-23.88
51730,횡성군,11544.0,14429.0,-2885.0,8301.0,-34.75
51750,영월군,10757.0,14129.0,-3372.0,7159.0,-47.1
51760,평창군,11268.0,13924.0,-2656.0,7962.0,-33.36
51770,정선군,9996.0,12426.0,-2430.0,7435.0,-32.68
51780,철원군,21037.0,25438.0,-4401.0,12632.0,-34.84
51790,화천군,16503.0,19836.0,-3333.0,8040.0,-41.46
51800,양구군,12180.0,14380.0,-2200.0,6849.0,-32.12
51810,인제군,21180.0,22196.0,-1016.0,8961.0,-11.34
51820,고성군,13723.0,16266.0,-2543.0,7023.0,-36.21
51830,양양군,10617.0,11383.0,-766.0,5087.0,-15.06
52110,전주시,378396.0,398076.0,-19680.0,177648.0,-11.08
52130,군산시,127219.0,139577.0,-12358.0,69517.0,-17.78
52140,익산시,135045.0,156438.0,-21393.0,74968.0,-28.54
52180,정읍시,37185.0,44615.0,-7430.0,22997.0,-32.31
52190,남원시,27445.0,33326.0,-5881.0,16010.0,-36.73
52210,김제시,29673.0,32628.0,-2955.0,16491.0,-17.92
52710,완주군,43276.0,42788.0,488.0,22480.0,2.17
52720,진안군,6488.0,7911.0,-1423.0,4238.0,-33.58
52730,무주군,6085.0,7491.0,-1406.0,4217.0,-33.34
52740,장수군,5915.0,7390.0,-1475.0,4177.0,-35.31
52750,임실군,9830.0,12206.0,-2376.0,5558.0,-42.75
52770,순창군,8671.0,10478.0,-1807.0,5258.0,-34.37
52790,고창군,15910.0,20701.0,-4791.0,11017.0,-43.49
52800,부안군,14792.0,19175.0,-4383.0,10411.0,-42.1
