지역코드,지역명,총인구_2016,총인구_2025,청년인구_2025,고령인구_2025,고령화율_2025,청년비율_2025,인구증감률_2016_2025
11110,종로구,152737.0,137048.0,40075.0,30664.0,22.37,29.24,-10.27
11140,중구,125249.0,117805.0,36938.0,27157.0,23.05,31.36,-5.94
11170,용산구,230241.0,201894.0,63815.0,39913.0,19.77,31.61,-12.31
11200,성동구,299259.0,274606.0,86149.0,53232.0,19.38,31.37,-8.24
11215,광진구,357215.0,331167.0,111662.0,62317.0,18.82,33.72,-7.29
11230,동대문구,355069.0,346241.0,109006.0,72487.0,20.94,31.48,-2.49
11260,중랑구,411005.0,376916.0,103776.0,87928.0,23.33,27.53,-8.29
11290,성북구,450355.0,422559.0,119567.0,87297.0,20.66,28.3,-6.17
11305,강북구,327195.0,278928.0,68604.0,74210.0,26.61,24.6,-14.75
11320,도봉구,348220.0,299899.0,70598.0,78244.0,26.09,23.54,-13.88
11350,노원구,567581.0,483541.0,122213.0,104661.0,21.64,25.27,-14.81
11380,은평구,491476.0,455137.0,122579.0,102219.0,22.46,26.93,-7.39
11410,서대문구,314194.0,300147.0,89944.0,61941.0,20.64,29.97,-4.47
11440,마포구,379892.0,357616.0,119319.0,61725.0,17.26,33.37,-5.86
11470,양천구,477739.0,425088.0,98536.0,84351.0,19.84,23.18,-11.02
11500,강서구,595485.0,549711.0,167796.0,112966.0,20.55,30.52,-7.69
11530,구로구,417551.0,383829.0,107360.0,85949.0,22.39,27.97,-8.08
11545,금천구,235386.0,223290.0,71433.0,49561.0,22.2,31.99,-5.14
11560,영등포구,370613.0,371362.0,126913.0,71314.0,19.2,34.18,0.2
11590,동작구,400997.0,371924.0,121383.0,75541.0,20.31,32.64,-7.25
11620,관악구,506851.0,477605.0,195411.0,92078.0,19.28,40.91,-5.77
11650,서초구,447192.0,414428.0,105804.0,72156.0,17.41,25.53,-7.33
11680,강남구,567115.0,556330.0,143814.0,95349.0,17.14,25.85,-1.9
11710,송파구,657831.0,643350.0,182068.0,118935.0,18.49,28.3,-2.2
11740,강동구,444168.0,499127.0,133066.0,97907.0,19.62,26.66,12.37
26110,중구,45208.0,36518.0,8719.0,12471.0,34.15,23.88,-19.22
26140,서구,112973.0,101892.0,20811.0,31668.0,31.08,20.42,-9.81
26170,동구,89826.0,83851.0,18668.0,26104.0,31.13,22.26,-6.65
26200,영도구,126362.0,101580.0,17629.0,35615.0,35.06,17.35,-19.61
26230,부산진구,376526.0,365378.0,100924.0,87363.0,23.91,27.62,-2.96
26260,동래구,272745.0,273277.0,57957.0,64095.0,23.45,21.21,0.2
26290,남구,278779.0,250668.0,56998.0,63975.0,25.52,22.74,-10.08
26320,북구,310202.0,262862.0,56503.0,66932.0,25.46,21.5,-15.26
26350,해운대구,419853.0,372604.0,76867.0,87737.0,23.55,20.63,-11.25
26380,사하구,334603.0,286222.0,59815.0,76444.0,26.71,20.9,-14.46
26410,금정구,244624.0,206588.0,46434.0,58583.0,28.36,22.48,-15.55
26440,강서구,108909.0,150299.0,34420.0,22908.0,15.24,22.9,38.0
26470,연제구,207268.0,211727.0,49779.0,51244.0,24.2,23.51,2.15
26500,수영구,179324.0,169112.0,42549.0,45673.0,27.01,25.16,-5.69
26530,사상구,232800.0,194124.0,44052.0,51544.0,26.55,22.69,-16.61
26710,기장군,158527.0,174898.0,34869.0,36479.0,20.86,19.94,10.33
27110,중구,79712.0,101007.0,31714.0,18570.0,18.38,31.4,26.71
27140,동구,351352.0,339281.0,78115.0,84594.0,24.93,23.02,-3.44
27170,서구,199507.0,163956.0,34368.0,47318.0,28.86,20.96,-17.82
27200,남구,156433.0,135542.0,32451.0,38922.0,28.72,23.94,-13.35
27230,북구,440383.0,409854.0,99095.0,82817.0,20.21,24.18,-6.93
27260,수성구,447011.0,409222.0,85340.0,83221.0,20.34,20.85,-8.45
27290,달서구,591891.0,517059.0,119950.0,107067.0,20.71,23.2,-12.64
27710,달성군,218268.0,254659.0,55481.0,45904.0,18.03,21.79,16.67
27720,군위군,24171.0,22452.0,2036.0,10992.0,48.96,9.07,-7.11
28110,중구,115249.0,176467.0,51061.0,28899.0,16.38,28.94,53.12
28140,동구,71014.0,56477.0,11403.0,16293.0,28.85,20.19,-20.47
28177,미추홀구,417103.0,417578.0,107751.0,89661.0,21.47,25.8,0.11
28185,연수구,328627.0,409437.0,102433.0,57266.0,13.99,25.02,24.59
28200,남동구,530982.0,480147.0,114723.0,98130.0,20.44,23.89,-9.57
28237,부평구,549716.0,490442.0,128824.0,99616.0,20.31,26.27,-10.78
28245,계양구,330284.0,277721.0,68855.0,55951.0,20.15,24.79,-15.91
28260,서구,510733.0,654358.0,171813.0,93707.0,14.32,26.26,28.12
28710,강화군,68010.0,69698.0,9005.0,28402.0,40.75,12.92,2.48
28720,옹진군,21351.0,19636.0,3825.0,7087.0,36.09,19.48,-8.03
29110,동구,95791.0,104888.0,27631.0,25878.0,24.67,26.34,9.5
29140,서구,309579.0,275063.0,69427.0,53606.0,19.49,25.24,-11.15
29155,남구,219729.0,207596.0,44620.0,46872.0,22.58,21.49,-5.52
29170,북구,441066.0,416862.0,102509.0,84137.0,20.18,24.59,-5.49
29200,광산구,403049.0,387604.0,100025.0,50766.0,13.1,25.81,-3.83
30110,동구,234959.0,218664.0,53356.0,52714.0,24.11,24.4,-6.94
30140,중구,252490.0,225645.0,51469.0,55091.0,24.41,22.81,-10.63
30170,서구,491011.0,463351.0,128893.0,80949.0,17.47,27.82,-5.63
30200,유성구,343222.0,367534.0,110545.0,49193.0,13.38,30.08,7.08
30230,대덕구,192688.0,165535.0,38430.0,37459.0,22.63,23.22,-14.09
31110,중구,242536.0,204169.0,43690.0,44478.0,21.78,21.4,-15.82
31140,남구,340714.0,304128.0,76324.0,54612.0,17.96,25.1,-10.74
31170,동구,174514.0,149257.0,31459.0,29586.0,19.82,21.08,-14.47
31200,북구,195285.0,215220.0,50911.0,27983.0,13.0,23.66,10.21
31710,울주군,219255.0,219174.0,45287.0,46241.0,21.1,20.66,-0.04
36110,세종특별자치시,243048.0,391965.0,94271.0,48115.0,12.28,24.05,61.27
41110,수원시,1194041.0,1186515.0,349778.0,180792.0,15.24,29.48,-0.63
41130,성남시,974580.0,905794.0,239899.0,170787.0,18.85,26.48,-7.06
41150,의정부시,438457.0,461572.0,114489.0,92992.0,20.15,24.8,5.27
41170,안양시,597414.0,563279.0,150799.0,105050.0,18.65,26.77,-5.71
41190,부천시,851380.0,758796.0,189650.0,155075.0,20.44,24.99,-10.87
41210,광명시,339484.0,293947.0,74829.0,54496.0,18.54,25.46,-13.41
41220,평택시,470832.0,610402.0,171705.0,89235.0,14.62,28.13,29.64
41250,동두천시,98277.0,86438.0,16875.0,23606.0,27.31,19.52,-12.05
41270,안산시,689859.0,612508.0,165448.0,102510.0,16.74,27.01,-11.21
41280,고양시,1039684.0,1060081.0,264311.0,197285.0,18.61,24.93,1.96
41290,과천시,63778.0,79908.0,20275.0,12737.0,15.94,25.37,25.29
41310,구리시,193763.0,186090.0,46482.0,35576.0,19.12,24.98,-3.96
41360,남양주시,662154.0,729754.0,161215.0,137932.0,18.9,22.09,10.21
41370,오산시,208656.0,249410.0,68998.0,32351.0,12.97,27.66,19.53
41390,시흥시,402888.0,515032.0,131932.0,70964.0,13.78,25.62,27.84
41410,군포시,284890.0,251367.0,64178.0,49830.0,19.82,25.53,-11.77
41430,의왕시,156763.0,160370.0,41986.0,30859.0,19.24,26.18,2.3
41450,하남시,211101.0,327939.0,82232.0,54355.0,16.57,25.08,55.35
41460,용인시,991126.0,1091186.0,265260.0,186012.0,17.05,24.31,10.1
41480,파주시,430781.0,526005.0,128128.0,90515.0,17.21,24.36,22.1
41500,이천시,210359.0,222967.0,57788.0,41904.0,18.79,25.92,5.99
41550,안성시,182896.0,196592.0,45384.0,43559.0,22.16,23.09,7.49
41570,김포시,363443.0,484792.0,108908.0,81813.0,16.88,22.46,33.39
41590,화성시,640890.0,989969.0,273394.0,115180.0,11.63,27.62,54.47
41610,광주시,327723.0,397346.0,90111.0,74755.0,18.81,22.68,21.24
41630,양주시,205513.0,296224.0,71289.0,54887.0,18.53,24.07,44.14
41650,포천시,154763.0,140452.0,27876.0,39718.0,28.28,19.85,-9.25
41670,여주시,111563.0,114002.0,21289.0,32337.0,28.37,18.67,2.19
41800,연천군,45907.0,42340.0,8413.0,14293.0,33.76,19.87,-7.77
41820,가평군,62448.0,62125.0,10657.0,20986.0,33.78,17.15,-0.52
41830,양평군,111367.0,126933.0,19473.0,41803.0,32.93,15.34,13.98
43110,청주시,835197.0,856152.0,225349.0,151061.0,17.64,26.32,2.51
43130,충주시,208350.0,206540.0,42650.0,53128.0,25.72,20.65,-0.87
43150,제천시,136517.0,128003.0,24100.0,37074.0,28.96,18.83,-6.24
43720,보은군,34221.0,30529.0,3573.0,12944.0,42.4,11.7,-10.79
43730,옥천군,52267.0,49601.0,6938.0,18171.0,36.63,13.99,-5.1
43740,영동군,50552.0,43032.0,5544.0,17202.0,39.97,12.88,-14.88
43745,증평군,37308.0,36680.0,8137.0,8457.0,23.06,22.18,-1.68
43750,진천군,69950.0,86580.0,18414.0,17782.0,20.54,21.27,23.77
43760,괴산군,38973.0,38293.0,4548.0,15948.0,41.65,11.88,-1.74
43770,음성군,97787.0,94280.0,17748.0,25363.0,26.9,18.82,-3.59
43800,단양군,30503.0,26812.0,3152.0,10870.0,40.54,11.76,-12.1
44130,천안시,617955.0,664322.0,183726.0,100362.0,15.11,27.66,7.5
44150,공주시,109931.0,99979.0,18292.0,33038.0,33.04,18.3,-9.05
44180,보령시,103873.0,92117.0,14432.0,30604.0,33.22,15.67,-11.32
44200,아산시,302929.0,359378.0,90097.0,56533.0,15.73,25.07,18.63
44210,서산시,170788.0,172438.0,35074.0,40659.0,23.58,20.34,0.97
44230,논산시,123213.0,106777.0,17523.0,35802.0,33.53,16.41,-13.34
44250,계룡시,42634.0,45846.0,9649.0,7523.0,16.41,21.05,7.53
44270,당진시,166630.0,172564.0,34522.0,38796.0,22.48,20.01,3.56
44710,금산군,54612.0,48898.0,6067.0,18707.0,38.26,12.41,-10.46
44760,부여군,70187.0,58377.0,7083.0,25139.0,43.06,12.13,-16.83
44770,서천군,56012.0,47225.0,5623.0,20700.0,43.83,11.91,-15.69
44790,청양군,32753.0,29986.0,4013.0,12593.0,42.0,13.38,-8.45
44800,홍성군,99971.0,100557.0,18781.0,28348.0,28.19,18.68,0.59
44810,예산군,81339.0,78815.0,12074.0,28513.0,36.18,15.32,-3.1
44825,태안군,63900.0,59474.0,7776.0,23377.0,39.31,13.07,-6.93
46110,목포시,237739.0,202003.0,40626.0,46318.0,22.93,20.11,-15.03
46130,여수시,288988.0,263284.0,52919.0,66882.0,25.4,20.1,-8.89
46150,순천시,278548.0,275492.0,62698.0,56914.0,20.66,22.76,-1.1
46170,나주시,104376.0,117076.0,24607.0,30188.0,25.78,21.02,12.17
46230,광양시,155580.0,155259.0,35963.0,27036.0,17.41,23.16,-0.21
46710,담양군,47229.0,44177.0,6386.0,16542.0,37.44,14.46,-6.46
46720,곡성군,30400.0,27287.0,3585.0,11230.0,41.16,13.14,-10.24
46730,구례군,27412.0,23803.0,2761.0,9828.0,41.29,11.6,-13.17
46770,고흥군,67656.0,59455.0,6148.0,28091.0,47.25,10.34,-12.12
46780,보성군,44469.0,36858.0,4148.0,16540.0,44.87,11.25,-17.12
46790,화순군,65303.0,60215.0,10360.0,19437.0,32.28,17.21,-7.79
46800,장흥군,40669.0,34201.0,4512.0,13822.0,40.41,13.19,-15.9
46810,강진군,37753.0,31799.0,4274.0,12933.0,40.67,13.44,-15.77
46820,해남군,75121.0,62188.0,8133.0,24303.0,39.08,13.08,-17.22
46830,영암군,57045.0,50069.0,7648.0,16132.0,32.22,15.27,-12.23
46840,무안군,82109.0,95592.0,20627.0,20443.0,21.39,21.58,16.42
46860,함평군,34397.0,29458.0,3614.0,12580.0,42.7,12.27,-14.36
46870,영광군,55618.0,53526.0,9539.0,17368.0,32.45,17.82,-3.76
46880,장성군,46104.0,42958.0,6805.0,15063.0,35.06,15.84,-6.82
46890,완도군,52668.0,44613.0,5499.0,17398.0,39.0,12.33,-15.29
46900,진도군,32078.0,27964.0,3700.0,11082.0,39.63,13.23,-12.82
46910,신안군,42652.0,41858.0,5266.0,16146.0,38.57,12.58,-1.86
47110,포항시,516775.0,488707.0,98540.0,116943.0,23.93,20.16,-5.43
47130,경주시,259452.0,244055.0,43410.0,70432.0,28.86,17.79,-5.93
47150,김천시,142256.0,133791.0,23667.0,38720.0,28.94,17.69,-5.95
47170,안동시,168798.0,152610.0,29335.0,45475.0,29.8,19.22,-9.59
47190,구미시,419891.0,403883.0,101700.0,57260.0,14.18,25.18,-3.81
47210,영주시,109247.0,97162.0,15275.0,32480.0,33.43,15.72,-11.06
47230,영천시,100521.0,95185.0,14211.0,33929.0,35.65,14.93,-5.31
47250,상주시,101799.0,89888.0,11852.0,34609.0,38.5,13.19,-11.7
47280,문경시,74702.0,65348.0,8842.0,24731.0,37.85,13.53,-12.52
47290,경산시,258037.0,263853.0,63627.0,58007.0,21.98,24.11,2.25
47730,의성군,54014.0,47902.0,4561.0,23570.0,49.2,9.52,-11.32
47750,청송군,26301.0,23363.0,2611.0,10588.0,45.32,11.18,-11.17
47760,영양군,17713.0,15941.0,1858.0,6850.0,42.97,11.66,-10.0
47770,영덕군,39052.0,32698.0,3416.0,14718.0,45.01,10.45,-16.27
47820,청도군,43564.0,40117.0,3881.0,18650.0,46.49,9.67,-7.91
47830,고령군,34257.0,29667.0,3594.0,11872.0,40.02,12.11,-13.4
47840,성주군,45205.0,40720.0,4750.0,16762.0,41.16,11.67,-9.92
47850,칠곡군,123199.0,104842.0,18504.0,22933.0,21.87,17.65,-14.9
47900,예천군,46166.0,53887.0,8131.0,18567.0,34.46,15.09,16.72
47920,봉화군,33539.0,28315.0,2642.0,12844.0,45.36,9.33,-15.58
47930,울진군,51738.0,45896.0,7516.0,15436.0,33.63,16.38,-11.29
47940,울릉군,10001.0,8696.0,1422.0,2796.0,32.15,16.35,-13.05
48120,창원시,1063907.0,990898.0,216894.0,205456.0,20.73,21.89,-6.86
48170,진주시,346739.0,335939.0,76658.0,74083.0,22.05,22.82,-3.11
48220,통영시,138160.0,116667.0,17446.0,31979.0,27.41,14.95,-15.56
48240,사천시,114912.0,107935.0,19228.0,29286.0,27.13,17.81,-6.07
48250,김해시,529422.0,533035.0,118400.0,86871.0,16.3,22.21,0.68
48270,밀양시,108354.0,99252.0,14094.0,36256.0,36.53,14.2,-8.4
48310,거제시,257183.0,231178.0,41204.0,39048.0,16.89,17.82,-10.11
48330,양산시,317037.0,361155.0,76864.0,68929.0,19.09,21.28,13.92
48720,의령군,28111.0,24636.0,2679.0,10951.0,44.45,10.87,-12.36
48730,함안군,68937.0,57558.0,7482.0,19303.0,33.54,13.0,-16.51
48740,창녕군,63982.0,54900.0,6414.0,22059.0,40.18,11.68,-14.19
48820,고성군,54703.0,47099.0,5169.0,18481.0,39.24,10.97,-13.9
48840,남해군,45129.0,40770.0,4488.0,17729.0,43.49,11.01,-9.66
48850,하동군,49622.0,39974.0,4148.0,17369.0,43.45,10.38,-19.44
48860,산청군,36098.0,32745.0,3270.0,14674.0,44.81,9.99,-9.29
48870,함양군,40241.0,35472.0,3982.0,14598.0,41.15,11.23,-11.85
48880,거창군,63308.0,58980.0,8894.0,19792.0,33.56,15.08,-6.84
48890,합천군,48026.0,39190.0,3772.0,18573.0,47.39,9.62,-18.4
50110,제주시,470665.0,485182.0,110797.0,89843.0,18.52,22.84,3.08
50130,서귀포시,170932.0,179610.0,31891.0,43708.0,24.33,17.76,5.08
51110,춘천시,280707.0,285234.0,69881.0,64332.0,22.55,24.5,1.61
51130,원주시,337979.0,363194.0,85591.0,73482.0,20.23,23.57,7.46
51150,강릉시,213846.0,206237.0,40671.0,56933.0,27.61,19.72,-3.56
51170,동해시,93297.0,86333.0,15664.0,22909.0,26.54,18.14,-7.46
51190,태백시,47070.0,37088.0,5318.0,12135.0,32.72,14.34,-21.21
51210,속초시,81793.0,79636.0,15522.0,20484.0,25.72,19.49,-2.64
51230,삼척시,69599.0,60518.0,10552.0,19458.0,32.15,17.44,-13.05
51720,홍천군,70076.0,66109.0,10310.0,23551.0,35.62,15.6,-5.66
51730,횡성군,45991.0,45627.0,5621.0,17841.0,39.1,12.32,-0.79
51750,영월군,40073.0,36054.0,4689.0,13728.0,38.08,13.01,-10.03
51760,평창군,43318.0,39831.0,5176.0,14871.0,37.34,12.99,-8.05
51770,정선군,38718.0,34879.0,4630.0,12562.0,36.02,13.27,-9.92
51780,철원군,48013.0,39979.0,8171.0,11931.0,29.84,20.44,-16.73
51790,화천군,26264.0,22371.0,5151.0,6658.0,29.76,23.03,-14.82
51800,양구군,24010.0,20410.0,4327.0,5726.0,28.05,21.2,-14.99
51810,인제군,32720.0,30863.0,7069.0,8381.0,27.16,22.9,-5.68
51820,고성군,30114.0,26845.0,4572.0,9487.0,35.34,17.03,-10.86
51830,양양군,27218.0,27292.0,3890.0,10020.0,36.71,14.25,0.27
52110,전주시,651744.0,625437.0,151537.0,123734.0,19.78,24.23,-4.04
52130,군산시,277551.0,256291.0,50017.0,62540.0,24.4,19.52,-7.66
52140,익산시,300479.0,267066.0,55813.0,68281.0,25.57,20.9,-11.12
52180,정읍시,115173.0,101123.0,16144.0,33658.0,33.28,15.96,-12.2
52190,남원시,84188.0,74272.0,10987.0,25624.0,34.5,14.79,-11.78
52210,김제시,87782.0,81676.0,13114.0,29522.0,36.15,16.06,-6.96
52710,완주군,95480.0,100444.0,20076.0,26818.0,26.7,19.99,5.2
52720,진안군,26069.0,24249.0,2898.0,10131.0,41.78,11.95,-6.98
52730,무주군,24949.0,22787.0,2872.0,9032.0,39.64,12.6,-8.67
52740,장수군,23628.0,20922.0,2554.0,8529.0,40.77,12.21,-11.45
52750,임실군,30197.0,25259.0,3070.0,10944.0,43.33,12.15,-16.35
52770,순창군,29949.0,27714.0,3769.0,10644.0,38.41,13.6,-7.46
52790,고창군,60597.0,50396.0,6232.0,20636.0,40.95,12.37,-16.83
52800,부안군,57005.0,47220.0,6025.0,18882.0,39.99,12.76,-17.17
