시도명,시군구명,65세이상인구,주거복지시설수,의료복지시설수,여가복지시설수,재가복지시설수,노인일자리지원기관수,학대피해노인쉼터수,노인복지시설수
강원특별자치도,강릉시,56933,1,75,340,149,1,0,566
강원특별자치도,고성군,9487,1,3,122,12,1,0,139
강원특별자치도,동해시,22909,1,13,147,54,1,0,216
강원특별자치도,삼척시,19458,0,9,250,39,1,0,299
강원특별자치도,속초시,20484,0,12,100,38,1,0,151
강원특별자치도,양구군,5726,0,5,93,8,1,0,107
강원특별자치도,양양군,10020,0,6,137,22,0,0,165
강원특별자치도,영월군,13728,1,6,191,17,0,0,215
강원특별자치도,원주시,73482,1,68,488,167,1,0,725
강원특별자치도,인제군,8381,0,2,89,10,1,0,102
강원특별자치도,정선군,12562,0,7,184,12,1,0,204
강원특별자치도,철원군,11931,0,7,136,21,0,0,164
강원특별자치도,춘천시,64332,2,62,378,214,1,1,658
강원특별자치도,태백시,12135,0,3,112,18,1,0,134
강원특별자치도,평창군,14871,0,11,195,20,1,0,227
강원특별자치도,홍천군,23551,6,18,210,29,1,0,264
강원특별자치도,화천군,6658,0,6,97,8,1,0,112
강원특별자치도,횡성군,17841,1,16,203,38,1,0,259
경기도,가평군,20986,5,15,176,26,0,0,222
경기도,고양시,197285,9,187,601,332,1,0,1130
경기도,과천시,12737,1,3,39,23,0,0,66
경기도,광명시,54496,1,14,121,49,1,0,186
경기도,광주시,74755,1,48,314,115,1,0,479
경기도,구리시,35576,0,19,134,57,1,0,211
경기도,군포시,49830,1,49,123,69,1,0,243
경기도,김포시,81813,3,63,385,109,1,0,561
경기도,남양주시,137932,4,185,565,284,1,0,1039
경기도,동두천시,23606,0,37,113,50,0,0,200
경기도,부천시,155075,0,138,379,321,1,1,840
경기도,성남시,170787,6,43,413,111,2,0,575
경기도,수원시,180792,8,107,540,313,1,0,969
경기도,시흥시,70964,4,118,324,188,1,0,635
경기도,안산시,102510,1,136,277,187,1,0,602
경기도,안성시,43559,7,43,498,80,1,0,629
경기도,안양시,105050,1,44,258,214,1,0,518
경기도,양주시,54887,3,125,307,98,1,0,534
경기도,양평군,41803,4,40,379,72,1,0,496
경기도,여주시,32337,5,28,345,69,1,0,448
경기도,연천군,14293,0,9,113,23,0,0,145
경기도,오산시,32351,1,27,154,49,1,0,232
경기도,용인시,186012,5,119,900,288,1,1,1314
경기도,의왕시,30859,5,19,114,52,1,0,191
경기도,의정부시,92992,1,102,272,146,1,1,523
경기도,이천시,41904,3,24,422,47,1,0,497
경기도,파주시,90515,4,126,434,133,1,0,698
경기도,평택시,89235,3,50,642,119,1,0,815
경기도,포천시,39718,6,76,312,62,1,0,457
경기도,하남시,54355,2,23,172,96,1,0,294
경기도,화성시,115180,6,118,808,256,1,0,1189
경상남도,거제시,39048,1,10,346,76,1,0,434
경상남도,거창군,19792,0,9,438,47,1,0,495
경상남도,고성군,18481,0,8,336,41,1,0,386
경상남도,김해시,86871,0,20,584,237,2,0,843
경상남도,남해군,17729,1,2,276,32,1,0,312
경상남도,밀양시,36256,0,19,448,66,1,0,534
경상남도,사천시,29286,1,17,345,69,1,0,433
경상남도,산청군,14674,0,11,348,34,1,0,394
경상남도,양산시,68929,3,31,341,162,2,0,539
경상남도,의령군,10951,2,5,298,19,1,0,325
경상남도,진주시,74083,0,31,576,192,2,0,801
경상남도,창녕군,22059,1,11,400,53,1,0,466
경상남도,창원시,205456,3,58,1067,406,5,1,1540
경상남도,통영시,31979,1,8,260,55,1,0,325
경상남도,하동군,17369,0,8,387,35,1,0,431
경상남도,함안군,19303,1,17,330,46,1,0,395
경상남도,함양군,14598,0,9,412,24,1,0,446
경상남도,합천군,18573,0,6,529,24,1,0,560
경상북도,경산시,58007,1,64,415,154,1,0,635
경상북도,경주시,70432,2,25,643,100,1,0,771
경상북도,고령군,11872,2,6,214,19,0,0,241
경상북도,구미시,57260,2,58,439,157,1,0,657
경상북도,김천시,38720,1,40,530,56,1,0,628
경상북도,문경시,24731,1,22,407,57,1,0,488
경상북도,봉화군,12844,0,5,266,8,1,0,280
경상북도,상주시,34609,0,22,596,50,1,0,669
경상북도,성주군,16762,1,9,306,25,0,0,341
경상북도,안동시,45475,2,18,565,72,1,0,658
경상북도,영덕군,14718,0,5,248,16,1,0,270
경상북도,영양군,6850,0,4,188,2,0,0,194
경상북도,영주시,32480,1,18,377,33,1,0,430
경상북도,영천시,33929,1,24,433,66,1,0,525
경상북도,예천군,18567,0,6,387,28,1,1,423
경상북도,울릉군,2796,1,1,27,0,0,0,29
경상북도,울진군,15436,0,4,257,31,1,0,293
경상북도,의성군,23570,1,17,488,35,1,0,542
경상북도,청도군,18650,1,15,321,50,1,0,388
경상북도,청송군,10588,1,5,233,14,1,0,254
경상북도,칠곡군,22933,4,25,262,37,1,0,329
경상북도,포항시,116943,2,42,656,191,2,1,894
광주광역시,광산구,50766,0,34,385,168,1,0,588
광주광역시,남구,46872,0,14,271,147,1,1,434
광주광역시,동구,25878,1,11,132,70,1,0,215
광주광역시,북구,84137,0,30,411,275,1,0,717
광주광역시,서구,53606,1,18,244,148,1,0,412
대구광역시,군위군,10992,1,3,216,14,0,0,234
대구광역시,남구,38922,0,25,75,77,1,1,179
대구광역시,달서구,107067,1,40,292,189,1,0,523
대구광역시,달성군,45904,1,38,349,72,1,0,461
대구광역시,동구,84594,0,41,246,145,1,0,433
대구광역시,북구,82817,1,64,301,147,1,0,514
대구광역시,서구,47318,1,32,98,111,1,0,243
대구광역시,수성구,83221,1,15,277,151,1,0,445
대구광역시,중구,18570,1,6,60,31,1,0,99
대전광역시,대덕구,37459,1,22,130,58,1,0,212
대전광역시,동구,52714,0,36,177,120,1,0,334
대전광역시,서구,80949,2,44,221,201,1,1,470
대전광역시,유성구,49193,2,25,214,103,1,0,345
대전광역시,중구,55091,2,30,151,162,1,0,346
부산광역시,강서구,22908,0,7,176,34,1,0,218
부산광역시,금정구,58583,1,8,151,79,1,0,240
부산광역시,기장군,36479,2,21,316,84,1,0,424
부산광역시,남구,63975,0,5,188,80,1,0,274
부산광역시,동구,26104,0,3,87,31,1,0,122
부산광역시,동래구,64095,1,9,177,132,1,0,320
부산광역시,부산진구,87363,0,9,284,107,1,0,401
부산광역시,북구,66932,1,12,169,89,1,0,272
부산광역시,사상구,51544,0,8,150,84,1,0,243
부산광역시,사하구,76444,1,13,211,53,1,1,280
부산광역시,서구,31668,0,4,97,28,1,0,130
부산광역시,수영구,45673,1,6,98,81,1,0,187
부산광역시,연제구,51244,0,7,144,82,1,0,234
부산광역시,영도구,35615,0,3,89,40,1,0,133
부산광역시,중구,12471,0,1,35,26,1,0,63
부산광역시,해운대구,87737,0,9,269,94,1,0,373
서울특별시,강남구,95349,2,10,213,63,1,0,289
서울특별시,강동구,97907,2,24,153,144,1,0,324
서울특별시,강북구,74210,0,33,123,115,1,0,272
서울특별시,강서구,112966,4,33,257,163,1,0,458
서울특별시,관악구,92078,0,29,135,107,1,0,272
서울특별시,광진구,62317,2,17,109,74,1,0,203
서울특별시,구로구,85949,0,15,230,120,1,0,366
서울특별시,금천구,49561,2,23,87,53,1,0,166
서울특별시,노원구,104661,1,24,265,143,1,0,434
서울특별시,도봉구,78244,2,51,151,170,1,1,376
서울특별시,동대문구,72487,0,24,158,118,1,0,301
서울특별시,동작구,75541,0,11,164,87,0,0,262
서울특별시,마포구,61725,1,3,177,64,1,0,246
서울특별시,서대문구,61941,0,12,133,79,1,0,225
서울특별시,서초구,72156,0,5,160,48,0,0,213
서울특별시,성동구,53232,0,8,187,45,0,0,240
서울특별시,성북구,87297,1,24,197,125,1,0,348
서울특별시,송파구,118935,0,23,202,148,1,0,374
서울특별시,양천구,84351,1,18,196,131,1,0,347
서울특별시,영등포구,71314,1,14,205,101,1,0,322
서울특별시,용산구,39913,1,2,111,32,0,0,146
서울특별시,은평구,102219,2,23,195,164,1,0,385
서울특별시,종로구,30664,1,9,77,38,1,0,126
서울특별시,중구,27157,2,2,55,41,1,0,101
서울특별시,중랑구,87928,0,47,154,194,1,0,396
세종특별자치시,세종시,48115,2,21,532,80,1,0,636
울산광역시,남구,54612,0,10,141,105,1,0,257
울산광역시,동구,29586,0,5,69,29,1,0,104
울산광역시,북구,27983,0,11,154,58,1,0,224
울산광역시,울주군,46241,2,27,425,109,3,0,566
울산광역시,중구,44478,0,16,95,63,1,1,176
인천광역시,강화군,28402,6,29,242,39,0,0,316
인천광역시,계양구,55951,1,64,166,156,2,0,389
인천광역시,남동구,98130,1,120,197,275,2,1,596
인천광역시,동구,16293,0,8,41,35,1,0,85
인천광역시,미추홀구,89661,0,53,175,272,3,0,503
인천광역시,부평구,99616,2,65,192,174,1,0,434
인천광역시,서구,93707,4,100,285,266,1,0,656
인천광역시,연수구,57266,1,35,171,122,1,0,330
인천광역시,옹진군,7087,1,7,76,10,0,0,94
인천광역시,중구,28899,0,28,102,64,1,0,195
전라남도,강진군,12933,1,10,346,19,0,0,376
전라남도,고흥군,28091,0,14,648,68,1,0,731
전라남도,곡성군,11230,1,8,322,32,1,0,364
전라남도,광양시,27036,1,20,347,66,1,0,435
전라남도,구례군,9828,0,6,289,22,0,0,317
전라남도,나주시,30188,2,23,627,85,1,0,738
전라남도,담양군,16542,1,16,372,21,1,0,411
전라남도,목포시,46318,1,32,205,109,0,1,348
전라남도,무안군,20443,0,14,420,39,1,0,474
전라남도,보성군,16540,1,6,449,50,1,0,507
전라남도,순천시,56914,2,35,702,115,1,1,856
전라남도,신안군,16146,0,6,423,18,0,0,447
전라남도,여수시,66882,3,35,535,92,1,0,666
전라남도,영광군,17368,2,10,381,49,1,0,443
전라남도,영암군,16132,0,12,468,16,1,0,497
전라남도,완도군,17398,1,11,314,40,1,0,367
전라남도,장성군,15063,1,7,349,36,1,0,394
전라남도,장흥군,13822,0,4,410,18,0,0,432
전라남도,진도군,11082,0,5,282,19,0,0,306
전라남도,함평군,12580,1,12,378,32,0,0,423
전라남도,해남군,24303,0,18,600,42,1,0,661
전라남도,화순군,19437,1,17,446,58,0,0,522
전북특별자치도,고창군,20636,2,9,614,13,1,0,639
전북특별자치도,군산시,62540,1,26,546,85,2,0,660
전북특별자치도,김제시,29522,2,23,638,41,2,0,706
전북특별자치도,남원시,25624,0,11,503,61,1,0,576
전북특별자치도,무주군,9032,0,4,272,22,1,0,299
전북특별자치도,부안군,18882,0,11,483,39,0,0,533
전북특별자치도,순창군,10644,0,6,380,7,1,0,394
전북특별자치도,완주군,26818,2,16,462,64,1,0,545
전북특별자치도,익산시,68281,3,49,720,128,2,0,902
전북특별자치도,임실군,10944,0,7,353,24,1,0,385
전북특별자치도,장수군,8529,1,4,279,20,1,0,305
전북특별자치도,전주시,123734,2,47,670,213,3,1,936
전북특별자치도,정읍시,33658,1,24,721,98,1,0,845
전북특별자치도,진안군,10131,0,6,346,23,1,0,376
제주특별자치도,서귀포시,43708,0,23,159,44,1,0,227
제주특별자치도,제주시,89843,2,48,340,132,1,1,524
충청남도,계룡시,7523,0,9,43,19,1,0,72
충청남도,공주시,33038,1,21,442,50,1,0,515
충청남도,금산군,18707,0,23,350,24,1,0,398
충청남도,논산시,35802,2,34,527,92,1,0,656
충청남도,당진시,38796,1,19,382,61,1,0,464
충청남도,보령시,30604,0,12,420,57,1,0,490
충청남도,부여군,25139,0,17,473,36,1,0,527
충청남도,서산시,40659,0,23,403,88,1,0,515
충청남도,서천군,20700,0,12,337,56,1,0,406
충청남도,아산시,56533,1,43,562,82,1,1,690
충청남도,예산군,28513,2,21,403,59,1,0,486
충청남도,천안시,100362,1,89,770,108,1,0,969
충청남도,청양군,12593,0,7,313,12,1,0,333
충청남도,태안군,23377,0,8,245,19,1,0,273
충청남도,홍성군,28348,0,11,379,42,1,0,433
충청북도,괴산군,15948,0,12,343,25,0,0,380
충청북도,단양군,10870,0,6,170,12,0,0,188
충청북도,보은군,12944,0,5,293,16,0,0,314
충청북도,영동군,17202,4,20,366,19,1,0,410
충청북도,옥천군,18171,0,14,316,27,1,0,358
충청북도,음성군,25363,1,22,408,28,1,0,460
충청북도,제천시,37074,5,34,347,53,1,0,440
충청북도,증평군,8457,0,10,123,15,0,0,148
충청북도,진천군,17782,1,14,299,23,1,0,338
충청북도,청주시,151061,3,127,1100,312,6,0,1548
충청북도,충주시,53128,6,48,563,81,2,1,701
