지역코드,시도,지역명,cluster,고령화율_2025,고령화율변화폭_2016_2025,청년비율변화폭_2016_2025,청년순이동률_2016_2025,인구천명당_종사자수_2024,사업체당_종사자수_2024,노인천명당_병원수,노인천명당_약국수,노인천명당_복지시설수,노인천명당_버스정류장수,노인천명당_철도역수
51150,강원,강릉시,1,27.61,9.99,-3.37,-14.76,488.74,3.38,0.158,1.633,9.942,0.351,0.0
51170,강원,동해시,1,26.54,10.33,-4.65,-18.51,425.5,3.15,0.262,1.659,9.429,0.175,0.0
51210,강원,속초시,1,25.72,10.13,-3.38,-6.77,437.32,2.91,0.195,2.05,7.372,2.587,0.0
51130,강원,원주시,1,20.23,7.73,-2.74,9.99,493.35,3.81,0.367,2.545,9.866,26.945,0.0
51110,강원,춘천시,1,22.55,7.7,-1.36,4.32,468.47,3.86,0.295,2.145,10.228,28.244,0.093
41280,경기,고양시,1,18.61,7.64,-2.84,4.77,370.4,3.32,0.314,2.509,5.728,13.615,0.106
41290,경기,과천시,1,15.94,3.81,-1.12,24.1,857.29,9.75,0.0,2.512,5.182,14.446,0.393
41210,경기,광명시,1,18.54,7.77,-3.21,-13.05,398.62,4.16,0.202,2.551,3.413,12.478,0.055
41610,경기,광주시,1,18.81,8.07,-6.24,29.74,412.8,3.25,0.12,1.726,6.408,18.113,0.054
41310,경기,구리시,1,19.12,8.48,-3.24,3.17,360.85,2.92,0.394,2.895,5.931,11.019,0.141
41410,경기,군포시,1,19.82,9.81,-4.04,-16.31,456.55,4.17,0.221,2.268,4.877,11.158,0.12
41570,경기,김포시,1,16.88,5.74,-4.94,56.72,464.57,3.14,0.306,1.992,6.857,17.87,0.11
41360,경기,남양주시,1,18.9,7.42,-4.23,12.92,301.92,3.08,0.29,2.073,7.533,15.065,0.123
41250,경기,동두천시,1,27.31,10.85,-5.11,-21.96,357.71,3.35,0.424,1.61,8.472,15.632,0.212
41190,경기,부천시,1,20.44,10.31,-5.35,-14.43,409.87,3.55,0.31,2.618,5.417,9.602,0.09
41130,경기,성남시,1,18.85,7.59,-3.49,-3.08,607.11,5.7,0.234,3.092,3.367,10.065,0.129
41110,경기,수원시,1,15.24,6.53,-2.42,4.94,405.75,4.05,0.354,3.258,5.36,8.474,0.083
41390,경기,시흥시,1,13.78,5.92,-3.26,37.5,474.16,3.41,0.324,2.649,8.948,18.432,0.127
41270,경기,안산시,1,16.74,8.46,-3.03,-19.76,539.28,3.86,0.4,2.956,5.873,13.052,0.127
41550,경기,안성시,1,22.16,7.61,-2.97,9.82,615.08,4.31,0.275,2.066,14.44,33.449,0.0
41170,경기,안양시,1,18.65,8.33,-2.79,-5.1,511.8,4.26,0.2,2.751,4.931,8.539,0.067
41630,경기,양주시,1,18.53,5.53,-0.52,59.76,376.74,3.27,0.328,1.822,9.729,29.461,0.055
41370,경기,오산시,1,12.97,5.29,-4.58,30.43,347.66,3.71,0.464,2.998,7.171,14.745,0.124
41460,경기,용인시,1,17.05,6.06,-2.95,18.11,411.12,3.82,0.242,2.21,7.064,15.843,0.134
41430,경기,의왕시,1,19.24,8.45,-2.45,3.92,418.11,4.48,0.227,1.588,6.189,15.522,0.032
41150,경기,의정부시,1,20.15,7.52,-2.47,9.1,304.73,3.28,0.312,2.323,5.624,9.409,0.226
41500,경기,이천시,1,18.79,6.72,-1.93,14.86,659.6,4.84,0.263,2.434,11.86,27.921,0.072
41480,경기,파주시,1,17.21,5.14,-3.62,30.6,469.44,3.62,0.387,1.889,7.711,25.112,0.099
41220,경기,평택시,1,14.62,3.34,-0.34,54.18,482.1,4.46,0.28,3.015,9.133,22.525,0.056
41450,경기,하남시,1,16.57,5.53,-4.21,104.39,375.81,3.4,0.276,2.428,5.409,11.609,0.074
41590,경기,화성시,1,11.63,3.38,-2.58,92.63,638.31,4.9,0.269,2.882,10.323,27.453,0.026
48310,경남,거제시,1,16.89,8.75,-12.31,-25.13,483.13,5.12,0.307,2.151,11.115,36.237,0.0
48250,경남,김해시,1,16.3,7.24,-4.82,-5.98,484.12,3.75,0.633,2.314,9.704,29.296,0.138
48240,경남,사천시,1,27.13,8.42,-5.25,-13.9,572.78,4.36,0.444,1.673,14.785,27.078,0.0
48330,경남,양산시,1,19.09,8.01,-6.43,17.47,474.5,3.9,0.45,2.263,7.82,24.068,0.073
48170,경남,진주시,1,22.05,7.83,-3.05,-6.7,456.71,3.62,0.391,2.416,10.812,25.93,0.0
48120,경남,창원시,1,20.73,9.71,-5.96,-15.65,475.49,4.17,0.467,2.103,7.496,16.237,0.0
47290,경북,경산시,1,21.98,7.88,-3.75,-2.54,467.65,4.01,0.276,2.034,10.947,44.012,0.103
47130,경북,경주시,1,28.86,10.06,-4.86,-20.77,576.64,3.97,0.327,1.746,10.947,29.589,0.0
47190,경북,구미시,1,14.18,6.67,-6.8,-10.47,509.41,4.29,0.349,3.039,11.474,38.543,0.035
47110,경북,포항시,1,23.93,10.71,-5.17,-13.49,499.0,4.01,0.368,2.044,7.645,16.606,0.0
29200,광주,광산구,1,13.1,5.14,-3.09,-5.41,480.84,3.72,0.768,3.25,11.583,23.48,0.098
29155,광주,남구,1,22.58,7.93,-5.18,-17.8,339.28,3.63,0.576,2.389,9.259,7.915,0.0
29110,광주,동구,1,24.67,4.4,-0.26,15.5,643.7,3.78,0.85,3.864,8.308,8.927,0.271
29170,광주,북구,1,20.18,8.01,-4.05,-15.38,427.8,3.91,0.618,2.389,8.522,9.259,0.0
29140,광주,서구,1,19.49,8.12,-3.16,-16.18,591.75,4.05,0.653,2.929,7.686,8.637,0.149
27200,대구,남구,1,28.72,9.56,-2.66,-17.1,449.54,3.41,0.411,2.749,4.599,9.558,0.206
27290,대구,달서구,1,20.71,10.07,-4.53,-26.96,416.63,3.61,0.402,2.671,4.885,11.413,0.121
27710,대구,달성군,1,18.03,6.94,-7.0,36.3,454.76,4.31,0.305,2.048,10.043,32.459,0.131
27140,대구,동구,1,24.93,9.06,-3.72,0.57,360.54,3.29,0.225,2.281,5.119,15.072,0.165
27230,대구,북구,1,20.21,8.59,-2.82,-13.69,422.96,3.28,0.447,2.487,6.206,16.772,0.181
27170,대구,서구,1,28.86,12.3,-4.82,-32.63,490.59,3.59,0.507,2.325,5.135,9.574,0.127
27260,대구,수성구,1,20.34,7.72,-3.35,-23.16,356.51,3.76,0.3,2.944,5.347,11.199,0.216
27110,대구,중구,1,18.38,-0.87,2.91,58.95,934.53,3.5,0.808,8.885,5.331,15.509,0.485
30230,대전,대덕구,1,22.63,10.81,-3.84,-29.15,607.5,3.91,0.267,2.456,5.66,12.467,0.0
30110,대전,동구,1,24.11,8.89,-2.68,-15.84,371.29,3.31,0.379,2.39,6.336,12.501,0.076
30170,대전,서구,1,17.47,7.47,-1.93,-4.56,444.91,3.91,0.445,3.261,5.806,7.449,0.086
30200,대전,유성구,1,13.38,5.96,-1.33,21.32,591.89,5.5,0.468,3.252,7.013,22.341,0.142
30140,대전,중구,1,24.41,9.17,-3.33,-17.49,445.85,3.37,0.345,2.795,6.281,7.224,0.073
26440,부산,강서구,1,15.24,3.9,-8.52,75.37,1091.95,4.91,0.262,1.964,9.516,81.194,0.393
26410,부산,금정구,1,28.36,12.22,-4.42,-28.0,454.32,3.67,0.512,1.878,4.097,12.632,0.154
26710,부산,기장군,1,20.86,7.58,-7.56,18.71,486.84,4.34,0.274,2.029,11.623,28.976,0.192
26290,부산,남구,1,25.52,9.1,-3.25,-15.64,365.24,3.86,0.281,1.876,4.283,8.863,0.094
26170,부산,동구,1,31.13,8.49,-1.36,0.61,898.05,4.43,0.536,2.605,4.674,10.765,0.153
26260,부산,동래구,1,23.45,8.66,-4.85,-4.42,349.78,3.39,0.577,2.418,4.993,10.984,0.187
26230,부산,부산진구,1,23.91,7.83,-1.03,5.79,487.4,3.97,0.389,2.644,4.59,8.825,0.126
26320,부산,북구,1,25.46,13.04,-6.07,-27.25,242.11,3.13,0.374,1.643,4.064,8.905,0.179
26530,부산,사상구,1,26.55,13.42,-5.34,-27.79,602.73,3.44,0.543,1.552,4.714,12.921,0.155
26380,부산,사하구,1,26.71,12.73,-6.15,-26.02,387.54,3.88,0.549,1.727,3.663,10.714,0.157
26140,부산,서구,1,31.08,9.92,-3.81,-18.19,437.89,4.19,0.379,3.126,4.105,11.084,0.095
26500,부산,수영구,1,27.01,9.82,-2.95,1.21,393.26,3.24,0.394,2.189,4.094,6.306,0.131
26470,부산,연제구,1,24.2,8.84,-3.11,5.91,475.46,4.06,0.546,2.108,4.566,6.908,0.195
26110,부산,중구,1,34.15,12.69,-0.97,-14.57,1888.96,4.12,0.481,4.25,5.052,12.99,0.241
26350,부산,해운대구,1,23.55,10.01,-5.15,-19.08,413.6,3.81,0.342,2.063,4.251,8.446,0.171
11680,서울,강남구,1,17.14,6.24,-5.52,-7.81,1355.09,7.47,0.472,5.863,3.031,8.978,0.346
11740,서울,강동구,1,19.62,7.66,-3.34,17.15,354.91,3.87,0.255,3.166,3.309,6.414,0.133
11305,서울,강북구,1,26.61,10.12,-3.16,-15.36,267.01,2.95,0.189,2.264,3.665,6.104,0.148
11500,서울,강서구,1,20.55,8.65,-1.87,8.51,561.94,5.16,0.266,2.594,4.054,7.604,0.159
11620,서울,관악구,1,19.28,6.13,2.98,13.29,263.17,3.34,0.152,2.628,2.954,6.918,0.109
11215,서울,광진구,1,18.82,7.26,-0.23,3.71,377.98,3.77,0.144,3.193,3.258,6.403,0.144
11530,서울,구로구,1,22.39,9.18,-2.89,0.59,599.05,4.49,0.221,2.327,4.258,8.389,0.151
11545,서울,금천구,1,22.2,8.62,1.69,14.71,1144.41,5.36,0.202,2.885,3.349,11.259,0.081
11350,서울,노원구,1,21.64,9.16,-2.38,-21.74,269.43,3.43,0.143,2.255,4.147,6.927,0.134
11320,서울,도봉구,1,26.09,11.6,-4.07,-18.45,264.11,3.17,0.166,1.598,4.805,5.751,0.089
11230,서울,동대문구,1,20.94,5.93,0.66,9.1,430.19,3.38,0.331,3.476,4.152,5.725,0.11
11590,서울,동작구,1,20.31,6.58,-0.67,4.7,290.46,3.96,0.106,2.714,3.468,7.188,0.225
11440,서울,마포구,1,17.26,4.61,-0.3,10.19,760.62,4.9,0.146,3.645,3.985,12.232,0.275
11410,서울,서대문구,1,20.64,5.58,-0.37,6.59,387.42,4.12,0.161,2.615,3.632,8.992,0.113
11650,서울,서초구,1,17.41,6.03,-4.45,-4.32,1209.62,6.85,0.277,4.407,2.952,13.776,0.222
11200,서울,성동구,1,19.38,6.3,-0.6,9.37,734.55,5.12,0.169,2.968,4.509,9.449,0.338
11290,서울,성북구,1,20.66,6.48,-0.91,-3.24,297.88,3.53,0.172,2.337,3.986,7.835,0.149
11710,서울,송파구,1,18.49,7.71,-3.05,8.14,643.88,5.51,0.286,3.388,3.145,6.903,0.202
11470,서울,양천구,1,19.84,8.96,-4.35,-18.66,302.96,3.46,0.107,2.324,4.114,5.88,0.095
11560,서울,영등포구,1,19.2,5.39,1.76,26.39,1183.59,5.97,0.365,4.01,4.515,10.138,0.252
11170,서울,용산구,1,19.77,4.33,1.45,12.04,772.93,5.66,0.05,2.906,3.658,10.849,0.401
11380,서울,은평구,1,22.46,7.95,-1.8,0.43,234.17,2.99,0.176,2.26,3.766,7.112,0.117
11110,서울,종로구,1,22.37,6.03,0.21,-3.88,1920.22,5.67,0.294,6.392,4.109,15.49,0.391
11140,서울,중구,1,23.05,6.77,0.87,17.29,3317.96,5.96,0.147,6.739,3.719,11.452,0.552
11260,서울,중랑구,1,23.33,9.74,-2.51,-0.8,304.47,2.73,0.216,2.172,4.504,6.062,0.136
36110,세종,세종특별자치시,1,12.28,2.32,-5.77,93.27,440.25,4.76,0.187,3.367,13.218,70.976,0.0
31140,울산,남구,1,17.96,9.33,-3.8,-15.93,583.71,4.4,0.732,2.948,4.706,13.605,0.037
31170,울산,동구,1,19.82,11.59,-10.58,-24.85,523.35,7.3,0.135,2.4,3.515,12.067,0.0
31200,울산,북구,1,13.0,6.35,-6.31,13.19,553.94,6.26,0.429,2.037,8.005,20.155,0.0
31710,울산,울주군,1,21.1,9.27,-4.78,-11.58,578.57,4.88,0.411,1.492,12.24,38.018,0.087
31110,울산,중구,1,21.78,11.03,-6.56,-26.46,312.41,3.17,0.225,1.866,3.957,10.702,0.0
28245,인천,계양구,1,20.15,11.14,-5.17,-27.0,348.51,3.46,0.322,2.27,6.953,11.439,0.125
28200,인천,남동구,1,20.44,10.28,-5.81,-12.39,511.25,4.3,0.336,2.446,6.074,11.933,0.153
28140,인천,동구,1,28.85,11.05,-5.1,-23.67,655.24,3.57,0.123,2.087,5.217,10.741,0.061
28177,인천,미추홀구,1,21.47,7.7,-3.45,7.49,344.67,3.31,0.368,2.275,5.61,8.153,0.112
28237,인천,부평구,1,20.31,9.22,-3.89,-12.65,348.84,3.59,0.151,2.51,4.357,10.952,0.12
28260,인천,서구,1,14.32,5.96,-3.22,38.45,397.82,3.72,0.299,2.262,7.001,17.331,0.213
28185,인천,연수구,1,13.99,5.81,-3.98,28.74,407.07,4.38,0.175,2.497,5.763,14.599,0.279
28110,인천,중구,1,16.38,2.73,1.69,99.12,745.47,5.21,0.311,2.491,6.748,27.89,0.484
46230,전남,광양시,1,17.41,6.47,-3.82,-7.28,629.46,4.9,0.37,1.886,16.09,43.239,0.0
46170,전남,나주시,1,25.78,3.28,-2.9,31.07,576.05,3.85,0.464,1.822,24.447,69.133,0.0
46110,전남,목포시,1,22.93,9.28,-5.9,-27.86,416.45,3.04,0.691,2.591,7.513,10.903,0.0
46840,전남,무안군,1,21.39,1.69,-1.01,30.41,411.76,3.47,0.293,1.81,23.186,44.563,0.0
46150,전남,순천시,1,20.66,7.03,-2.81,-9.36,418.18,3.37,0.545,2.249,15.04,47.633,0.0
46130,전남,여수시,1,25.4,9.26,-4.62,-21.61,556.98,4.26,0.314,1.944,9.958,34.135,0.0
52130,전북,군산시,1,24.4,8.98,-5.53,-17.78,465.68,3.42,0.272,2.239,10.553,28.19,0.0
52710,전북,완주군,1,26.7,7.0,-3.55,2.17,629.15,4.35,0.298,1.641,20.322,49.183,0.0
52140,전북,익산시,1,25.57,9.42,-4.05,-28.54,469.28,3.24,0.234,2.358,13.21,1.128,0.0
52110,전북,전주시,1,19.78,7.27,-3.03,-11.08,429.62,3.44,0.501,3.217,7.565,11.694,0.0
50130,제주,서귀포시,1,24.33,6.76,-5.23,2.78,455.21,3.32,0.092,1.785,5.194,41.96,0.0
50110,제주,제주시,1,18.52,5.95,-3.54,4.95,507.52,3.3,0.245,2.705,5.832,27.392,0.0
44250,충남,계룡시,1,16.41,7.39,-3.15,0.08,264.44,3.27,0.266,2.526,9.571,23.528,0.0
44270,충남,당진시,1,22.48,6.01,-6.59,3.0,597.24,4.36,0.206,1.856,11.96,61.295,0.0
44210,충남,서산시,1,23.58,7.17,-4.78,-2.42,513.78,4.24,0.098,1.82,12.666,49.386,0.0
44200,충남,아산시,1,15.73,4.15,-4.62,27.91,594.23,5.36,0.318,2.335,12.205,41.286,0.088
44130,충남,천안시,1,15.11,5.89,-3.85,12.21,492.8,3.93,0.488,3.099,9.655,25.817,0.06
44800,충남,홍성군,1,28.19,6.87,-3.45,3.37,478.5,3.49,0.212,1.517,15.274,49.739,0.0
43770,충북,음성군,1,26.9,9.61,-4.56,-9.7,1012.0,5.41,0.276,1.617,18.137,37.614,0.0
43745,충북,증평군,1,23.06,8.79,-4.85,-2.89,431.01,3.38,0.236,2.838,17.5,6.622,0.0
43750,충북,진천군,1,20.54,4.38,-3.05,37.34,733.54,5.34,0.225,2.306,19.008,42.74,0.0
43110,충북,청주시,1,17.64,6.68,-2.9,4.42,482.12,4.24,0.305,2.648,10.248,24.321,0.0
43130,충북,충주시,1,25.72,9.02,-3.04,-5.55,558.35,4.08,0.245,1.713,13.195,35.367,0.0
51820,강원,고성군,2,35.34,11.59,-6.29,-36.21,598.36,3.35,0.0,1.159,14.652,7.517,0.0
51230,강원,삼척시,2,32.15,11.16,-5.29,-52.88,531.69,3.51,0.154,1.388,15.366,6.681,0.0
51800,강원,양구군,2,28.05,10.94,-7.33,-32.12,551.62,3.32,0.524,1.222,18.687,0.349,0.0
51830,강원,양양군,2,36.71,11.06,-4.44,-15.06,652.15,3.1,0.0,1.098,16.467,39.521,0.0
51750,강원,영월군,2,38.08,13.34,-4.85,-47.1,599.79,3.7,0.219,1.238,15.661,58.712,0.0
51810,강원,인제군,2,27.16,10.04,-4.49,-11.34,458.22,2.67,0.239,1.312,12.17,7.517,0.0
51770,강원,정선군,2,36.02,12.75,-5.93,-32.68,687.99,4.54,0.159,1.114,16.239,4.936,0.0
51780,강원,철원군,2,29.84,10.86,-5.87,-34.84,378.13,2.64,0.168,1.509,13.746,29.335,0.0
51190,강원,태백시,2,32.72,13.03,-6.85,-41.52,577.47,3.85,0.247,1.483,11.042,34.116,0.0
51760,강원,평창군,2,37.34,14.63,-5.39,-33.36,548.0,3.19,0.134,1.21,15.265,5.38,0.0
51720,강원,홍천군,2,35.62,14.31,-4.6,-23.88,493.55,3.19,0.17,1.146,11.21,49.679,0.0
51790,강원,화천군,2,29.76,11.46,-7.58,-41.46,424.79,2.91,0.0,1.202,16.822,0.751,0.0
51730,강원,횡성군,2,39.1,14.48,-5.73,-34.75,531.59,3.69,0.112,0.953,14.517,61.6,0.0
41820,경기,가평군,2,33.78,12.05,-3.34,-8.65,503.99,3.14,0.381,1.287,10.578,48.318,0.191
41830,경기,양평군,2,32.93,11.73,-4.95,2.92,337.06,2.52,0.239,1.148,11.865,27.271,0.215
41670,경기,여주시,2,28.37,10.64,-4.5,-8.53,552.27,3.1,0.309,1.577,13.854,38.253,0.062
41800,경기,연천군,2,33.76,11.62,-3.97,-17.25,476.12,2.54,0.07,1.539,10.145,51.424,0.21
41650,경기,포천시,2,28.28,12.58,-3.64,-22.47,740.37,3.74,0.227,1.435,11.506,30.893,0.0
48880,경남,거창군,2,33.56,8.93,-4.09,-33.13,413.37,2.94,0.303,1.667,25.01,34.509,0.0
48820,경남,고성군,2,39.24,12.8,-7.94,-45.83,484.72,3.46,0.271,0.92,20.886,46.318,0.0
48840,경남,남해군,2,43.49,8.72,-3.72,-46.85,474.47,2.76,0.113,1.072,17.598,33.561,0.0
48270,경남,밀양시,2,36.53,12.89,-5.52,-27.54,486.72,3.29,0.359,1.269,14.729,26.12,0.0
48860,경남,산청군,2,44.81,12.57,-5.42,-42.29,522.41,3.14,0.068,1.022,26.85,28.281,0.0
48720,경남,의령군,2,44.45,10.83,-5.16,-40.36,461.23,3.37,0.274,0.913,29.678,59.903,0.0
48740,경남,창녕군,2,40.18,13.38,-7.34,-37.86,519.39,3.9,0.499,1.269,21.125,29.965,0.0
48220,경남,통영시,2,27.41,12.29,-9.08,-33.54,423.08,3.31,0.313,1.845,10.163,24.798,0.0
48850,경남,하동군,2,43.45,14.2,-6.9,-57.86,483.21,2.85,0.173,0.864,24.814,38.344,0.0
48730,경남,함안군,2,33.54,13.28,-8.01,-41.51,808.37,4.17,0.259,1.295,20.463,45.226,0.0
48870,경남,함양군,2,41.15,10.65,-4.97,-41.73,474.03,3.06,0.069,1.37,30.552,44.047,0.0
48890,경남,합천군,2,47.39,12.05,-5.33,-52.66,408.05,2.74,0.215,0.861,30.151,42.266,0.0
47830,경북,고령군,2,40.02,14.07,-6.11,-39.85,795.96,3.88,0.168,0.927,20.3,41.947,0.0
47150,경북,김천시,2,28.94,8.91,-5.69,-17.59,541.97,4.11,0.181,1.265,16.219,40.134,0.0
47280,경북,문경시,2,37.85,12.03,-5.22,-41.96,448.46,3.23,0.162,1.698,19.732,43.468,0.0
47920,경북,봉화군,2,45.36,13.44,-5.94,-46.78,457.41,3.28,0.156,0.856,21.8,45.624,0.078
47250,경북,상주시,2,38.5,11.22,-4.68,-36.64,477.2,3.02,0.202,1.3,19.33,42.735,0.0
47840,경북,성주군,2,41.16,13.73,-6.79,-36.06,633.12,3.22,0.358,0.955,20.344,65.744,0.0
47170,경북,안동시,2,29.8,9.26,-3.06,-19.69,471.13,3.3,0.352,1.451,14.469,46.949,0.0
47770,경북,영덕군,2,45.01,11.98,-5.21,-37.96,450.56,2.48,0.204,1.495,18.345,53.744,0.0
47760,경북,영양군,2,42.97,9.79,-3.32,-30.48,392.68,2.76,0.146,0.584,28.321,89.635,0.0
47210,경북,영주시,2,33.43,10.93,-3.93,-31.29,452.26,2.98,0.308,1.232,13.239,29.587,0.0
47230,경북,영천시,2,35.65,10.72,-5.27,-22.53,517.78,3.48,0.236,1.385,15.473,62.601,0.0
47900,경북,예천군,2,34.46,1.88,-1.59,38.65,350.66,2.86,0.162,1.023,22.782,52.728,0.0
47940,경북,울릉군,2,32.15,10.61,-4.8,-18.44,604.68,3.09,0.0,0.715,10.372,41.488,0.0
47930,경북,울진군,2,33.63,9.15,-3.31,-20.41,537.03,3.89,0.194,1.296,18.982,54.224,0.0
47730,경북,의성군,2,49.2,12.37,-4.77,-34.62,380.02,2.7,0.339,0.891,22.995,48.197,0.0
47820,경북,청도군,2,46.49,13.72,-6.08,-38.47,452.98,2.88,0.483,0.858,20.804,27.882,0.0
47750,경북,청송군,2,45.32,12.62,-4.65,-32.54,480.65,3.41,0.094,1.039,23.989,54.023,0.0
47850,경북,칠곡군,2,21.87,9.31,-11.94,-33.57,641.06,3.94,0.349,1.962,14.346,77.399,0.087
27720,대구,군위군,2,48.96,13.09,-5.73,-38.37,447.58,2.85,0.0,0.637,21.288,61.954,0.0
26200,부산,영도구,2,35.06,13.54,-5.44,-33.64,459.11,4.05,0.253,1.488,3.734,12.102,0.0
28710,인천,강화군,2,40.75,11.93,-4.32,-14.79,369.99,2.64,0.176,0.951,11.126,54.186,0.0
28720,인천,옹진군,2,36.09,14.7,-5.56,-20.76,383.18,2.78,0.141,0.282,13.264,18.908,0.0
46810,전남,강진군,2,40.67,9.8,-4.12,-44.51,524.37,2.73,0.155,1.083,29.073,0.851,0.0
46770,전남,고흥군,2,47.25,9.76,-3.82,-42.57,400.52,2.73,0.178,1.068,26.023,42.576,0.0
46720,전남,곡성군,2,41.16,8.55,-3.57,-47.61,560.34,3.65,0.178,1.336,32.413,45.414,0.0
46730,전남,구례군,2,41.29,11.19,-5.55,-44.02,429.09,2.91,0.305,1.119,32.255,32.865,0.0
46710,전남,담양군,2,37.44,9.22,-5.04,-28.36,562.4,3.19,0.423,1.269,24.846,32.886,0.0
46780,전남,보성군,2,44.87,10.53,-4.92,-50.0,422.14,2.77,0.363,1.451,30.653,1.814,0.0
46910,전남,신안군,2,38.57,6.19,-4.88,-25.15,459.17,3.26,0.248,0.681,27.685,35.489,0.0
46870,전남,영광군,2,32.45,5.89,-2.1,-11.76,463.61,3.12,0.23,1.612,25.507,9.846,0.0
46830,전남,영암군,2,32.22,8.42,-5.64,-34.67,835.09,4.83,0.186,1.55,30.808,60.563,0.0
46890,전남,완도군,2,39.0,9.34,-5.68,-34.19,437.51,2.77,0.057,1.207,21.094,26.44,0.0
46880,전남,장성군,2,35.06,7.85,-3.81,-20.5,616.69,3.68,0.266,1.062,26.157,64.33,0.0
46800,전남,장흥군,2,40.41,9.4,-4.01,-57.48,511.13,3.03,0.289,1.158,31.255,55.925,0.0
46900,전남,진도군,2,39.63,8.13,-3.72,-32.03,381.38,2.34,0.271,1.173,27.612,39.884,0.0
46860,전남,함평군,2,42.7,9.84,-4.3,-42.32,560.35,3.29,0.238,1.113,33.625,70.588,0.0
46820,전남,해남군,2,39.08,10.39,-4.69,-42.87,489.35,2.96,0.206,1.317,27.198,53.944,0.0
46790,전남,화순군,2,32.28,8.52,-2.76,-28.97,513.18,3.7,0.978,1.646,26.856,46.098,0.0
52790,전북,고창군,2,40.95,11.48,-5.81,-43.49,469.58,2.58,0.339,1.066,30.965,51.754,0.0
52210,전북,김제시,2,36.15,7.84,-2.73,-17.92,556.4,3.13,0.373,1.389,23.914,54.739,0.0
52190,전북,남원시,2,34.5,9.9,-4.23,-36.73,435.8,2.58,0.273,1.561,22.479,39.728,0.0
52730,전북,무주군,2,39.64,9.47,-4.3,-33.34,515.59,2.83,0.111,1.329,33.105,49.601,0.0
52800,전북,부안군,2,39.99,11.1,-5.5,-42.1,505.2,2.79,0.318,1.589,28.228,47.029,0.0
52770,전북,순창군,2,38.41,7.71,-3.96,-34.37,411.12,2.74,0.282,1.315,37.016,50.827,0.0
52750,전북,임실군,2,43.33,11.7,-6.26,-42.75,515.03,2.59,0.183,1.188,35.179,60.673,0.0
52740,전북,장수군,2,40.77,11.25,-5.47,-35.31,469.78,2.74,0.0,1.055,35.76,42.209,0.0
52180,전북,정읍시,2,33.28,8.77,-4.01,-32.31,503.22,2.85,0.297,1.872,25.105,41.714,0.0
52720,전북,진안군,2,41.78,10.58,-4.31,-33.58,514.92,2.61,0.197,0.888,37.114,56.756,0.0
44150,충남,공주시,2,33.04,11.01,-3.71,-31.11,579.34,3.65,0.393,1.725,15.588,61.747,0.0
44710,충남,금산군,2,38.26,11.51,-5.72,-39.9,622.53,3.1,0.16,1.764,21.275,55.808,0.0
44230,충남,논산시,2,33.53,10.76,-4.7,-31.12,514.71,3.02,0.391,1.871,18.323,38.126,0.0
44180,충남,보령시,2,33.22,11.11,-5.42,-27.98,501.41,3.28,0.196,1.666,16.011,50.876,0.0
44760,충남,부여군,2,43.06,13.46,-5.21,-50.03,435.94,3.06,0.239,1.392,20.963,52.826,0.0
44770,충남,서천군,2,43.83,12.44,-4.8,-43.05,631.79,3.52,0.29,1.304,19.614,51.063,0.0
44810,충남,예산군,2,36.18,9.13,-3.26,-23.13,518.7,3.38,0.105,1.368,17.045,51.24,0.0
44790,충남,청양군,2,42.0,10.46,-3.77,-48.41,499.12,2.77,0.159,1.032,26.443,98.626,0.0
44825,충남,태안군,2,39.31,12.91,-6.06,-29.43,474.88,2.95,0.043,1.241,11.678,76.699,0.0
43760,충북,괴산군,2,41.65,11.91,-4.37,-30.78,547.31,3.57,0.251,0.752,23.827,57.374,0.0
43800,충북,단양군,2,40.54,14.65,-5.27,-40.74,609.06,3.41,0.092,0.828,17.295,54.37,0.0
43720,충북,보은군,2,42.4,12.63,-4.65,-39.03,614.01,3.96,0.386,1.159,24.258,60.646,0.0
43740,충북,영동군,2,39.97,12.77,-6.08,-55.64,425.66,3.15,0.233,1.395,23.834,49.704,0.0
43730,충북,옥천군,2,36.63,11.27,-4.79,-29.36,553.5,3.21,0.275,1.211,19.702,57.234,0.0
43150,충북,제천시,2,28.96,11.28,-3.76,-25.35,481.59,3.18,0.243,1.484,11.868,42.914,0.0
