cluster,지역코드,시도,지역명
1,51150,강원,강릉시
1,51170,강원,동해시
1,51210,강원,속초시
1,51130,강원,원주시
1,51110,강원,춘천시
1,41280,경기,고양시
1,41290,경기,과천시
1,41210,경기,광명시
1,41610,경기,광주시
1,41310,경기,구리시
1,41410,경기,군포시
1,41570,경기,김포시
1,41360,경기,남양주시
1,41250,경기,동두천시
1,41190,경기,부천시
1,41130,경기,성남시
1,41110,경기,수원시
1,41390,경기,시흥시
1,41270,경기,안산시
1,41550,경기,안성시
1,41170,경기,안양시
1,41630,경기,양주시
1,41370,경기,오산시
1,41460,경기,용인시
1,41430,경기,의왕시
1,41150,경기,의정부시
1,41500,경기,이천시
1,41480,경기,파주시
1,41220,경기,평택시
1,41450,경기,하남시
1,41590,경기,화성시
1,48310,경남,거제시
1,48250,경남,김해시
1,48240,경남,사천시
1,48330,경남,양산시
1,48170,경남,진주시
1,48120,경남,창원시
1,47290,경북,경산시
1,47130,경북,경주시
1,47190,경북,구미시
1,47110,경북,포항시
1,29200,광주,광산구
1,29155,광주,남구
1,29110,광주,동구
1,29170,광주,북구
1,29140,광주,서구
1,27200,대구,남구
1,27290,대구,달서구
1,27710,대구,달성군
1,27140,대구,동구
1,27230,대구,북구
1,27170,대구,서구
1,27260,대구,수성구
1,27110,대구,중구
1,30230,대전,대덕구
1,30110,대전,동구
1,30170,대전,서구
1,30200,대전,유성구
1,30140,대전,중구
1,26440,부산,강서구
1,26410,부산,금정구
1,26710,부산,기장군
1,26290,부산,남구
1,26170,부산,동구
1,26260,부산,동래구
1,26230,부산,부산진구
1,26320,부산,북구
1,26530,부산,사상구
1,26380,부산,사하구
1,26140,부산,서구
1,26500,부산,수영구
1,26470,부산,연제구
1,26110,부산,중구
1,26350,부산,해운대구
1,11680,서울,강남구
1,11740,서울,강동구
1,11305,서울,강북구
1,11500,서울,강서구
1,11620,서울,관악구
1,11215,서울,광진구
1,11530,서울,구로구
1,11545,서울,금천구
1,11350,서울,노원구
1,11320,서울,도봉구
1,11230,서울,동대문구
1,11590,서울,동작구
1,11440,서울,마포구
1,11410,서울,서대문구
1,11650,서울,서초구
1,11200,서울,성동구
1,11290,서울,성북구
1,11710,서울,송파구
1,11470,서울,양천구
1,11560,서울,영등포구
1,11170,서울,용산구
1,11380,서울,은평구
1,11110,서울,종로구
1,11140,서울,중구
1,11260,서울,중랑구
1,36110,세종,세종특별자치시
1,31140,울산,남구
1,31170,울산,동구
1,31200,울산,북구
1,31710,울산,울주군
1,31110,울산,중구
1,28245,인천,계양구
1,28200,인천,남동구
1,28140,인천,동구
1,28177,인천,미추홀구
1,28237,인천,부평구
1,28260,인천,서구
1,28185,인천,연수구
1,28110,인천,중구
1,46230,전남,광양시
1,46170,전남,나주시
1,46110,전남,목포시
1,46840,전남,무안군
1,46150,전남,순천시
1,46130,전남,여수시
1,52130,전북,군산시
1,52710,전북,완주군
1,52140,전북,익산시
1,52110,전북,전주시
1,50130,제주,서귀포시
1,50110,제주,제주시
1,44250,충남,계룡시
1,44270,충남,당진시
1,44210,충남,서산시
1,44200,충남,아산시
1,44130,충남,천안시
1,44800,충남,홍성군
1,43770,충북,음성군
1,43745,충북,증평군
1,43750,충북,진천군
1,43110,충북,청주시
1,43130,충북,충주시
2,51820,강원,고성군
2,51230,강원,삼척시
2,51800,강원,양구군
2,51830,강원,양양군
2,51750,강원,영월군
2,51810,강원,인제군
2,51770,강원,정선군
2,51780,강원,철원군
2,51190,강원,태백시
2,51760,강원,평창군
2,51720,강원,홍천군
2,51790,강원,화천군
2,51730,강원,횡성군
2,41820,경기,가평군
2,41830,경기,양평군
2,41670,경기,여주시
2,41800,경기,연천군
2,41650,경기,포천시
2,48880,경남,거창군
2,48820,경남,고성군
2,48840,경남,남해군
2,48270,경남,밀양시
2,48860,경남,산청군
2,48720,경남,의령군
2,48740,경남,창녕군
2,48220,경남,통영시
2,48850,경남,하동군
2,48730,경남,함안군
2,48870,경남,함양군
2,48890,경남,합천군
2,47830,경북,고령군
2,47150,경북,김천시
2,47280,경북,문경시
2,47920,경북,봉화군
2,47250,경북,상주시
2,47840,경북,성주군
2,47170,경북,안동시
2,47770,경북,영덕군
2,47760,경북,영양군
2,47210,경북,영주시
2,47230,경북,영천시
2,47900,경북,예천군
2,47940,경북,울릉군
2,47930,경북,울진군
2,47730,경북,의성군
2,47820,경북,청도군
2,47750,경북,청송군
2,47850,경북,칠곡군
2,27720,대구,군위군
2,26200,부산,영도구
2,28710,인천,강화군
2,28720,인천,옹진군
2,46810,전남,강진군
2,46770,전남,고흥군
2,46720,전남,곡성군
2,46730,전남,구례군
2,46710,전남,담양군
2,46780,전남,보성군
2,46910,전남,신안군
2,46870,전남,영광군
2,46830,전남,영암군
2,46890,전남,완도군
2,46880,전남,장성군
2,46800,전남,장흥군
2,46900,전남,진도군
2,46860,전남,함평군
2,46820,전남,해남군
2,46790,전남,화순군
2,52790,전북,고창군
2,52210,전북,김제시
2,52190,전북,남원시
2,52730,전북,무주군
2,52800,전북,부안군
2,52770,전북,순창군
2,52750,전북,임실군
2,52740,전북,장수군
2,52180,전북,정읍시
2,52720,전북,진안군
2,44150,충남,공주시
2,44710,충남,금산군
2,44230,충남,논산시
2,44180,충남,보령시
2,44760,충남,부여군
2,44770,충남,서천군
2,44810,충남,예산군
2,44790,충남,청양군
2,44825,충남,태안군
2,43760,충북,괴산군
2,43800,충북,단양군
2,43720,충북,보은군
2,43740,충북,영동군
2,43730,충북,옥천군
2,43150,충북,제천시
