,PC1_loading,PC2_loading
고령화율_2025,0.39614783566850303,0.020279798382920603
고령화율변화폭_2016_2025,0.3128838718085971,-0.22842939502014753
청년비율변화폭_2016_2025,-0.24040392214312517,0.02154903962745989
청년순이동률_2016_2025,-0.36313257918355507,0.09075728172820074
인구천명당_종사자수_2024,-0.01764205222314968,0.700431519370001
사업체당_종사자수_2024,-0.28135231076571243,0.4248487438306552
노인천명당_병원수,-0.15451544684027188,0.03490243500095794
노인천명당_약국수,-0.38898469794881985,0.03708837638573009
노인천명당_복지시설수,0.35043310463338867,0.24853879631932357
노인천명당_버스정류장수,0.2669215327260449,0.41904510962173597
노인천명당_철도역수,-0.32681234741770804,-0.1662608273334042
