,고령화율_2025,고령화율변화폭_2016_2025,청년비율_2025,청년비율변화폭_2016_2025,인구증감률_2016_2025,청년순이동률_2016_2025,인구천명당_사업체수_2024,인구천명당_종사자수_2024,사업체당_종사자수_2024
고령화율_2025,1.0,0.6864723273478521,-0.8770459427104996,-0.3010241176492028,-0.5222708819462263,-0.7294209651315003,0.34173765328521954,-0.04649365712840527,-0.5289183264186886
고령화율변화폭_2016_2025,0.6864723273478521,1.0,-0.6370967790576003,-0.5387596236756703,-0.6817974210582366,-0.7886846156078853,0.14990878661950485,-0.11750866893222672,-0.40923140444299155
청년비율_2025,-0.8770459427104996,-0.6370967790576003,1.0,0.5983115578384528,0.36373654767940927,0.6692977710569025,-0.19591196058677518,0.1591449507456997,0.4842063834262306
청년비율변화폭_2016_2025,-0.3010241176492028,-0.5387596236756703,0.5983115578384528,1.0,0.2586282571406398,0.4464237775422856,0.1006725362447185,0.21521512193633716,0.16330469105319922
인구증감률_2016_2025,-0.5222708819462263,-0.6817974210582366,0.36373654767940927,0.2586282571406398,1.0,0.9013614412001764,-0.16401443420854564,0.00991468658384816,0.272180546083795
청년순이동률_2016_2025,-0.7294209651315003,-0.7886846156078853,0.6692977710569025,0.4464237775422856,0.9013614412001764,1.0,-0.15085460948920085,0.11790709244306131,0.39894339695054515
인구천명당_사업체수_2024,0.34173765328521954,0.14990878661950485,-0.19591196058677518,0.1006725362447185,-0.16401443420854564,-0.15085460948920085,1.0,0.8368763266821149,0.004067739293859359
인구천명당_종사자수_2024,-0.04649365712840527,-0.11750866893222672,0.1591449507456997,0.21521512193633716,0.00991468658384816,0.11790709244306131,0.8368763266821149,1.0,0.5051177234021126
사업체당_종사자수_2024,-0.5289183264186886,-0.40923140444299155,0.4842063834262306,0.16330469105319922,0.272180546083795,0.39894339695054515,0.004067739293859359,0.5051177234021126,1.0
