변수1,변수2,상관계수
인구증감률_2016_2025,청년순이동률_2016_2025,0.9013614412001764
고령화율_2025,청년비율_2025,-0.8770459427104996
인구천명당_사업체수_2024,인구천명당_종사자수_2024,0.8368763266821149
고령화율변화폭_2016_2025,청년순이동률_2016_2025,-0.7886846156078853
고령화율_2025,청년순이동률_2016_2025,-0.7294209651315003
고령화율_2025,고령화율변화폭_2016_2025,0.6864723273478521
고령화율변화폭_2016_2025,인구증감률_2016_2025,-0.6817974210582366
청년비율_2025,청년순이동률_2016_2025,0.6692977710569025
고령화율변화폭_2016_2025,청년비율_2025,-0.6370967790576003
청년비율_2025,청년비율변화폭_2016_2025,0.5983115578384528
고령화율변화폭_2016_2025,청년비율변화폭_2016_2025,-0.5387596236756703
고령화율_2025,사업체당_종사자수_2024,-0.5289183264186886
고령화율_2025,인구증감률_2016_2025,-0.5222708819462263
인구천명당_종사자수_2024,사업체당_종사자수_2024,0.5051177234021126
청년비율_2025,사업체당_종사자수_2024,0.4842063834262306
청년비율변화폭_2016_2025,청년순이동률_2016_2025,0.4464237775422856
고령화율변화폭_2016_2025,사업체당_종사자수_2024,-0.40923140444299155
청년순이동률_2016_2025,사업체당_종사자수_2024,0.39894339695054515
청년비율_2025,인구증감률_2016_2025,0.36373654767940927
고령화율_2025,인구천명당_사업체수_2024,0.34173765328521954
고령화율_2025,청년비율변화폭_2016_2025,-0.3010241176492028
인구증감률_2016_2025,사업체당_종사자수_2024,0.272180546083795
청년비율변화폭_2016_2025,인구증감률_2016_2025,0.2586282571406398
청년비율변화폭_2016_2025,인구천명당_종사자수_2024,0.21521512193633716
청년비율_2025,인구천명당_사업체수_2024,-0.19591196058677518
인구증감률_2016_2025,인구천명당_사업체수_2024,-0.16401443420854564
청년비율변화폭_2016_2025,사업체당_종사자수_2024,0.16330469105319922
청년비율_2025,인구천명당_종사자수_2024,0.1591449507456997
청년순이동률_2016_2025,인구천명당_사업체수_2024,-0.15085460948920085
고령화율변화폭_2016_2025,인구천명당_사업체수_2024,0.14990878661950485
청년순이동률_2016_2025,인구천명당_종사자수_2024,0.11790709244306131
고령화율변화폭_2016_2025,인구천명당_종사자수_2024,-0.11750866893222672
청년비율변화폭_2016_2025,인구천명당_사업체수_2024,0.1006725362447185
고령화율_2025,인구천명당_종사자수_2024,-0.04649365712840527
인구증감률_2016_2025,인구천명당_종사자수_2024,0.00991468658384816
인구천명당_사업체수_2024,사업체당_종사자수_2024,0.004067739293859359
