미스매치순위,지역코드,시도,지역명,cluster,cluster_name,고령화율_2025,고령화율변화폭_2016_2025,청년순이동률_2016_2025,고령화수요점수_100,인프라공급점수_100,미스매치점수_100
1,51760,강원,평창군,2,고령화_청년유출형,37.34,14.63,-33.36,88.64628820960698,25.63318777292577,63.01310043668121
2,28720,인천,옹진군,2,고령화_청년유출형,36.09,14.7,-20.76,87.77292576419214,29.388646288209607,58.38427947598253
3,51770,강원,정선군,2,고령화_청년유출형,36.02,12.75,-32.68,82.53275109170306,26.63755458515284,55.89519650655021
4,26200,부산,영도구,2,고령화_청년유출형,35.06,13.54,-33.64,84.60698689956332,29.03930131004367,55.567685589519655
5,27720,대구,군위군,2,고령화_청년유출형,48.96,13.09,-38.37,96.2882096069869,41.52838427947599,54.75982532751091
6,48850,경남,하동군,2,고령화_청년유출형,43.45,14.2,-57.86,96.0698689956332,41.70305676855895,54.36681222707425
7,48860,경남,산청군,2,고령화_청년유출형,44.81,12.57,-42.29,91.70305676855897,37.51091703056769,54.19213973799126
8,43800,충북,단양군,2,고령화_청년유출형,40.54,14.65,-40.74,93.23144104803494,39.47598253275109,53.75545851528385
9,51820,강원,고성군,2,고령화_청년유출형,35.34,11.59,-36.21,76.9650655021834,24.58515283842795,52.379912663755455
10,47830,경북,고령군,2,고령화_청년유출형,40.02,14.07,-39.85,91.48471615720524,40.6113537117904,50.87336244541484
11,51730,강원,횡성군,2,고령화_청년유출형,39.1,14.48,-34.75,90.6113537117904,40.65502183406114,49.95633187772925
12,47750,경북,청송군,2,고령화_청년유출형,45.32,12.62,-32.54,92.79475982532752,43.53711790393013,49.25764192139738
13,47920,경북,봉화군,2,고령화_청년유출형,45.36,13.44,-46.78,96.5065502183406,48.38427947598253,48.12227074235807
14,47820,경북,청도군,2,고령화_청년유출형,46.49,13.72,-38.47,97.37991266375543,50.96069868995633,46.41921397379912
15,44825,충남,태안군,2,고령화_청년유출형,39.31,12.91,-29.43,87.55458515283843,41.17903930131004,46.37554585152838
16,51720,강원,홍천군,2,고령화_청년유출형,35.62,14.31,-23.88,86.24454148471615,39.86899563318778,46.37554585152838
17,51790,강원,화천군,2,고령화_청년유출형,29.76,11.46,-41.46,70.3056768558952,23.97379912663756,46.331877729257634
18,48890,경남,합천군,2,고령화_청년유출형,47.39,12.05,-52.66,91.8122270742358,46.15720524017466,45.655021834061145
19,28710,인천,강화군,2,고령화_청년유출형,40.75,11.93,-14.79,85.37117903930131,39.91266375545852,45.4585152838428
20,46810,전남,강진군,2,고령화_청년유출형,40.67,9.8,-44.51,73.14410480349345,30.436681222707424,42.70742358078603
