지역코드,시도,지역명,cluster,cluster_name,고령화율_2025,고령화율변화폭_2016_2025,청년순이동률_2016_2025,인구증감률_2016_2025,고령화수요점수_100,인프라공급점수_100,미스매치점수_100,병원_미스매치점수,약국_미스매치점수,복지_미스매치점수,버스_미스매치점수,철도_미스매치점수
51760,강원,평창군,2,고령화_청년유출형,37.34,14.63,-33.36,-8.05,88.64628820960698,25.63318777292577,63.01310043668121,0.7729257641921397,0.6986899563318777,0.2270742358078602,0.8427947598253275,0.6091703056768558
28720,인천,옹진군,2,고령화_청년유출형,36.09,14.7,-20.76,-8.03,87.77292576419214,29.388646288209607,58.38427947598253,0.7554585152838428,0.8733624454148471,0.2663755458515283,0.4235807860262008,0.6004366812227073
51770,강원,정선군,2,고령화_청년유출형,36.02,12.75,-32.68,-9.92,82.53275109170306,26.63755458515284,55.89519650655021,0.648471615720524,0.6855895196506551,0.1266375545851529,0.7860262008733625,0.5480349344978166
26200,부산,영도구,2,고령화_청년유출형,35.06,13.54,-33.64,-19.61,84.60698689956332,29.03930131004367,55.567685589519655,0.4006550218340611,0.5185589519650655,0.7718340611353711,0.5185589519650655,0.5687772925764192
27720,대구,군위군,2,고령화_청년유출형,48.96,13.09,-38.37,-7.11,96.2882096069869,41.52838427947599,54.75982532751091,0.945414847161572,0.9497816593886462,0.1462882096069868,0.0109170305676855,0.685589519650655
48850,경남,하동군,2,고령화_청년유출형,43.45,14.2,-57.86,-19.44,96.0698689956332,41.70305676855895,54.36681222707425,0.7336244541484717,0.9126637554585152,0.0917030567685589,0.296943231441048,0.6834061135371179
48860,경남,산청군,2,고령화_청년유출형,44.81,12.57,-42.29,-9.29,91.70305676855897,37.51091703056769,54.19213973799126,0.868995633187773,0.8296943231441049,0.0131004366812227,0.3580786026200874,0.6397379912663756
43800,충북,단양군,2,고령화_청년유출형,40.54,14.65,-40.74,-12.1,93.23144104803494,39.47598253275109,53.75545851528385,0.868995633187773,0.9017467248908296,0.2161572052401746,0.0458515283842795,0.6550218340611353
51820,강원,고성군,2,고령화_청년유출형,35.34,11.59,-36.21,-10.86,76.9650655021834,24.58515283842795,52.379912663755455,0.7521834061135371,0.6058951965065502,0.1277292576419213,0.6408296943231441,0.4923580786026201
47830,경북,고령군,2,고령화_청년유출형,40.02,14.07,-39.85,-13.4,91.48471615720524,40.6113537117904,50.87336244541484,0.7074235807860262,0.8449781659388647,0.1419213973799126,0.2117903930131004,0.6375545851528384
51730,강원,횡성군,2,고령화_청년유출형,39.1,14.48,-34.75,-0.79,90.6113537117904,40.65502183406114,49.95633187772925,0.8100436681222707,0.8275109170305677,0.2685589519650654,-0.037117903930131,0.6288209606986899
47750,경북,청송군,2,고령화_청년유출형,45.32,12.62,-32.54,-11.17,92.79475982532752,43.53711790393013,49.25764192139738,0.8580786026200873,0.8275109170305677,0.0720524017467248,0.0545851528384279,0.6506550218340612
47920,경북,봉화군,2,고령화_청년유출형,45.36,13.44,-46.78,-15.58,96.5065502183406,48.38427947598253,48.12227074235807,0.7991266375545851,0.9301310043668122,0.1441048034934496,0.1965065502183405,0.336244541484716
47820,경북,청도군,2,고령화_청년유출형,46.49,13.72,-38.47,-7.91,97.37991266375543,50.96069868995633,46.41921397379912,0.0698689956331877,0.9344978165938864,0.1834061135371179,0.4366812227074235,0.6965065502183405
44825,충남,태안군,2,고령화_청년유출형,39.31,12.91,-29.43,-6.93,87.55458515283843,41.17903930131004,46.37554585152838,0.8406113537117904,0.6659388646288209,0.3209606986899563,-0.1069868995633187,0.5982532751091703
51720,강원,홍천군,2,고령화_청년유출형,35.62,14.31,-23.88,-5.66,86.24454148471615,39.86899563318778,46.37554585152838,0.6441048034934498,0.7139737991266375,0.3296943231441047,0.0458515283842794,0.5851528384279476
48890,경남,합천군,2,고령화_청년유출형,47.39,12.05,-52.66,-18.4,91.8122270742358,46.15720524017466,45.655021834061145,0.5906113537117904,0.8744541484716157,-0.0251091703056768,0.2019650655021834,0.6408296943231442
28710,인천,강화군,2,고령화_청년유출형,40.75,11.93,-14.79,2.48,85.37117903930131,39.91266375545852,45.4585152838428,0.6157205240174672,0.7794759825327511,0.3253275109170306,-0.0240174672489082,0.5764192139737991
46810,전남,강진군,2,고령화_청년유출형,40.67,9.8,-44.51,-15.77,73.14410480349345,30.436681222707424,42.70742358078603,0.5698689956331877,0.6048034934497817,-0.2030567685589519,0.7096069868995633,0.4541484716157205
52740,전북,장수군,2,고령화_청년유출형,40.77,11.25,-35.31,-11.45,82.75109170305677,42.05240174672489,40.69868995633188,0.8100436681222707,0.722707423580786,-0.1637554585152838,0.1157205240174672,0.5502183406113537
51830,강원,양양군,2,고령화_청년유출형,36.71,11.06,-15.06,0.27,75.9825327510917,36.02620087336245,39.956331877729255,0.74235807860262,0.62882096069869,0.056768558951965,0.0873362445414847,0.482532751091703
47770,경북,영덕군,2,고령화_청년유출형,45.01,11.98,-37.96,-16.27,90.17467248908298,50.5240174672489,39.65065502183407,0.591703056768559,0.5655021834061136,0.1637554585152838,0.037117903930131,0.6244541484716157
48820,경남,고성군,2,고령화_청년유출형,39.24,12.8,-45.83,-13.9,86.8995633187773,48.20960698689956,38.68995633187773,0.3733624454148472,0.8034934497816594,0.074235807860262,0.0917030567685589,0.591703056768559
51750,강원,영월군,2,고령화_청년유출형,38.08,13.34,-47.1,-10.03,86.68122270742357,48.34061135371179,38.340611353711786,0.5305676855895196,0.6615720524017467,0.1855895196506549,-0.0502183406113537,0.5895196506550218
43760,충북,괴산군,2,고령화_청년유출형,41.65,11.91,-30.78,-1.74,86.68122270742357,50.0,36.68122270742358,0.425764192139738,0.8406113537117904,0.0240174672489082,-0.0458515283842795,0.5895196506550218
48270,경남,밀양시,2,고령화_청년유출형,36.53,12.89,-27.54,-8.4,84.06113537117903,47.903930131004365,36.15720524017468,0.0982532751091703,0.6179039301310044,0.1943231441048035,0.3340611353711791,0.5633187772925765
51190,강원,태백시,2,고령화_청년유출형,32.72,13.03,-41.52,-21.21,79.25764192139738,43.36244541484716,35.89519650655023,0.3602620087336244,0.4737991266375546,0.2729257641921397,0.1724890829694323,0.5152838427947599
46780,전남,보성군,2,고령화_청년유출형,44.87,10.53,-50.0,-17.12,81.6593886462882,46.37554585152838,35.283842794759835,0.0698689956331878,0.5043668122270742,-0.1353711790393013,0.7860262008733625,0.5393013100436681
46770,전남,고흥군,2,고령화_청년유출형,47.25,9.76,-42.57,-12.12,78.38427947598254,45.06550218340612,33.31877729257642,0.537117903930131,0.6659388646288209,-0.1069868995633187,0.0633187772925764,0.5065502183406114
47280,경북,문경시,2,고령화_청년유출형,37.85,12.03,-41.96,-12.52,81.4410480349345,48.29694323144104,33.14410480349345,0.6200873362445414,0.3820960698689956,0.0458515283842794,0.0720524017467248,0.537117903930131
47250,경북,상주시,2,고령화_청년유출형,38.5,11.22,-36.64,-11.7,78.82096069868996,46.06986899563318,32.75109170305678,0.4868995633187773,0.5436681222707423,0.0327510917030567,0.0633187772925764,0.5109170305676856
48870,경남,함양군,2,고령화_청년유출형,41.15,10.65,-41.73,-11.85,78.82096069868996,46.15720524017467,32.66375545851529,0.7358078602620087,0.5087336244541485,-0.1593886462882096,0.037117903930131,0.5109170305676856
48730,경남,함안군,2,고령화_청년유출형,33.54,13.28,-41.51,-16.51,81.4410480349345,50.262008733624455,31.17903930131004,0.3602620087336244,0.5786026200873362,0.0283842794759825,0.0545851528384279,0.537117903930131
44790,충남,청양군,2,고령화_청년유출형,42.0,10.46,-48.41,-8.45,79.03930131004367,48.99563318777293,30.043668122270734,0.6135371179039301,0.6943231441048034,-0.1091703056768559,-0.2096069868995633,0.5131004366812226
52720,전북,진안군,2,고령화_청년유출형,41.78,10.58,-33.58,-6.98,79.25764192139738,50.43668122270743,28.82096069868996,0.5043668122270742,0.740174672489083,-0.2074235807860261,-0.111353711790393,0.5152838427947599
47760,경북,영양군,2,고령화_청년유출형,42.97,9.79,-30.48,-10.0,75.764192139738,46.98689956331877,28.77729257641922,0.6200873362445416,0.7489082969432315,-0.1724890829694322,-0.2379912663755458,0.480349344978166
