변수,변환전_왜도,변환전_절대왜도,변환후_왜도,변환후_절대왜도,변환여부
인구천명당_종사자수_2024,5.884721695148119,5.884721695148119,-0.13890940099512866,0.13890940099512866,Yeo-Johnson
노인천명당_약국수,2.4601248506861113,2.4601248506861113,-0.02074774490263415,0.02074774490263415,Yeo-Johnson
사업체당_종사자수_2024,2.20410690149584,2.20410690149584,0.03146296527963856,0.03146296527963856,Yeo-Johnson
노인천명당_철도역수,1.9004525620797483,1.9004525620797483,0.48849674595560444,0.48849674595560444,Yeo-Johnson
청년순이동률_2016_2025,1.3504735760740114,1.3504735760740114,0.2236740924544673,0.2236740924544673,Yeo-Johnson
노인천명당_병원수,1.088204775713027,1.088204775713027,-0.022289310614374832,0.022289310614374832,Yeo-Johnson
노인천명당_복지시설수,0.8503475632692318,0.8503475632692318,0.8503475632692318,0.8503475632692318,원본 유지
노인천명당_버스정류장수,0.6734768734485268,0.6734768734485268,0.6734768734485268,0.6734768734485268,원본 유지
고령화율_2025,0.4003347846710097,0.4003347846710097,0.4003347846710097,0.4003347846710097,원본 유지
고령화율변화폭_2016_2025,-0.34795042930067477,0.34795042930067477,-0.34795042930067477,0.34795042930067477,원본 유지
청년비율변화폭_2016_2025,0.14903892502314847,0.14903892502314847,0.14903892502314847,0.14903892502314847,원본 유지
