지역코드,시도,지역명,고령화율_2025,고령화율변화폭_2016_2025,청년비율_2025,청년비율변화폭_2016_2025,인구증감률_2016_2025,청년순이동률_2016_2025,인구천명당_사업체수_2024,인구천명당_종사자수_2024,사업체당_종사자수_2024
11110,서울,종로구,22.37,6.03,29.24,0.21,-10.27,-3.88,338.52,1920.22,5.67
11140,서울,중구,23.05,6.77,31.36,0.87,-5.94,17.29,556.63,3317.96,5.96
11170,서울,용산구,19.77,4.33,31.61,1.45,-12.31,12.04,136.64,772.93,5.66
11200,서울,성동구,19.38,6.3,31.37,-0.6,-8.24,9.37,143.47,734.55,5.12
11215,서울,광진구,18.82,7.26,33.72,-0.23,-7.29,3.71,100.3,377.98,3.77
11230,서울,동대문구,20.94,5.93,31.48,0.66,-2.49,9.1,127.32,430.19,3.38
11260,서울,중랑구,23.33,9.74,27.53,-2.51,-8.29,-0.8,111.64,304.47,2.73
11290,서울,성북구,20.66,6.48,28.3,-0.91,-6.17,-3.24,84.36,297.88,3.53
11305,서울,강북구,26.61,10.12,24.6,-3.16,-14.75,-15.36,90.4,267.01,2.95
11320,서울,도봉구,26.09,11.6,23.54,-4.07,-13.88,-18.45,83.43,264.11,3.17
11350,서울,노원구,21.64,9.16,25.27,-2.38,-14.81,-21.74,78.53,269.43,3.43
11380,서울,은평구,22.46,7.95,26.93,-1.8,-7.39,0.43,78.31,234.17,2.99
11410,서울,서대문구,20.64,5.58,29.97,-0.37,-4.47,6.59,94.0,387.42,4.12
11440,서울,마포구,17.26,4.61,33.37,-0.3,-5.86,10.19,155.17,760.62,4.9
11470,서울,양천구,19.84,8.96,23.18,-4.35,-11.02,-18.66,87.62,302.96,3.46
11500,서울,강서구,20.55,8.65,30.52,-1.87,-7.69,8.51,108.98,561.94,5.16
11530,서울,구로구,22.39,9.18,27.97,-2.89,-8.08,0.59,133.53,599.05,4.49
11545,서울,금천구,22.2,8.62,31.99,1.69,-5.14,14.71,213.48,1144.41,5.36
11560,서울,영등포구,19.2,5.39,34.18,1.76,0.2,26.39,198.3,1183.59,5.97
11590,서울,동작구,20.31,6.58,32.64,-0.67,-7.25,4.7,73.26,290.46,3.96
11620,서울,관악구,19.28,6.13,40.91,2.98,-5.77,13.29,78.81,263.17,3.34
11650,서울,서초구,17.41,6.03,25.53,-4.45,-7.33,-4.32,176.47,1209.62,6.85
11680,서울,강남구,17.14,6.24,25.85,-5.52,-1.9,-7.81,181.5,1355.09,7.47
11710,서울,송파구,18.49,7.71,28.3,-3.05,-2.2,8.14,116.84,643.88,5.51
11740,서울,강동구,19.62,7.66,26.66,-3.34,12.37,17.15,91.78,354.91,3.87
26110,부산,중구,34.15,12.69,23.88,-0.97,-19.22,-14.57,459.01,1888.96,4.12
26140,부산,서구,31.08,9.92,20.42,-3.81,-9.81,-18.19,104.57,437.89,4.19
26170,부산,동구,31.13,8.49,22.26,-1.36,-6.65,0.61,202.54,898.05,4.43
26200,부산,영도구,35.06,13.54,17.35,-5.44,-19.61,-33.64,113.47,459.11,4.05
26230,부산,부산진구,23.91,7.83,27.62,-1.03,-2.96,5.79,122.67,487.4,3.97
26260,부산,동래구,23.45,8.66,21.21,-4.85,0.2,-4.42,103.33,349.78,3.39
26290,부산,남구,25.52,9.1,22.74,-3.25,-10.08,-15.64,94.5,365.24,3.86
26320,부산,북구,25.46,13.04,21.5,-6.07,-15.26,-27.25,77.32,242.11,3.13
26350,부산,해운대구,23.55,10.01,20.63,-5.15,-11.25,-19.08,108.6,413.6,3.81
26380,부산,사하구,26.71,12.73,20.9,-6.15,-14.46,-26.02,99.9,387.54,3.88
26410,부산,금정구,28.36,12.22,22.48,-4.42,-15.55,-28.0,123.67,454.32,3.67
26440,부산,강서구,15.24,3.9,22.9,-8.52,38.0,75.37,222.48,1091.95,4.91
26470,부산,연제구,24.2,8.84,23.51,-3.11,2.15,5.91,117.07,475.46,4.06
26500,부산,수영구,27.01,9.82,25.16,-2.95,-5.69,1.21,121.41,393.26,3.24
26530,부산,사상구,26.55,13.42,22.69,-5.34,-16.61,-27.79,174.96,602.73,3.44
26710,부산,기장군,20.86,7.58,19.94,-7.56,10.33,18.71,112.26,486.84,4.34
27110,대구,중구,18.38,-0.87,31.4,2.91,26.71,58.95,266.64,934.53,3.5
27140,대구,동구,24.93,9.06,23.02,-3.72,-3.44,0.57,109.48,360.54,3.29
27170,대구,서구,28.86,12.3,20.96,-4.82,-17.82,-32.63,136.67,490.59,3.59
27200,대구,남구,28.72,9.56,23.94,-2.66,-13.35,-17.1,131.68,449.54,3.41
27230,대구,북구,20.21,8.59,24.18,-2.82,-6.93,-13.69,128.99,422.96,3.28
27260,대구,수성구,20.34,7.72,20.85,-3.35,-8.45,-23.16,94.76,356.51,3.76
27290,대구,달서구,20.71,10.07,23.2,-4.53,-12.64,-26.96,115.55,416.63,3.61
27710,대구,달성군,18.03,6.94,21.79,-7.0,16.67,36.3,105.52,454.76,4.31
27720,대구,군위군,48.96,13.09,9.07,-5.73,-7.11,-38.37,157.28,447.58,2.85
28110,인천,중구,16.38,2.73,28.94,1.69,53.12,99.12,143.11,745.47,5.21
28140,인천,동구,28.85,11.05,20.19,-5.1,-20.47,-23.67,183.58,655.24,3.57
28177,인천,미추홀구,21.47,7.7,25.8,-3.45,0.11,7.49,104.05,344.67,3.31
28185,인천,연수구,13.99,5.81,25.02,-3.98,24.59,28.74,92.99,407.07,4.38
28200,인천,남동구,20.44,10.28,23.89,-5.81,-9.57,-12.39,118.79,511.25,4.3
28237,인천,부평구,20.31,9.22,26.27,-3.89,-10.78,-12.65,97.26,348.84,3.59
28245,인천,계양구,20.15,11.14,24.79,-5.17,-15.91,-27.0,100.67,348.51,3.46
28260,인천,서구,14.32,5.96,26.26,-3.22,28.12,38.45,106.91,397.82,3.72
28710,인천,강화군,40.75,11.93,12.92,-4.32,2.48,-14.79,139.92,369.99,2.64
28720,인천,옹진군,36.09,14.7,19.48,-5.56,-8.03,-20.76,137.78,383.18,2.78
29110,광주,동구,24.67,4.4,26.34,-0.26,9.5,15.5,170.12,643.7,3.78
29140,광주,서구,19.49,8.12,25.24,-3.16,-11.15,-16.18,146.19,591.75,4.05
29155,광주,남구,22.58,7.93,21.49,-5.18,-5.52,-17.8,93.39,339.28,3.63
29170,광주,북구,20.18,8.01,24.59,-4.05,-5.49,-15.38,109.4,427.8,3.91
29200,광주,광산구,13.1,5.14,25.81,-3.09,-3.83,-5.41,129.23,480.84,3.72
30110,대전,동구,24.11,8.89,24.4,-2.68,-6.94,-15.84,112.04,371.29,3.31
30140,대전,중구,24.41,9.17,22.81,-3.33,-10.63,-17.49,132.13,445.85,3.37
30170,대전,서구,17.47,7.47,27.82,-1.93,-5.63,-4.56,113.66,444.91,3.91
30200,대전,유성구,13.38,5.96,30.08,-1.33,7.08,21.32,107.67,591.89,5.5
30230,대전,대덕구,22.63,10.81,23.22,-3.84,-14.09,-29.15,155.54,607.5,3.91
31110,울산,중구,21.78,11.03,21.4,-6.56,-15.82,-26.46,98.51,312.41,3.17
31140,울산,남구,17.96,9.33,25.1,-3.8,-10.74,-15.93,132.67,583.71,4.4
31170,울산,동구,19.82,11.59,21.08,-10.58,-14.47,-24.85,71.66,523.35,7.3
31200,울산,북구,13.0,6.35,23.66,-6.31,10.21,13.19,88.54,553.94,6.26
31710,울산,울주군,21.1,9.27,20.66,-4.78,-0.04,-11.58,118.62,578.57,4.88
36110,세종,세종특별자치시,12.28,2.32,24.05,-5.77,61.27,93.27,92.45,440.25,4.76
41110,경기,수원시,15.24,6.53,29.48,-2.42,-0.63,4.94,100.26,405.75,4.05
41130,경기,성남시,18.85,7.59,26.48,-3.49,-7.06,-3.08,106.51,607.11,5.7
41150,경기,의정부시,20.15,7.52,24.8,-2.47,5.27,9.1,92.96,304.73,3.28
41170,경기,안양시,18.65,8.33,26.77,-2.79,-5.71,-5.1,120.23,511.8,4.26
41190,경기,부천시,20.44,10.31,24.99,-5.35,-10.87,-14.43,115.42,409.87,3.55
41210,경기,광명시,18.54,7.77,25.46,-3.21,-13.41,-13.05,95.81,398.62,4.16
41220,경기,평택시,14.62,3.34,28.13,-0.34,29.64,54.18,108.12,482.1,4.46
41250,경기,동두천시,27.31,10.85,19.52,-5.11,-12.05,-21.96,106.88,357.71,3.35
41270,경기,안산시,16.74,8.46,27.01,-3.03,-11.21,-19.76,139.84,539.28,3.86
41280,경기,고양시,18.61,7.64,24.93,-2.84,1.96,4.77,111.71,370.4,3.32
41290,경기,과천시,15.94,3.81,25.37,-1.12,25.29,24.1,87.96,857.29,9.75
41310,경기,구리시,19.12,8.48,24.98,-3.24,-3.96,3.17,123.55,360.85,2.92
41360,경기,남양주시,18.9,7.42,22.09,-4.23,10.21,12.92,98.07,301.92,3.08
41370,경기,오산시,12.97,5.29,27.66,-4.58,19.53,30.43,93.74,347.66,3.71
41390,경기,시흥시,13.78,5.92,25.62,-3.26,27.84,37.5,138.86,474.16,3.41
41410,경기,군포시,19.82,9.81,25.53,-4.04,-11.77,-16.31,109.4,456.55,4.17
41430,경기,의왕시,19.24,8.45,26.18,-2.45,2.3,3.92,93.23,418.11,4.48
41450,경기,하남시,16.57,5.53,25.08,-4.21,55.35,104.39,110.59,375.81,3.4
41460,경기,용인시,17.05,6.06,24.31,-2.95,10.1,18.11,107.63,411.12,3.82
41480,경기,파주시,17.21,5.14,24.36,-3.62,22.1,30.6,129.78,469.44,3.62
41500,경기,이천시,18.79,6.72,25.92,-1.93,5.99,14.86,136.21,659.6,4.84
41550,경기,안성시,22.16,7.61,23.09,-2.97,7.49,9.82,142.82,615.08,4.31
41570,경기,김포시,16.88,5.74,22.46,-4.94,33.39,56.72,147.78,464.57,3.14
41590,경기,화성시,11.63,3.38,27.62,-2.58,54.47,92.63,130.32,638.31,4.9
41610,경기,광주시,18.81,8.07,22.68,-6.24,21.24,29.74,126.9,412.8,3.25
41630,경기,양주시,18.53,5.53,24.07,-0.52,44.14,59.76,115.23,376.74,3.27
41650,경기,포천시,28.28,12.58,19.85,-3.64,-9.25,-22.47,198.18,740.37,3.74
41670,경기,여주시,28.37,10.64,18.67,-4.5,2.19,-8.53,178.34,552.27,3.1
41800,경기,연천군,33.76,11.62,19.87,-3.97,-7.77,-17.25,187.74,476.12,2.54
41820,경기,가평군,33.78,12.05,17.15,-3.34,-0.52,-8.65,160.59,503.99,3.14
41830,경기,양평군,32.93,11.73,15.34,-4.95,13.98,2.92,133.95,337.06,2.52
43110,충북,청주시,17.64,6.68,26.32,-2.9,2.51,4.42,113.84,482.12,4.24
43130,충북,충주시,25.72,9.02,20.65,-3.04,-0.87,-5.55,136.97,558.35,4.08
43150,충북,제천시,28.96,11.28,18.83,-3.76,-6.24,-25.35,151.41,481.59,3.18
43720,충북,보은군,42.4,12.63,11.7,-4.65,-10.79,-39.03,155.17,614.01,3.96
43730,충북,옥천군,36.63,11.27,13.99,-4.79,-5.1,-29.36,172.23,553.5,3.21
43740,충북,영동군,39.97,12.77,12.88,-6.08,-14.88,-55.64,135.31,425.66,3.15
43745,충북,증평군,23.06,8.79,22.18,-4.85,-1.68,-2.89,127.57,431.01,3.38
43750,충북,진천군,20.54,4.38,21.27,-3.05,23.77,37.34,137.28,733.54,5.34
43760,충북,괴산군,41.65,11.91,11.88,-4.37,-1.74,-30.78,153.23,547.31,3.57
43770,충북,음성군,26.9,9.61,18.82,-4.56,-3.59,-9.7,187.11,1012.0,5.41
43800,충북,단양군,40.54,14.65,11.76,-5.27,-12.1,-40.74,178.38,609.06,3.41
44130,충남,천안시,15.11,5.89,27.66,-3.85,7.5,12.21,125.55,492.8,3.93
44150,충남,공주시,33.04,11.01,18.3,-3.71,-9.05,-31.11,158.92,579.34,3.65
44180,충남,보령시,33.22,11.11,15.67,-5.42,-11.32,-27.98,152.75,501.41,3.28
44200,충남,아산시,15.73,4.15,25.07,-4.62,18.63,27.91,110.81,594.23,5.36
44210,충남,서산시,23.58,7.17,20.34,-4.78,0.97,-2.42,121.22,513.78,4.24
44230,충남,논산시,33.53,10.76,16.41,-4.7,-13.34,-31.12,170.33,514.71,3.02
44250,충남,계룡시,16.41,7.39,21.05,-3.15,7.53,0.08,80.75,264.44,3.27
44270,충남,당진시,22.48,6.01,20.01,-6.59,3.56,3.0,137.03,597.24,4.36
44710,충남,금산군,38.26,11.51,12.41,-5.72,-10.46,-39.9,201.13,622.53,3.1
44760,충남,부여군,43.06,13.46,12.13,-5.21,-16.83,-50.03,142.69,435.94,3.06
44770,충남,서천군,43.83,12.44,11.91,-4.8,-15.69,-43.05,179.49,631.79,3.52
44790,충남,청양군,42.0,10.46,13.38,-3.77,-8.45,-48.41,180.32,499.12,2.77
44800,충남,홍성군,28.19,6.87,18.68,-3.45,0.59,3.37,137.11,478.5,3.49
44810,충남,예산군,36.18,9.13,15.32,-3.26,-3.1,-23.13,153.6,518.7,3.38
44825,충남,태안군,39.31,12.91,13.07,-6.06,-6.93,-29.43,161.06,474.88,2.95
46110,전남,목포시,22.93,9.28,20.11,-5.9,-15.03,-27.86,136.9,416.45,3.04
46130,전남,여수시,25.4,9.26,20.1,-4.62,-8.89,-21.61,130.89,556.98,4.26
46150,전남,순천시,20.66,7.03,22.76,-2.81,-1.1,-9.36,124.16,418.18,3.37
46170,전남,나주시,25.78,3.28,21.02,-2.9,12.17,31.07,149.72,576.05,3.85
46230,전남,광양시,17.41,6.47,23.16,-3.82,-0.21,-7.28,128.42,629.46,4.9
46710,전남,담양군,37.44,9.22,14.46,-5.04,-6.46,-28.36,176.3,562.4,3.19
46720,전남,곡성군,41.16,8.55,13.14,-3.57,-10.24,-47.61,153.43,560.34,3.65
46730,전남,구례군,41.29,11.19,11.6,-5.55,-13.17,-44.02,147.26,429.09,2.91
46770,전남,고흥군,47.25,9.76,10.34,-3.82,-12.12,-42.57,146.47,400.52,2.73
46780,전남,보성군,44.87,10.53,11.25,-4.92,-17.12,-50.0,152.38,422.14,2.77
46790,전남,화순군,32.28,8.52,17.21,-2.76,-7.79,-28.97,138.62,513.18,3.7
46800,전남,장흥군,40.41,9.4,13.19,-4.01,-15.9,-57.48,168.67,511.13,3.03
46810,전남,강진군,40.67,9.8,13.44,-4.12,-15.77,-44.51,191.99,524.37,2.73
46820,전남,해남군,39.08,10.39,13.08,-4.69,-17.22,-42.87,165.27,489.35,2.96
46830,전남,영암군,32.22,8.42,15.27,-5.64,-12.23,-34.67,173.01,835.09,4.83
46840,전남,무안군,21.39,1.69,21.58,-1.01,16.42,30.41,118.59,411.76,3.47
46860,전남,함평군,42.7,9.84,12.27,-4.3,-14.36,-42.32,170.41,560.35,3.29
46870,전남,영광군,32.45,5.89,17.82,-2.1,-3.76,-11.76,148.49,463.61,3.12
46880,전남,장성군,35.06,7.85,15.84,-3.81,-6.82,-20.5,167.54,616.69,3.68
46890,전남,완도군,39.0,9.34,12.33,-5.68,-15.29,-34.19,157.68,437.51,2.77
46900,전남,진도군,39.63,8.13,13.23,-3.72,-12.82,-32.03,163.11,381.38,2.34
46910,전남,신안군,38.57,6.19,12.58,-4.88,-1.86,-25.15,140.99,459.17,3.26
47110,경북,포항시,23.93,10.71,20.16,-5.17,-5.43,-13.49,124.43,499.0,4.01
47130,경북,경주시,28.86,10.06,17.79,-4.86,-5.93,-20.77,145.19,576.64,3.97
47150,경북,김천시,28.94,8.91,17.69,-5.69,-5.95,-17.59,131.99,541.97,4.11
47170,경북,안동시,29.8,9.26,19.22,-3.06,-9.59,-19.69,142.81,471.13,3.3
47190,경북,구미시,14.18,6.67,25.18,-6.8,-3.81,-10.47,118.77,509.41,4.29
47210,경북,영주시,33.43,10.93,15.72,-3.93,-11.06,-31.29,151.95,452.26,2.98
47230,경북,영천시,35.65,10.72,14.93,-5.27,-5.31,-22.53,149.0,517.78,3.48
47250,경북,상주시,38.5,11.22,13.19,-4.68,-11.7,-36.64,157.93,477.2,3.02
47280,경북,문경시,37.85,12.03,13.53,-5.22,-12.52,-41.96,138.94,448.46,3.23
47290,경북,경산시,21.98,7.88,24.11,-3.75,2.25,-2.54,116.72,467.65,4.01
47730,경북,의성군,49.2,12.37,9.52,-4.77,-11.32,-34.62,140.95,380.02,2.7
47750,경북,청송군,45.32,12.62,11.18,-4.65,-11.17,-32.54,140.96,480.65,3.41
47760,경북,영양군,42.97,9.79,11.66,-3.32,-10.0,-30.48,142.03,392.68,2.76
47770,경북,영덕군,45.01,11.98,10.45,-5.21,-16.27,-37.96,181.36,450.56,2.48
47820,경북,청도군,46.49,13.72,9.67,-6.08,-7.91,-38.47,157.53,452.98,2.88
47830,경북,고령군,40.02,14.07,12.11,-6.11,-13.4,-39.85,204.91,795.96,3.88
47840,경북,성주군,41.16,13.73,11.67,-6.79,-9.92,-36.06,196.76,633.12,3.22
47850,경북,칠곡군,21.87,9.31,17.65,-11.94,-14.9,-33.57,162.6,641.06,3.94
47900,경북,예천군,34.46,1.88,15.09,-1.59,16.72,38.65,122.64,350.66,2.86
47920,경북,봉화군,45.36,13.44,9.33,-5.94,-15.58,-46.78,139.31,457.41,3.28
47930,경북,울진군,33.63,9.15,16.38,-3.31,-11.29,-20.41,138.17,537.03,3.89
47940,경북,울릉군,32.15,10.61,16.35,-4.8,-13.05,-18.44,195.41,604.68,3.09
48120,경남,창원시,20.73,9.71,21.89,-5.96,-6.86,-15.65,114.15,475.49,4.17
48170,경남,진주시,22.05,7.83,22.82,-3.05,-3.11,-6.7,126.33,456.71,3.62
48220,경남,통영시,27.41,12.29,14.95,-9.08,-15.56,-33.54,127.72,423.08,3.31
48240,경남,사천시,27.13,8.42,17.81,-5.25,-6.07,-13.9,131.33,572.78,4.36
48250,경남,김해시,16.3,7.24,22.21,-4.82,0.68,-5.98,128.95,484.12,3.75
48270,경남,밀양시,36.53,12.89,14.2,-5.52,-8.4,-27.54,147.81,486.72,3.29
48310,경남,거제시,16.89,8.75,17.82,-12.31,-10.11,-25.13,94.39,483.13,5.12
48330,경남,양산시,19.09,8.01,21.28,-6.43,13.92,17.47,121.6,474.5,3.9
48720,경남,의령군,44.45,10.83,10.87,-5.16,-12.36,-40.36,136.94,461.23,3.37
48730,경남,함안군,33.54,13.28,13.0,-8.01,-16.51,-41.51,193.72,808.37,4.17
48740,경남,창녕군,40.18,13.38,11.68,-7.34,-14.19,-37.86,133.03,519.39,3.9
48820,경남,고성군,39.24,12.8,10.97,-7.94,-13.9,-45.83,140.11,484.72,3.46
48840,경남,남해군,43.49,8.72,11.01,-3.72,-9.66,-46.85,172.17,474.47,2.76
48850,경남,하동군,43.45,14.2,10.38,-6.9,-19.44,-57.86,169.51,483.21,2.85
48860,경남,산청군,44.81,12.57,9.99,-5.42,-9.29,-42.29,166.63,522.41,3.14
48870,경남,함양군,41.15,10.65,11.23,-4.97,-11.85,-41.73,155.05,474.03,3.06
48880,경남,거창군,33.56,8.93,15.08,-4.09,-6.84,-33.13,140.57,413.37,2.94
48890,경남,합천군,47.39,12.05,9.62,-5.33,-18.4,-52.66,148.86,408.05,2.74
50110,제주,제주시,18.52,5.95,22.84,-3.54,3.08,4.95,153.94,507.52,3.3
50130,제주,서귀포시,24.33,6.76,17.76,-5.23,5.08,2.78,137.31,455.21,3.32
51110,강원,춘천시,22.55,7.7,24.5,-1.36,1.61,4.32,121.29,468.47,3.86
51130,강원,원주시,20.23,7.73,23.57,-2.74,7.46,9.99,129.41,493.35,3.81
51150,강원,강릉시,27.61,9.99,19.72,-3.37,-3.56,-14.76,144.67,488.74,3.38
51170,강원,동해시,26.54,10.33,18.14,-4.65,-7.46,-18.51,135.3,425.5,3.15
51190,강원,태백시,32.72,13.03,14.34,-6.85,-21.21,-41.52,149.88,577.47,3.85
51210,강원,속초시,25.72,10.13,19.49,-3.38,-2.64,-6.77,150.48,437.32,2.91
51230,강원,삼척시,32.15,11.16,17.44,-5.29,-13.05,-52.88,151.39,531.69,3.51
51720,강원,홍천군,35.62,14.31,15.6,-4.6,-5.66,-23.88,154.62,493.55,3.19
51730,강원,횡성군,39.1,14.48,12.32,-5.73,-0.79,-34.75,144.13,531.59,3.69
51750,강원,영월군,38.08,13.34,13.01,-4.85,-10.03,-47.1,161.95,599.79,3.7
51760,강원,평창군,37.34,14.63,12.99,-5.39,-8.05,-33.36,171.53,548.0,3.19
51770,강원,정선군,36.02,12.75,13.27,-5.93,-9.92,-32.68,151.42,687.99,4.54
51780,강원,철원군,29.84,10.86,20.44,-5.87,-16.73,-34.84,143.02,378.13,2.64
51790,강원,화천군,29.76,11.46,23.03,-7.58,-14.82,-41.46,146.19,424.79,2.91
51800,강원,양구군,28.05,10.94,21.2,-7.33,-14.99,-32.12,166.24,551.62,3.32
51810,강원,인제군,27.16,10.04,22.9,-4.49,-5.68,-11.34,171.81,458.22,2.67
51820,강원,고성군,35.34,11.59,17.03,-6.29,-10.86,-36.21,178.82,598.36,3.35
51830,강원,양양군,36.71,11.06,14.25,-4.44,0.27,-15.06,210.34,652.15,3.1
52110,전북,전주시,19.78,7.27,24.23,-3.03,-4.04,-11.08,124.84,429.62,3.44
52130,전북,군산시,24.4,8.98,19.52,-5.53,-7.66,-17.78,136.0,465.68,3.42
52140,전북,익산시,25.57,9.42,20.9,-4.05,-11.12,-28.54,144.9,469.28,3.24
52180,전북,정읍시,33.28,8.77,15.96,-4.01,-12.2,-32.31,176.82,503.22,2.85
52190,전북,남원시,34.5,9.9,14.79,-4.23,-11.78,-36.73,169.1,435.8,2.58
52210,전북,김제시,36.15,7.84,16.06,-2.73,-6.96,-17.92,177.53,556.4,3.13
52710,전북,완주군,26.7,7.0,19.99,-3.55,5.2,2.17,144.79,629.15,4.35
52720,전북,진안군,41.78,10.58,11.95,-4.31,-6.98,-33.58,197.01,514.92,2.61
52730,전북,무주군,39.64,9.47,12.6,-4.3,-8.67,-33.34,182.35,515.59,2.83
52740,전북,장수군,40.77,11.25,12.21,-5.47,-11.45,-35.31,171.18,469.78,2.74
52750,전북,임실군,43.33,11.7,12.15,-6.26,-16.35,-42.75,199.16,515.03,2.59
52770,전북,순창군,38.41,7.71,13.6,-3.96,-7.46,-34.37,150.1,411.12,2.74
52790,전북,고창군,40.95,11.48,12.37,-5.81,-16.83,-43.49,181.79,469.58,2.58
52800,전북,부안군,39.99,11.1,12.76,-5.5,-17.17,-42.1,181.08,505.2,2.79
