지표,지역코드,시도,지역명,값
고령화율변화폭_2016_2025,27110,대구,중구,-0.87
고령화율변화폭_2016_2025,46840,전남,무안군,1.69
청년비율_2025,11620,서울,관악구,40.91
청년비율변화폭_2016_2025,11140,서울,중구,0.87
청년비율변화폭_2016_2025,11170,서울,용산구,1.45
청년비율변화폭_2016_2025,11230,서울,동대문구,0.66
청년비율변화폭_2016_2025,11545,서울,금천구,1.69
청년비율변화폭_2016_2025,11560,서울,영등포구,1.76
청년비율변화폭_2016_2025,11620,서울,관악구,2.98
청년비율변화폭_2016_2025,27110,대구,중구,2.91
청년비율변화폭_2016_2025,28110,인천,중구,1.69
청년비율변화폭_2016_2025,31170,울산,동구,-10.58
청년비율변화폭_2016_2025,47850,경북,칠곡군,-11.94
청년비율변화폭_2016_2025,48220,경남,통영시,-9.08
청년비율변화폭_2016_2025,48310,경남,거제시,-12.31
인구증감률_2016_2025,26440,부산,강서구,38.0
인구증감률_2016_2025,27110,대구,중구,26.71
인구증감률_2016_2025,28110,인천,중구,53.12
인구증감률_2016_2025,28185,인천,연수구,24.59
인구증감률_2016_2025,28260,인천,서구,28.12
인구증감률_2016_2025,36110,세종,세종특별자치시,61.27
인구증감률_2016_2025,41220,경기,평택시,29.64
인구증감률_2016_2025,41290,경기,과천시,25.29
인구증감률_2016_2025,41370,경기,오산시,19.53
인구증감률_2016_2025,41390,경기,시흥시,27.84
인구증감률_2016_2025,41450,경기,하남시,55.35
인구증감률_2016_2025,41480,경기,파주시,22.1
인구증감률_2016_2025,41570,경기,김포시,33.39
인구증감률_2016_2025,41590,경기,화성시,54.47
인구증감률_2016_2025,41610,경기,광주시,21.24
인구증감률_2016_2025,41630,경기,양주시,44.14
인구증감률_2016_2025,43750,충북,진천군,23.77
인구증감률_2016_2025,44200,충남,아산시,18.63
청년순이동률_2016_2025,26440,부산,강서구,75.37
청년순이동률_2016_2025,27110,대구,중구,58.95
청년순이동률_2016_2025,28110,인천,중구,99.12
청년순이동률_2016_2025,36110,세종,세종특별자치시,93.27
청년순이동률_2016_2025,41450,경기,하남시,104.39
청년순이동률_2016_2025,41590,경기,화성시,92.63
청년순이동률_2016_2025,41630,경기,양주시,59.76
인구천명당_사업체수_2024,11110,서울,종로구,338.52
인구천명당_사업체수_2024,11140,서울,중구,556.63
인구천명당_사업체수_2024,26110,부산,중구,459.01
인구천명당_사업체수_2024,27110,대구,중구,266.64
인구천명당_종사자수_2024,11110,서울,종로구,1920.22
인구천명당_종사자수_2024,11140,서울,중구,3317.96
인구천명당_종사자수_2024,11545,서울,금천구,1144.41
인구천명당_종사자수_2024,11560,서울,영등포구,1183.59
인구천명당_종사자수_2024,11650,서울,서초구,1209.62
인구천명당_종사자수_2024,11680,서울,강남구,1355.09
인구천명당_종사자수_2024,26110,부산,중구,1888.96
인구천명당_종사자수_2024,26170,부산,동구,898.05
인구천명당_종사자수_2024,26440,부산,강서구,1091.95
인구천명당_종사자수_2024,27110,대구,중구,934.53
인구천명당_종사자수_2024,41290,경기,과천시,857.29
인구천명당_종사자수_2024,43770,충북,음성군,1012.0
인구천명당_종사자수_2024,46830,전남,영암군,835.09
인구천명당_종사자수_2024,47830,경북,고령군,795.96
인구천명당_종사자수_2024,48730,경남,함안군,808.37
사업체당_종사자수_2024,11110,서울,종로구,5.67
사업체당_종사자수_2024,11140,서울,중구,5.96
사업체당_종사자수_2024,11170,서울,용산구,5.66
사업체당_종사자수_2024,11560,서울,영등포구,5.97
사업체당_종사자수_2024,11650,서울,서초구,6.85
사업체당_종사자수_2024,11680,서울,강남구,7.47
사업체당_종사자수_2024,11710,서울,송파구,5.51
사업체당_종사자수_2024,30200,대전,유성구,5.5
사업체당_종사자수_2024,31170,울산,동구,7.3
사업체당_종사자수_2024,31200,울산,북구,6.26
사업체당_종사자수_2024,41130,경기,성남시,5.7
사업체당_종사자수_2024,41290,경기,과천시,9.75
