검사기준,지역코드,시도,지역명,인구증감률_2016_2025,청년순이동률_2016_2025,인구천명당_사업체수_2024,인구천명당_종사자수_2024,사업체당_종사자수_2024
청년순이동률 절댓값 50% 이상,26440,부산,강서구,38.0,75.37,222.48,1091.95,4.91
청년순이동률 절댓값 50% 이상,27110,대구,중구,26.71,58.95,266.64,934.53,3.5
청년순이동률 절댓값 50% 이상,28110,인천,중구,53.12,99.12,143.11,745.47,5.21
청년순이동률 절댓값 50% 이상,36110,세종,세종특별자치시,61.27,93.27,92.45,440.25,4.76
청년순이동률 절댓값 50% 이상,41220,경기,평택시,29.64,54.18,108.12,482.1,4.46
청년순이동률 절댓값 50% 이상,41450,경기,하남시,55.35,104.39,110.59,375.81,3.4
청년순이동률 절댓값 50% 이상,41570,경기,김포시,33.39,56.72,147.78,464.57,3.14
청년순이동률 절댓값 50% 이상,41590,경기,화성시,54.47,92.63,130.32,638.31,4.9
청년순이동률 절댓값 50% 이상,41630,경기,양주시,44.14,59.76,115.23,376.74,3.27
청년순이동률 절댓값 50% 이상,43740,충북,영동군,-14.88,-55.64,135.31,425.66,3.15
청년순이동률 절댓값 50% 이상,44760,충남,부여군,-16.83,-50.03,142.69,435.94,3.06
청년순이동률 절댓값 50% 이상,46780,전남,보성군,-17.12,-50.0,152.38,422.14,2.77
청년순이동률 절댓값 50% 이상,46800,전남,장흥군,-15.9,-57.48,168.67,511.13,3.03
청년순이동률 절댓값 50% 이상,48850,경남,하동군,-19.44,-57.86,169.51,483.21,2.85
청년순이동률 절댓값 50% 이상,48890,경남,합천군,-18.4,-52.66,148.86,408.05,2.74
청년순이동률 절댓값 50% 이상,51230,강원,삼척시,-13.05,-52.88,151.39,531.69,3.51
인구증감률 절댓값 30% 이상,26440,부산,강서구,38.0,75.37,222.48,1091.95,4.91
인구증감률 절댓값 30% 이상,28110,인천,중구,53.12,99.12,143.11,745.47,5.21
인구증감률 절댓값 30% 이상,36110,세종,세종특별자치시,61.27,93.27,92.45,440.25,4.76
인구증감률 절댓값 30% 이상,41450,경기,하남시,55.35,104.39,110.59,375.81,3.4
인구증감률 절댓값 30% 이상,41570,경기,김포시,33.39,56.72,147.78,464.57,3.14
인구증감률 절댓값 30% 이상,41590,경기,화성시,54.47,92.63,130.32,638.31,4.9
인구증감률 절댓값 30% 이상,41630,경기,양주시,44.14,59.76,115.23,376.74,3.27
인구천명당 사업체수 250 이상,11110,서울,종로구,-10.27,-3.88,338.52,1920.22,5.67
인구천명당 사업체수 250 이상,11140,서울,중구,-5.94,17.29,556.63,3317.96,5.96
인구천명당 사업체수 250 이상,26110,부산,중구,-19.22,-14.57,459.01,1888.96,4.12
인구천명당 사업체수 250 이상,27110,대구,중구,26.71,58.95,266.64,934.53,3.5
인구천명당 종사자수 1000 이상,11110,서울,종로구,-10.27,-3.88,338.52,1920.22,5.67
인구천명당 종사자수 1000 이상,11140,서울,중구,-5.94,17.29,556.63,3317.96,5.96
인구천명당 종사자수 1000 이상,11545,서울,금천구,-5.14,14.71,213.48,1144.41,5.36
인구천명당 종사자수 1000 이상,11560,서울,영등포구,0.2,26.39,198.3,1183.59,5.97
인구천명당 종사자수 1000 이상,11650,서울,서초구,-7.33,-4.32,176.47,1209.62,6.85
인구천명당 종사자수 1000 이상,11680,서울,강남구,-1.9,-7.81,181.5,1355.09,7.47
인구천명당 종사자수 1000 이상,26110,부산,중구,-19.22,-14.57,459.01,1888.96,4.12
인구천명당 종사자수 1000 이상,26440,부산,강서구,38.0,75.37,222.48,1091.95,4.91
인구천명당 종사자수 1000 이상,43770,충북,음성군,-3.59,-9.7,187.11,1012.0,5.41
