지역코드,시도,지역명,cluster,cluster_name,고령화수요점수,균등가중치_인프라공급점수,균등가중치_미스매치점수,균등가중치_순위,의료강조_인프라공급점수,의료강조_미스매치점수,의료강조_순위,교통강조_인프라공급점수,교통강조_미스매치점수,교통강조_순위,철도영향축소_인프라공급점수,철도영향축소_미스매치점수,철도영향축소_순위
51760,강원,평창군,2,고령화_청년유출형,0.8864628820960698,0.2563318777292577,0.6301310043668121,1,0.25436681222707425,0.6320960698689956,4,0.25731441048034936,0.6291484716157205,1,0.26277292576419214,0.6236899563318776,1
28720,인천,옹진군,2,고령화_청년유출형,0.8777292576419213,0.29388646288209613,0.5838427947598253,2,0.23340611353711793,0.6443231441048034,3,0.32412663755458515,0.5536026200873362,4,0.28919213973799124,0.58853711790393,2
51770,강원,정선군,2,고령화_청년유출형,0.8253275109170306,0.2663755458515284,0.5589519650655022,3,0.2663755458515284,0.5589519650655022,12,0.2663755458515284,0.5589519650655022,3,0.2755458515283843,0.5497816593886463,4
26200,부산,영도구,2,고령화_청년유출형,0.8460698689956332,0.2903930131004367,0.5556768558951966,4,0.30720524017467254,0.5388646288209606,14,0.2819868995633188,0.5640829694323144,2,0.2911572052401747,0.5549126637554584,3
27720,대구,군위군,2,고령화_청년유출형,0.962882096069869,0.41528384279475994,0.547598253275109,5,0.2954148471615721,0.6674672489082969,1,0.47521834061135376,0.4876637554585152,8,0.4160480349344979,0.546834061135371,5
48850,경남,하동군,2,고령화_청년유출형,0.960698689956332,0.4170305676855897,0.5436681222707422,6,0.3504366812227076,0.6102620087336244,6,0.4503275109170307,0.5103711790393013,6,0.4326419213973801,0.5280567685589519,8
48860,경남,산청군,2,고령화_청년유출형,0.9170305676855897,0.375109170305677,0.5419213973799126,7,0.3050218340611355,0.6120087336244542,5,0.41015283842794764,0.5068777292576421,7,0.38548034934497827,0.5315502183406113,7
43800,충북,단양군,2,고령화_청년유출형,0.9323144104803494,0.39475982532751097,0.5375545851528384,8,0.28777292576419217,0.6445414847161572,2,0.4482532751091703,0.48406113537117906,9,0.3936681222707424,0.538646288209607,6
51820,강원,고성군,2,고령화_청년유출형,0.769650655021834,0.2458515283842795,0.5237991266375546,9,0.22336244541484718,0.5462882096069869,13,0.25709606986899564,0.5125545851528384,5,0.24541484716157208,0.524235807860262,10
47830,경북,고령군,2,고령화_청년유출형,0.9148471615720524,0.406113537117904,0.5087336244541484,10,0.33580786026200876,0.5790393013100437,10,0.4412663755458515,0.47358078602620085,10,0.4170305676855895,0.4978165938864629,12
51730,강원,횡성군,2,고령화_청년유출형,0.906113537117904,0.40655021834061145,0.49956331877729254,11,0.30196506550218355,0.6041484716157204,7,0.4588427947598255,0.4472707423580785,13,0.40556768558951983,0.5005458515283842,11
47750,경북,청송군,2,고령화_청년유출형,0.9279475982532752,0.43537117903930145,0.49257641921397377,12,0.3373362445414849,0.5906113537117903,9,0.4843886462882097,0.4435589519650655,14,0.4450873362445416,0.4828602620087336,13
47920,경북,봉화군,2,고령화_청년유출형,0.965065502183406,0.4838427947598254,0.48122270742358064,13,0.36419213973799125,0.6008733624454148,8,0.5436681222707425,0.42139737991266357,18,0.4406113537117904,0.5244541484716156,9
47820,경북,청도군,2,고령화_청년유출형,0.9737991266375543,0.5096069868995631,0.4641921397379912,14,0.5224890829694321,0.4513100436681222,23,0.5031659388646286,0.47063318777292573,11,0.5546943231441046,0.4191048034934497,20
44825,충남,태안군,2,고령화_청년유출형,0.8755458515283843,0.4117903930131005,0.46375545851528377,15,0.3102620087336245,0.5652838427947597,11,0.4625545851528385,0.4129912663755458,19,0.41015283842794764,0.4653930131004366,14
51720,강원,홍천군,2,고령화_청년유출형,0.8624454148471615,0.39868995633187776,0.46375545851528377,15,0.32598253275109174,0.5364628820960697,16,0.4350436681222708,0.42740174672489073,15,0.4020742358078603,0.46037117903930125,15
51790,강원,화천군,2,고령화_청년유출형,0.703056768558952,0.23973799126637566,0.4633187772925764,17,0.22991266375545866,0.4731441048034934,20,0.2446506550218342,0.45840611353711785,12,0.2433406113537119,0.4597161572052402,16
48890,경남,합천군,2,고령화_청년유출형,0.9181222707423581,0.46157205240174676,0.4565502183406113,18,0.3993449781659389,0.5187772925764191,17,0.4926855895196506,0.4254366812227075,17,0.48569868995633186,0.4324235807860262,18
28710,인천,강화군,2,고령화_청년유출형,0.8537117903930131,0.3991266375545852,0.45458515283842793,19,0.31484716157205245,0.5388646288209606,14,0.4412663755458515,0.41244541484716163,20,0.3995633187772926,0.45414847161572053,17
46810,전남,강진군,2,고령화_청년유출형,0.7314410480349345,0.3043668122270743,0.4270742358078602,20,0.3032751091703057,0.4281659388646288,30,0.30491266375545856,0.4265283842794759,16,0.3239082969432314,0.40753275109170306,21
44760,충남,부여군,2,고령화_청년유출형,0.945414847161572,0.5279475982532752,0.4174672489082968,21,0.48449781659388647,0.4609170305676855,21,0.5496724890829694,0.3957423580786026,22,0.5614628820960699,0.3839519650655021,25
52740,전북,장수군,2,고령화_청년유출형,0.8275109170305677,0.420524017467249,0.4069868995633187,22,0.33384279475982537,0.4936681222707423,18,0.46386462882096074,0.3636462882096069,27,0.4346069868995633,0.3929039301310044,23
51230,강원,삼척시,2,고령화_청년유출형,0.7019650655021834,0.2956331877729258,0.4063318777292576,23,0.30371179039301316,0.39825327510917025,35,0.2915938864628821,0.4103711790393013,21,0.30971615720524015,0.39224890829694326,24
51830,강원,양양군,2,고령화_청년유출형,0.7598253275109169,0.3602620087336244,0.3995633187772925,24,0.2801310043668122,0.4796943231441047,19,0.40032751091703045,0.35949781659388647,29,0.3612445414847161,0.39858078602620084,22
47730,경북,의성군,2,고령화_청년유출형,0.9323144104803494,0.5336244541484717,0.39868995633187765,25,0.5026200873362445,0.42969432314410483,28,0.5491266375545851,0.3831877729257642,24,0.5718340611353713,0.3604803493449781,30
47770,경북,영덕군,2,고령화_청년유출형,0.9017467248908297,0.5052401746724892,0.3965065502183406,26,0.4556768558951965,0.4460698689956332,25,0.5300218340611353,0.3717248908296944,25,0.5328602620087337,0.36888646288209603,27
48820,경남,고성군,2,고령화_청년유출형,0.868995633187773,0.48209606986899567,0.3868995633187773,27,0.43275109170305687,0.4362445414847161,27,0.506768558951965,0.3622270742358079,28,0.5082969432314411,0.3606986899563318,29
51750,강원,영월군,2,고령화_청년유출형,0.8668122270742358,0.48340611353711793,0.38340611353711784,28,0.41812227074235814,0.44868995633187764,24,0.5160480349344978,0.350764192139738,34,0.5029475982532752,0.3638646288209606,28
44770,충남,서천군,2,고령화_청년유출형,0.9104803493449782,0.5388646288209608,0.3716157205240175,29,0.5091703056768558,0.4013100436681224,32,0.5537117903930131,0.35676855895196513,31,0.5762008733624454,0.3342794759825328,34
43760,충북,괴산군,2,고령화_청년유출형,0.8668122270742358,0.5000000000000001,0.36681222707423566,30,0.42772925764192143,0.43908296943231434,26,0.5361353711790393,0.33067685589519646,37,0.5239082969432315,0.3429039301310043,32
11320,서울,도봉구,1,일반도시_중간형,0.6615720524017468,0.29694323144104806,0.3646288209606987,31,0.2838427947598253,0.37772925764192145,40,0.30349344978165943,0.35807860262008734,30,0.23668122270742362,0.4248908296943231,19
47840,경북,성주군,2,고령화_청년유출형,0.9334061135371179,0.568995633187773,0.36441048034934487,32,0.5268558951965066,0.40655021834061134,31,0.590065502183406,0.34334061135371186,35,0.6075327510917031,0.32587336244541476,35
48270,경남,밀양시,2,고령화_청년유출형,0.8406113537117903,0.4790393013100436,0.3615720524017467,33,0.49716157205240163,0.34344978165938866,49,0.46997816593886454,0.37063318777292575,26,0.5180131004366811,0.32259825327510916,37
47940,경북,울릉군,2,고령화_청년유출형,0.6604803493449782,0.30087336244541485,0.3596069868995634,34,0.20764192139737997,0.45283842794759827,22,0.3474890829694323,0.3129912663755459,39,0.28591703056768564,0.3745633187772926,26
51190,강원,태백시,2,고령화_청년유출형,0.7925764192139738,0.43362445414847167,0.35895196506550214,35,0.41899563318777294,0.3735807860262009,41,0.4409388646288209,0.3516375545851529,33,0.4555676855895196,0.3370087336244542,33
46780,전남,보성군,2,고령화_청년유출형,0.8165938864628821,0.4637554585152838,0.3528384279475983,36,0.5388646288209606,0.27772925764192147,63,0.4262008733624454,0.3903930131004367,23,0.522707423580786,0.2938864628820961,49
52750,전북,임실군,2,고령화_청년유출형,0.8777292576419213,0.5262008733624454,0.35152838427947597,37,0.4482532751091703,0.42947598253275104,29,0.5651746724890829,0.3125545851528384,40,0.5555676855895197,0.3221615720524016,38
43740,충북,영동군,2,고령화_청년유출형,0.8755458515283843,0.5244541484716158,0.3510917030567685,38,0.48231441048034934,0.3932314410480349,38,0.5455240174672489,0.3300218340611354,38,0.5590611353711791,0.3164847161572052,40
48740,경남,창녕군,2,고령화_청년유출형,0.9017467248908297,0.5620087336244542,0.3397379912663755,39,0.5888646288209606,0.31288209606986916,56,0.5485807860262009,0.3531659388646289,32,0.6175764192139739,0.28417030567685586,52
46770,전남,고흥군,2,고령화_청년유출형,0.7838427947598254,0.45065502183406125,0.3331877729257642,40,0.3873362445414848,0.39650655021834064,36,0.48231441048034945,0.301528384279476,46,0.47183406113537124,0.3120087336244542,43
47280,경북,문경시,2,고령화_청년유출형,0.8144104803493449,0.48296943231441053,0.3314410480349344,41,0.44366812227074237,0.37074235807860256,45,0.5026200873362445,0.3117903930131004,41,0.5111353711790394,0.30327510917030553,48
51150,강원,강릉시,1,일반도시_중간형,0.5917030567685589,0.26331877729257647,0.3283842794759825,42,0.2910480349344979,0.30065502183406106,57,0.24945414847161573,0.3422489082969432,36,0.2730349344978166,0.31866812227074237,39
47250,경북,상주시,2,고령화_청년유출형,0.7882096069868996,0.46069868995633195,0.3275109170305676,43,0.41506550218340615,0.3731441048034934,43,0.4835152838427948,0.3046943231441048,44,0.4841703056768559,0.30403930131004364,47
48870,경남,함양군,2,고령화_청년유출형,0.7882096069868996,0.4615720524017468,0.32663755458515276,44,0.3919213973799127,0.39628820960698685,37,0.4963973799126638,0.29181222707423576,50,0.48395196506550214,0.3042576419213974,46
48840,경남,남해군,2,고령화_청년유출형,0.6899563318777294,0.36812227074235826,0.32183406113537116,45,0.3010917030567687,0.38886462882096073,39,0.40163755458515304,0.2883187772925764,52,0.3739082969432316,0.31604803493449785,41
46890,전남,완도군,2,고령화_청년유출형,0.6812227074235808,0.36375545851528385,0.317467248908297,46,0.30764192139737995,0.3735807860262009,41,0.3918122270742358,0.289410480349345,51,0.3736899563318777,0.30753275109170314,44
28140,인천,동구,1,일반도시_중간형,0.6681222707423581,0.35371179039301315,0.31441048034934493,47,0.3384279475982533,0.3296943231441048,51,0.36135371179039305,0.30676855895196503,42,0.31091703056768566,0.3572052401746724,31
41650,경기,포천시,2,고령화_청년유출형,0.7292576419213974,0.41659388646288215,0.31266375545851527,48,0.39650655021834064,0.3327510917030568,50,0.4266375545851529,0.3026200873362445,45,0.435589519650655,0.2936681222707424,50
46730,전남,구례군,2,고령화_청년유출형,0.834061135371179,0.5218340611353711,0.31222707423580787,49,0.5098253275109169,0.32423580786026207,53,0.5278384279475982,0.3062227074235808,43,0.5667030567685589,0.26735807860262006,56
48730,경남,함안군,2,고령화_청년유출형,0.8144104803493449,0.5026200873362445,0.3117903930131004,50,0.46790393013100434,0.3465065502183406,48,0.5199781659388646,0.29443231441048034,49,0.5348253275109172,0.2795851528384278,54
44790,충남,청양군,2,고령화_청년유출형,0.7903930131004366,0.4899563318777293,0.30043668122270734,51,0.38951965065502187,0.40087336244541477,33,0.540174672489083,0.2502183406113536,60,0.5069868995633188,0.28340611353711787,53
43720,충북,보은군,2,고령화_청년유출형,0.9039301310043668,0.605240174672489,0.2986899563318778,52,0.5803493449781658,0.323580786026201,54,0.6176855895196507,0.2862445414847161,53,0.6545851528384279,0.24934497816593892,64
48720,경남,의령군,2,고령화_청년유출형,0.8318777292576419,0.5423580786026201,0.28951965065502183,53,0.47991266375545855,0.35196506550218337,47,0.5735807860262008,0.25829694323144115,57,0.5764192139737991,0.2554585152838428,59
52720,전북,진안군,2,고령화_청년유출형,0.7925764192139738,0.5043668122270742,0.28820960698689957,54,0.4203056768558952,0.3722707423580786,44,0.5463973799126637,0.24617903930131013,61,0.5298034934497817,0.2627729257641921,57
47760,경북,영양군,2,고령화_청년유출형,0.75764192139738,0.46986899563318774,0.2877729257641922,55,0.3572052401746725,0.4004366812227075,34,0.5262008733624454,0.2314410480349346,67,0.4820960698689956,0.27554585152838434,55
44710,충남,금산군,2,고령화_청년유출형,0.796943231441048,0.5253275109170306,0.2716157205240174,56,0.47227074235807853,0.3246724890829694,52,0.5518558951965065,0.2450873362445415,63,0.5564410480349344,0.2405021834061135,67
51210,강원,속초시,1,일반도시_중간형,0.5731441048034935,0.30262008733624457,0.27052401746724897,57,0.35567685589519654,0.217467248908297,73,0.27609170305676856,0.297052401746725,48,0.32106986899563317,0.25207423580786037,61
51170,강원,동해시,1,일반도시_중간형,0.5873362445414847,0.3170305676855896,0.27030567685589507,58,0.3764192139737991,0.21091703056768557,74,0.28733624454148476,0.29999999999999993,47,0.3406113537117904,0.2467248908296943,65
51780,강원,철원군,2,고령화_청년유출형,0.6724890829694323,0.40262008733624455,0.2698689956331878,59,0.37248908296943234,0.3,58,0.4176855895196507,0.25480349344978165,58,0.41921397379912667,0.25327510917030566,60
51810,강원,인제군,2,고령화_청년유출형,0.5895196506550218,0.3283842794759826,0.2611353711790392,60,0.35371179039301315,0.23580786026200862,70,0.31572052401746725,0.2737991266375545,54,0.3485807860262009,0.24093886462882086,66
52790,전북,고창군,2,고령화_청년유출형,0.8384279475982532,0.5816593886462883,0.25676855895196493,61,0.5506550218340611,0.2877729257641921,61,0.5971615720524017,0.2412663755458515,65,0.6290393013100437,0.20938864628820952,73
31110,울산,중구,1,일반도시_중간형,0.5458515283842795,0.28951965065502194,0.2563318777292576,62,0.32248908296943235,0.22336244541484718,72,0.27303493449781663,0.2728165938864629,55,0.2944323144104804,0.2514192139737991,62
47210,경북,영주시,2,고령화_청년유출형,0.703056768558952,0.4598253275109172,0.24323144104803485,63,0.45742358078602635,0.2456331877729257,69,0.4610262008733626,0.24203056768558945,64,0.49028384279475995,0.2127729257641921,70
43730,충북,옥천군,2,고령화_청년유출형,0.7751091703056769,0.5327510917030568,0.24235807860262015,64,0.48558951965065505,0.2895196506550219,59,0.5563318777292576,0.2187772925764193,69,0.5650655021834061,0.21004366812227082,72
26320,부산,북구,1,일반도시_중간형,0.7074235807860262,0.4681222707423581,0.23930131004366806,65,0.4807860262008734,0.22663755458515278,71,0.46179039301310043,0.24563318777292575,62,0.4013100436681223,0.3061135371179039,45
43150,충북,제천시,2,고령화_청년유출형,0.6986899563318778,0.4641921397379913,0.23449781659388652,66,0.4373362445414847,0.26135371179039313,66,0.4776200873362445,0.2210698689956333,68,0.48810043668122266,0.21058951965065514,71
48220,경남,통영시,2,고령화_청년유출형,0.7096069868995634,0.47641921397379916,0.2331877729257642,67,0.5137554585152839,0.19585152838427944,79,0.45775109170305683,0.25185589519650653,59,0.5156113537117905,0.1939956331877729,75
41800,경기,연천군,2,고령화_청년유출형,0.7598253275109169,0.5266375545851528,0.2331877729257641,68,0.3917030567685588,0.3681222707423581,46,0.5941048034934496,0.16572052401746729,83,0.4342794759825327,0.3255458515283842,36
41830,경기,양평군,1,일반도시_중간형,0.7445414847161572,0.5135371179039301,0.23100436681222714,69,0.4248908296943231,0.3196506550218341,55,0.5578602620087336,0.1866812227074236,76,0.4314410480349345,0.3131004366812227,42
31170,울산,동구,1,일반도시_중간형,0.5240174672489083,0.29650655021834066,0.22751091703056764,70,0.3198689956331877,0.20414847161572058,76,0.28482532751091705,0.23919213973799125,66,0.29901746724890826,0.22500000000000003,68
51800,강원,양구군,2,고령화_청년유출형,0.648471615720524,0.4310043668122271,0.21746724890829694,71,0.5150655021834061,0.13340611353711795,88,0.38897379912663754,0.2594978165938865,56,0.48286026200873355,0.16561135371179048,84
52730,전북,무주군,2,고령화_청년유출형,0.7008733624454149,0.48515283842794765,0.21572052401746722,72,0.41200873362445417,0.2888646288209607,60,0.5217248908296943,0.17914847161572056,79,0.5103711790393013,0.19050218340611358,77
44180,충남,보령시,2,고령화_청년유출형,0.7139737991266375,0.5,0.2139737991266375,73,0.4591703056768559,0.2548034934497816,68,0.5204148471615719,0.19355895196506556,74,0.5278384279475983,0.18613537117903922,78
46820,전남,해남군,2,고령화_청년유출형,0.7401746724890831,0.5275109170305677,0.21266375545851535,74,0.47074235807860276,0.2694323144104803,64,0.5558951965065504,0.1842794759825327,77,0.5604803493449784,0.17969432314410472,79
46860,전남,함평군,2,고령화_청년유출형,0.7641921397379913,0.5532751091703058,0.21091703056768552,75,0.48144104803493454,0.28275109170305673,62,0.5891921397379912,0.17500000000000004,81,0.5874454148471616,0.17674672489082965,83
11305,서울,강북구,1,일반도시_중간형,0.5829694323144106,0.3729257641921398,0.21004366812227077,76,0.3755458515283843,0.20742358078602624,75,0.3716157205240175,0.21135371179039308,71,0.2986899563318778,0.2842794759825328,51
47230,경북,영천시,2,고령화_청년유출형,0.7205240174672489,0.5161572052401747,0.2043668122270742,77,0.4602620087336245,0.26026200873362443,67,0.5441048034934498,0.17641921397379912,80,0.5419213973799127,0.17860262008733618,80
26380,부산,사하구,1,일반도시_중간형,0.7161572052401746,0.5126637554585152,0.2034934497816594,78,0.5427947598253273,0.17336244541484724,84,0.4975982532751091,0.21855895196506547,70,0.45742358078602613,0.25873362445414844,58
26530,부산,사상구,1,일반도시_중간형,0.7358078602620087,0.537991266375546,0.19781659388646278,79,0.5471615720524018,0.18864628820960694,81,0.5334061135371179,0.20240174672489086,72,0.48449781659388647,0.25131004366812226,63
52800,전북,부안군,2,고령화_청년유출형,0.7991266375545851,0.6069868995633189,0.19213973799126627,80,0.605240174672489,0.1938864628820961,80,0.6078602620087337,0.19126637554585146,75,0.6639737991266377,0.13515283842794745,88
44810,충남,예산군,2,고령화_청년유출형,0.6266375545851528,0.43711790393013106,0.18951965065502174,81,0.36048034934497813,0.26615720524017467,65,0.4754366812227074,0.15120087336244542,86,0.44879912663755456,0.17783842794759824,82
27170,대구,서구,1,일반도시_중간형,0.732532751091703,0.5615720524017468,0.17096069868995623,82,0.6235807860262009,0.10895196506550209,90,0.5305676855895196,0.2019650655021834,73,0.5382096069868996,0.19432314410480345,74
26410,부산,금정구,1,일반도시_중간형,0.7183406113537119,0.548471615720524,0.1698689956331878,83,0.5724890829694322,0.14585152838427962,86,0.5364628820960697,0.18187772925764212,78,0.4986899563318777,0.21965065502183417,69
46720,전남,곡성군,2,고령화_청년유출형,0.6539301310043668,0.5065502183406114,0.14737991266375539,84,0.45414847161572053,0.19978165938864628,78,0.5327510917030568,0.12117903930131002,90,0.5395196506550219,0.11441048034934487,90
41820,경기,가평군,1,일반도시_중간형,0.7783842794759824,0.6419213973799125,0.13646288209606994,85,0.5755458515283841,0.20283842794759832,77,0.6751091703056766,0.1032751091703058,96,0.5851528384279474,0.19323144104803502,76
52190,전북,남원시,2,고령화_청년유출형,0.665938864628821,0.5296943231441049,0.1362445414847161,86,0.5211790393013102,0.14475982532751086,87,0.5339519650655024,0.13198689956331866,87,0.572816593886463,0.09312227074235802,96
46800,전남,장흥군,2,고령화_청년유출형,0.7074235807860262,0.5724890829694324,0.13493449781659383,87,0.5268558951965066,0.18056768558951963,82,0.5953056768558951,0.1121179039301311,94,0.615174672489083,0.09224890829694321,98
30230,대전,대덕구,1,일반도시_중간형,0.5567685589519651,0.4222707423580787,0.13449781659388638,88,0.48362445414847166,0.07314410480349343,96,0.3915938864628821,0.16517467248908296,84,0.45556768558951966,0.10120087336244543,91
52140,전북,익산시,1,일반도시_중간형,0.5262008733624454,0.3965065502183406,0.12969432314410478,89,0.474235807860262,0.05196506550218338,103,0.35764192139737994,0.16855895196506543,82,0.43886462882096067,0.0873362445414847,99
26110,부산,중구,3,경제활동_청년유입형,0.8034934497816593,0.6786026200873361,0.12489082969432319,90,0.7362445414847161,0.06724890829694319,97,0.6497816593886462,0.15371179039301308,85,0.6417030567685589,0.1617903930131004,85
47930,경북,울진군,2,고령화_청년유출형,0.5982532751091703,0.48427947598253274,0.11397379912663752,91,0.4198689956331878,0.17838427947598245,83,0.5164847161572051,0.08176855895196511,101,0.5057860262008733,0.09246724890829694,97
47130,경북,경주시,1,일반도시_중간형,0.6168122270742358,0.503056768558952,0.11375545851528379,92,0.5307860262008733,0.08602620087336244,92,0.4891921397379913,0.12762008733624447,88,0.5441048034934498,0.07270742358078597,103
11260,서울,중랑구,1,일반도시_중간형,0.5021834061135371,0.38951965065502187,0.1126637554585152,93,0.39694323144104804,0.10524017467248903,91,0.38580786026200875,0.11637554585152832,93,0.32401746724890834,0.17816593886462873,81
47150,경북,김천시,2,고령화_청년유출형,0.5349344978165939,0.4248908296943231,0.11004366812227073,94,0.37532751091703054,0.15960698689956332,85,0.4496724890829695,0.08526200873362438,99,0.44137554585152833,0.09355895196506553,94
44230,충남,논산시,2,고령화_청년유출형,0.6943231441048034,0.5947598253275109,0.09956331877729252,95,0.6323144104803493,0.06200873362445414,100,0.5759825327510917,0.11834061135371177,92,0.6552401746724891,0.039082969432314374,109
46900,전남,진도군,2,고령화_청년유출형,0.6048034934497817,0.5082969432314411,0.09650655021834054,96,0.4790393013100437,0.125764192139738,89,0.5229257641921398,0.08187772925764192,100,0.5458515283842795,0.058951965065502154,105
26500,부산,수영구,1,일반도시_중간형,0.5720524017467249,0.47685589519650645,0.09519650655021844,97,0.5349344978165939,0.037117903930131035,106,0.4478165938864629,0.124235807860262,89,0.43668122270742354,0.13537117903930135,87
47110,경북,포항시,1,일반도시_중간형,0.5698689956331878,0.480349344978166,0.08951965065502182,98,0.5414847161572052,0.028384279475982654,109,0.4497816593886463,0.12008733624454154,91,0.523580786026201,0.046288209606986874,107
46710,전남,담양군,2,고령화_청년유출형,0.6495633187772926,0.5655021834061136,0.08406113537117899,99,0.584061135371179,0.06550218340611358,99,0.5562227074235808,0.09334061135371174,97,0.6210698689956332,0.028493449781659352,111
26290,부산,남구,1,일반도시_중간형,0.48908296943231444,0.4104803493449781,0.07860262008733632,100,0.43100436681222704,0.058078602620087405,101,0.4002183406113537,0.08886462882096074,98,0.369650655021834,0.11943231441048047,89
11350,서울,노원구,1,일반도시_중간형,0.425764192139738,0.3550218340611354,0.07074235807860257,101,0.3403930131004367,0.0853711790393013,93,0.3623362445414847,0.06342794759825326,103,0.2800218340611354,0.14574235807860259,86
44150,충남,공주시,2,고령화_청년유출형,0.7008733624454149,0.631877729257642,0.06899563318777291,102,0.6351528384279477,0.0657205240174672,98,0.630240174672489,0.07063318777292582,102,0.6870087336244542,0.013864628820960623,113
26140,부산,서구,1,일반도시_중간형,0.6222707423580787,0.5545851528384279,0.06768558951965076,103,0.6288209606986899,-0.0065502183406112024,121,0.5174672489082969,0.10480349344978179,95,0.5434497816593885,0.07882096069869016,101
41670,경기,여주시,1,일반도시_중간형,0.6353711790393013,0.5764192139737991,0.058951965065502154,104,0.5510917030567686,0.08427947598253271,94,0.5890829694323143,0.046288209606986985,105,0.5679039301310043,0.06746724890829703,104
41250,경기,동두천시,1,일반도시_중간형,0.6353711790393013,0.5938864628820961,0.04148471615720517,105,0.5847161572052402,0.05065502183406112,104,0.5984716157205241,0.036899563318777195,108,0.5390829694323144,0.09628820960698692,93
26350,부산,해운대구,1,일반도시_중간형,0.5283842794759825,0.48820960698689964,0.04017467248908291,106,0.5135371179039301,0.014847161572052459,113,0.47554585152838424,0.0528384279475983,104,0.4286026200873363,0.09978165938864625,92
43770,충북,음성군,2,고령화_청년유출형,0.554585152838428,0.5157205240174673,0.038864628820960756,107,0.5159388646288209,0.03864628820960714,105,0.5156113537117903,0.038973799126637676,106,0.5568777292576419,-0.0022925764192138764,116
11470,서울,양천구,1,일반도시_중간형,0.36026200873362446,0.32445414847161574,0.03580786026200872,108,0.327292576419214,0.03296943231441046,108,0.3230349344978166,0.037227074235807844,107,0.2669213973799127,0.09334061135371174,95
46910,전남,신안군,2,고령화_청년유출형,0.4868995633187773,0.4580786026200875,0.028820960698689835,109,0.4120087336244543,0.07489082969432304,95,0.48111353711790406,0.005786026200873262,118,0.4852620087336245,0.0016375545851528006,115
47170,경북,안동시,2,고령화_청년유출형,0.5731441048034935,0.5467248908296943,0.026419213973799205,110,0.5449781659388646,0.028165938864628925,110,0.5475982532751091,0.0255458515283844,109,0.5888646288209607,-0.015720524017467152,120
48880,경남,거창군,2,고령화_청년유출형,0.5807860262008734,0.562882096069869,0.01790393013100433,111,0.5753275109170305,0.005458515283842891,117,0.5566593886462882,0.024126637554585217,110,0.6167030567685589,-0.03591703056768547,123
43130,충북,충주시,1,일반도시_중간형,0.490174672489083,0.47336244541484723,0.01681222707423574,112,0.46855895196506553,0.021615720524017445,111,0.47576419213973803,0.014410480349344945,113,0.504585152838428,-0.014410480349345,119
11530,서울,구로구,1,일반도시_중간형,0.44759825327510916,0.4310043668122271,0.016593886462882068,113,0.4351528384279476,0.012445414847161551,114,0.42893013100436683,0.018668122270742327,111,0.36430131004366817,0.08329694323144099,100
11380,서울,은평구,1,일반도시_중간형,0.37117903930131,0.3558951965065502,0.015283842794759805,114,0.3591703056768559,0.012008733624454093,115,0.3542576419213974,0.016921397379912606,112,0.2944323144104804,0.07674672489082962,102
46130,전남,여수시,1,일반도시_중간형,0.5032751091703057,0.5100436681222708,-0.006768558951965042,115,0.5384279475982533,-0.035152838427947586,123,0.4958515283842795,0.007423580786026229,116,0.550873362445415,-0.04759825327510925,127
46880,전남,장성군,2,고령화_청년유출형,0.5338427947598253,0.5436681222707423,-0.009825327510917026,116,0.47838427947598255,0.05545851528384277,102,0.5763100436681223,-0.042467248908297006,131,0.5760917030567686,-0.04224890829694328,125
50130,제주,서귀포시,1,일반도시_중간형,0.33624454148471616,0.3484716157205241,-0.012227074235807933,117,0.30262008733624457,0.033624454148471594,107,0.3713973799126638,-0.03515283842794764,130,0.3447598253275109,-0.008515283842794763,118
28237,인천,부평구,1,일반도시_중간형,0.3973799126637555,0.4117903930131005,-0.014410480349345,118,0.4032751091703056,-0.005895196506550127,120,0.4160480349344978,-0.018668122270742327,123,0.3551310043668123,0.04224890829694322,108
27200,대구,남구,1,일반도시_중간형,0.5786026200873362,0.5943231441048035,-0.015720524017467263,119,0.6504366812227074,-0.07183406113537116,133,0.5662663755458515,0.012336244541484742,115,0.5514192139737991,0.02718340611353709,112
27140,대구,동구,1,일반도시_중간형,0.48034934497816595,0.49868995633187785,-0.0183406113537119,120,0.47379912663755464,0.0065502183406113135,116,0.5111353711790394,-0.03078602620087345,128,0.4305676855895197,0.04978165938864626,106
52130,전북,군산시,1,일반도시_중간형,0.46943231441048033,0.488646288209607,-0.01921397379912665,121,0.5176855895196506,-0.04825327510917027,127,0.4741266375545852,-0.004694323144104839,120,0.5278384279475983,-0.05840611353711794,129
41410,경기,군포시,1,일반도시_중간형,0.42030567685589515,0.44017467248908293,-0.01986899563318778,122,0.4375545851528384,-0.017248908296943255,122,0.4414847161572052,-0.021179039301310043,125,0.3897379912663755,0.030567685589519666,110
11545,서울,금천구,3,경제활동_청년유입형,0.39956331877729256,0.4235807860262009,-0.024017467248908353,123,0.4471615720524017,-0.04759825327510914,126,0.41179039301310044,-0.012227074235807878,121,0.3882096069868996,0.011353711790392962,114
52180,전북,정읍시,2,고령화_청년유출형,0.5611353711790393,0.5899563318777292,-0.02882096069868989,124,0.6015283842794759,-0.040393013100436526,124,0.5841703056768558,-0.02303493449781646,127,0.6470524017467248,-0.08591703056768552,139
52770,전북,순창군,2,고령화_청년유출형,0.5534934497816594,0.5829694323144106,-0.029475982532751188,125,0.5534934497816594,0.0,119,0.597707423580786,-0.044213973799126616,132,0.6317685589519652,-0.07827510917030578,136
43745,충북,증평군,1,일반도시_중간형,0.4344978165938864,0.46462882096069874,-0.03013100436681232,126,0.5528384279475982,-0.11834061135371177,137,0.42052401746724893,0.013973799126637487,114,0.52117903930131,-0.08668122270742362,140
30140,대전,중구,1,일반도시_중간형,0.4868995633187773,0.5218340611353713,-0.03493449781659402,127,0.6050218340611355,-0.1181222707423582,136,0.48024017467248914,0.006659388646288178,117,0.5236899563318778,-0.03679039301310044,124
28245,인천,계양구,1,일반도시_중간형,0.50764192139738,0.543231441048035,-0.035589519650655044,128,0.5707423580786026,-0.06310043668122267,131,0.5294759825327511,-0.02183406113537112,126,0.5137554585152838,-0.006113537117903856,117
46830,전남,영암군,2,고령화_청년유출형,0.5163755458515283,0.5550218340611355,-0.03864628820960714,129,0.49628820960698694,0.0200873362445414,112,0.5843886462882097,-0.0680131004366814,137,0.5920305676855896,-0.07565502183406125,135
46870,전남,영광군,2,고령화_청년유출형,0.3853711790393013,0.4301310043668123,-0.044759825327510994,130,0.4556768558951965,-0.07030567685589523,132,0.41735807860262014,-0.03198689956331885,129,0.47085152838427946,-0.08548034934497817,138
41190,경기,부천시,1,일반도시_중간형,0.472707423580786,0.5179039301310044,-0.04519650655021845,131,0.5737991266375546,-0.10109170305676862,135,0.4899563318777293,-0.01724890829694331,122,0.5034934497816594,-0.03078602620087345,121
48120,경남,창원시,1,일반도시_중간형,0.4497816593886463,0.5069868995633189,-0.0572052401746726,132,0.584061135371179,-0.1342794759825327,140,0.4684497816593886,-0.018668122270742327,123,0.5570960698689957,-0.10731441048034945,144
46110,전남,목포시,1,일반도시_중간형,0.47379912663755464,0.534061135371179,-0.06026200873362442,133,0.6565502183406111,-0.18275109170305648,154,0.4728165938864628,0.0009825327510918358,119,0.5990174672489083,-0.12521834061135362,150
52210,전북,김제시,2,고령화_청년유출형,0.5458515283842795,0.6170305676855896,-0.07117903930131009,134,0.606768558951965,-0.06091703056768549,130,0.6221615720524016,-0.07631004366812211,139,0.6712882096069869,-0.12543668122270735,151
26170,부산,동구,3,경제활동_청년유입형,0.519650655021834,0.6004366812227073,-0.08078602620087327,135,0.6639737991266375,-0.1443231441048034,144,0.5686681222707423,-0.04901746724890821,133,0.5697598253275109,-0.05010917030567685,128
48240,경남,사천시,1,일반도시_중간형,0.4661572052401747,0.5471615720524018,-0.08100436681222711,136,0.5962882096069868,-0.13013100436681213,138,0.5225982532751092,-0.05644104803493455,134,0.6025109170305677,-0.13635371179039302,155
47900,경북,예천군,2,고령화_청년유출형,0.36681222707423594,0.44978165938864645,-0.08296943231441051,137,0.3650655021834063,0.001746724890829665,118,0.49213973799126653,-0.1253275109170306,147,0.4639737991266377,-0.09716157205240178,142
26470,부산,연제구,1,일반도시_중간형,0.45414847161572053,0.5388646288209606,-0.08471615720524012,138,0.5934497816593887,-0.13930131004366814,142,0.5115720524017466,-0.05742358078602611,135,0.4897379912663755,-0.03558951965065499,122
44800,충남,홍성군,1,일반도시_중간형,0.3973799126637555,0.4868995633187774,-0.08951965065502188,139,0.44344978165938864,-0.046069868995633145,125,0.5086244541484717,-0.11124454148471619,143,0.5118995633187774,-0.1145196506550219,147
41430,경기,의왕시,1,일반도시_중간형,0.3013100436681223,0.4021834061135371,-0.10087336244541478,140,0.3788209606986899,-0.07751091703056762,134,0.41386462882096064,-0.11255458515283834,144,0.370414847161572,-0.06910480349344972,131
27290,대구,달서구,1,일반도시_중간형,0.4781659388646288,0.5790393013100437,-0.10087336244541484,141,0.6414847161572051,-0.16331877729257632,147,0.5478165938864629,-0.06965065502183404,138,0.5613537117903931,-0.08318777292576424,137
30110,대전,동구,1,일반도시_중간형,0.45414847161572053,0.5567685589519651,-0.10262008733624456,142,0.6093886462882097,-0.15524017467248913,146,0.5304585152838428,-0.07631004366812227,140,0.55382096069869,-0.0996724890829695,143
41610,경기,광주시,1,일반도시_중간형,0.27292576419213976,0.3781659388646288,-0.10524017467248903,143,0.33144104803493446,-0.058515283842794696,129,0.4015283842794759,-0.12860262008733614,149,0.3360262008733624,-0.06310043668122262,130
44210,충남,서산시,1,일반도시_중간형,0.33842794759825323,0.44410480349344983,-0.1056768558951966,144,0.390174672489083,-0.051746724890829765,128,0.4710698689956332,-0.13264192139737996,150,0.45927947598253277,-0.12085152838427954,148
11500,서울,강서구,3,경제활동_청년유입형,0.3646288209606987,0.47161572052401746,-0.10698689956331875,145,0.49868995633187774,-0.13406113537117903,139,0.4580786026200873,-0.09344978165938861,141,0.4106986899563319,-0.0460698689956332,126
28200,인천,남동구,1,일반도시_중간형,0.4705240174672489,0.5794759825327511,-0.1089519650655022,146,0.6072052401746724,-0.13668122270742344,141,0.5656113537117904,-0.09508733624454146,142,0.5402838427947598,-0.0697598253275109,132
29155,광주,남구,1,일반도시_중간형,0.37554585152838427,0.5013100436681224,-0.1257641921397381,147,0.6253275109170305,-0.24978165938864627,167,0.4393013100436681,-0.06375545851528386,136,0.5639737991266376,-0.18842794759825332,161
46790,전남,화순군,2,고령화_청년유출형,0.5305676855895196,0.6737991266375546,-0.14323144104803498,148,0.709825327510917,-0.17925764192139737,150,0.6557860262008732,-0.12521834061135362,146,0.7481441048034934,-0.21757641921397375,165
11290,서울,성북구,1,일반도시_중간형,0.25,0.39519650655021843,-0.14519650655021843,149,0.39017467248908294,-0.14017467248908294,143,0.39770742358078603,-0.14770742358078603,152,0.3215065502183406,-0.07150655021834063,133
41170,경기,안양시,1,일반도시_중간형,0.27510917030567683,0.42183406113537114,-0.1467248908296943,150,0.4585152838427947,-0.1834061135371179,155,0.40349344978165935,-0.12838427947598252,148,0.39847161572052403,-0.1233624454148472,149
26230,부산,부산진구,1,일반도시_중간형,0.3853711790393013,0.543231441048035,-0.1578602620087337,151,0.6117903930131006,-0.22641921397379927,163,0.5089519650655022,-0.12358078602620093,145,0.5192139737991267,-0.1338427947598254,153
11590,서울,동작구,1,일반도시_중간형,0.23689956331877726,0.40174672489082974,-0.16484716157205248,152,0.388646288209607,-0.15174672489082974,145,0.40829694323144106,-0.1713973799126638,159,0.30960698689956334,-0.07270742358078608,134
41210,경기,광명시,1,일반도시_중간형,0.2423580786026201,0.40829694323144106,-0.16593886462882096,153,0.4246724890829694,-0.1823144104803493,151,0.40010917030567683,-0.15775109170305673,154,0.3776200873362445,-0.13526200873362443,154
11620,서울,관악구,1,일반도시_중간형,0.1877729257641921,0.35458515283842795,-0.16681222707423585,154,0.3703056768558952,-0.1825327510917031,153,0.3467248908296943,-0.15895196506550222,155,0.29759825327510914,-0.10982532751091703,146
31710,울산,울주군,1,일반도시_중간형,0.4344978165938865,0.611353711790393,-0.17685589519650652,155,0.5986899563318777,-0.16419213973799124,148,0.6176855895196507,-0.18318777292576421,161,0.6019650655021833,-0.16746724890829684,159
11215,서울,광진구,1,일반도시_중간형,0.21615720524017468,0.3938864628820961,-0.17772925764192143,156,0.41048034934497823,-0.19432314410480356,156,0.385589519650655,-0.16943231441048034,158,0.32532751091703055,-0.10917030567685587,145
26260,부산,동래구,1,일반도시_중간형,0.43013100436681223,0.6096069868995633,-0.17947598253275104,157,0.6628820960698689,-0.2327510917030567,164,0.5829694323144105,-0.15283842794759822,153,0.5720524017467249,-0.14192139737991266,156
11140,서울,중구,3,경제활동_청년유입형,0.3165938864628821,0.503056768558952,-0.18646288209606987,158,0.4864628820960699,-0.1698689956331878,149,0.511353711790393,-0.1947598253275109,164,0.41353711790393016,-0.09694323144104805,141
28177,인천,미추홀구,1,일반도시_중간형,0.3220524017467249,0.5087336244541485,-0.1866812227074236,159,0.5639737991266376,-0.2419213973799127,165,0.48111353711790394,-0.15906113537117905,156,0.4852620087336244,-0.1632096069868995,158
11410,서울,서대문구,1,일반도시_중간형,0.203056768558952,0.3912663755458516,-0.1882096069868996,160,0.39825327510917025,-0.19519650655021825,157,0.38777292576419214,-0.18471615720524015,163,0.3351528384279477,-0.1320960698689957,152
52710,전북,완주군,1,일반도시_중간형,0.37991266375545846,0.5707423580786026,-0.19082969432314417,161,0.5622270742358078,-0.1823144104803493,151,0.575,-0.1950873362445415,165,0.6177947598253275,-0.23788209606986904,170
11740,서울,강동구,1,일반도시_중간형,0.259825327510917,0.45240174672489086,-0.19257641921397384,162,0.503056768558952,-0.24323144104803496,166,0.4270742358078603,-0.16724890829694328,157,0.4043668122270742,-0.1445414847161572,157
41550,경기,안성시,1,일반도시_중간형,0.32751091703056767,0.5222707423580786,-0.1947598253275109,163,0.5427947598253274,-0.21528384279475976,160,0.5120087336244541,-0.18449781659388642,162,0.566812227074236,-0.23930131004366828,171
29170,광주,북구,1,일반도시_중간형,0.31113537117903933,0.5117903930131006,-0.20065502183406125,164,0.631004366812227,-0.3198689956331877,177,0.45218340611353713,-0.1410480349344978,151,0.5742358078602621,-0.26310043668122274,175
48170,경남,진주시,1,일반도시_중간형,0.34825327510917026,0.5633187772925764,-0.21506550218340614,165,0.6384279475982532,-0.2901746724890829,172,0.5257641921397379,-0.17751091703056765,160,0.6235807860262009,-0.27532751091703067,179
51110,강원,춘천시,1,일반도시_중간형,0.34825327510917037,0.5764192139737991,-0.22816593886462877,166,0.572052401746725,-0.22379912663755464,162,0.5786026200873363,-0.23034934497816595,169,0.5591703056768559,-0.21091703056768552,164
41130,경기,성남시,3,경제활동_청년유입형,0.23362445414847158,0.46593886462882095,-0.23231441048034937,167,0.4945414847161571,-0.26091703056768556,168,0.45163755458515276,-0.21801310043668118,167,0.41626637554585155,-0.18264192139737997,160
44270,충남,당진시,1,일반도시_중간형,0.2685589519650655,0.5187772925764191,-0.2502183406113536,168,0.4777292576419213,-0.2091703056768558,158,0.539301310043668,-0.2707423580786025,174,0.5460698689956331,-0.2775109170305676,180
47850,경북,칠곡군,2,고령화_청년유출형,0.4497816593886464,0.7021834061135372,-0.25240174672489085,169,0.6637554585152838,-0.21397379912663744,159,0.7213973799126638,-0.27161572052401745,176,0.6986899563318778,-0.2489082969432314,172
47290,경북,경산시,1,일반도시_중간형,0.35371179039301315,0.6065502183406114,-0.25283842794759825,170,0.5703056768558952,-0.21659388646288202,161,0.6246724890829694,-0.2709606986899562,175,0.5819868995633187,-0.22827510917030558,168
31140,울산,남구,1,일반도시_중간형,0.3406113537117904,0.5965065502183406,-0.25589519650655024,171,0.6895196506550219,-0.34890829694323144,181,0.55,-0.20938864628820963,166,0.6137554585152839,-0.2731441048034935,178
51130,강원,원주시,1,일반도시_중간형,0.2947598253275109,0.5558951965065503,-0.2611353711790394,172,0.6299126637554585,-0.33515283842794763,180,0.5188864628820962,-0.22412663755458528,168,0.613646288209607,-0.3188864628820961,185
48310,경남,거제시,1,일반도시_중간형,0.2685589519650655,0.534061135371179,-0.26550218340611353,173,0.5648471615720524,-0.2962882096069869,173,0.5186681222707423,-0.2501091703056768,171,0.5800218340611354,-0.31146288209606987,184
11710,서울,송파구,3,경제활동_청년유입형,0.22816593886462883,0.5048034934497818,-0.276637554585153,174,0.5572052401746725,-0.3290393013100437,178,0.4786026200873363,-0.25043668122270746,172,0.4465065502183406,-0.2183406113537118,166
11230,서울,동대문구,1,일반도시_중간형,0.22925764192139733,0.5087336244541485,-0.2794759825327512,175,0.598471615720524,-0.3692139737991267,187,0.4638646288209606,-0.23460698689956325,170,0.491593886462882,-0.26233624454148463,174
41150,경기,의정부시,1,일반도시_중간형,0.26310043668122274,0.5467248908296943,-0.2836244541484716,176,0.5646288209606987,-0.3015283842794759,174,0.5377729257641921,-0.2746724890829694,177,0.48537117903930127,-0.22227074235807853,167
27260,대구,수성구,1,일반도시_중간형,0.2991266375545852,0.5877729257641923,-0.2886462882096071,177,0.6144104803493451,-0.3152838427947599,176,0.5744541484716159,-0.2753275109170307,178,0.5351528384279477,-0.2360262008733625,169
11200,서울,성동구,3,경제활동_청년유입형,0.19650655021834065,0.4873362445414848,-0.2908296943231441,178,0.48034934497816595,-0.2838427947598253,171,0.4908296943231441,-0.2943231441048034,181,0.40567685589519653,-0.20917030567685588,163
11170,서울,용산구,3,경제활동_청년유입형,0.14410480349344978,0.44192139737991265,-0.29781659388646287,179,0.40829694323144106,-0.26419213973799127,169,0.45873362445414845,-0.31462882096069866,188,0.3421397379912664,-0.19803493449781662,162
41360,경기,남양주시,1,일반도시_중간형,0.22707423580786024,0.5305676855895196,-0.3034934497816594,180,0.5316593886462881,-0.3045851528384279,175,0.5300218340611353,-0.3029475982532751,184,0.49508733624454143,-0.2680131004366812,176
27230,대구,북구,1,일반도시_중간형,0.34279475982532753,0.6471615720524018,-0.30436681222707423,181,0.6777292576419214,-0.33493449781659385,179,0.631877729257642,-0.28908296943231443,180,0.6117903930131005,-0.2689956331877729,177
26710,부산,기장군,1,일반도시_중간형,0.3013100436681223,0.6117903930131005,-0.31048034934497815,182,0.5718340611353712,-0.27052401746724886,170,0.631768558951965,-0.33045851528384274,190,0.5584061135371179,-0.2570960698689956,173
41310,경기,구리시,1,일반도시_중간형,0.30131004366812225,0.6135371179039302,-0.3122270742358079,183,0.6740174672489082,-0.37270742358078596,189,0.583296943231441,-0.28198689956331874,179,0.591593886462882,-0.29028384279475977,182
52110,전북,전주시,1,일반도시_중간형,0.24454148471615722,0.5628820960698689,-0.3183406113537117,184,0.6884279475982532,-0.443886462882096,205,0.5001091703056767,-0.2555676855895195,173,0.6324235807860261,-0.3878820960698689,200
44250,충남,계룡시,1,일반도시_중간형,0.16812227074235808,0.4877729257641922,-0.3196506550218341,185,0.5373362445414847,-0.36921397379912657,186,0.4629912663755458,-0.2948689956331877,182,0.5304585152838429,-0.36233624454148483,191
48330,경남,양산시,1,일반도시_중간형,0.27838427947598254,0.5995633187772925,-0.32117903930131,186,0.6412663755458515,-0.362882096069869,184,0.5787117903930131,-0.3003275109170306,183,0.6027292576419214,-0.3243449781659389,188
41280,경기,고양시,1,일반도시_중간형,0.22707423580786026,0.5532751091703056,-0.3262008733624454,187,0.5884279475982532,-0.361353711790393,182,0.5356986899563319,-0.3086244541484716,187,0.5332969432314411,-0.3062227074235808,183
50110,제주,제주시,1,일반도시_중간형,0.14192139737991263,0.4698689956331878,-0.32794759825327513,188,0.5148471615720523,-0.37292576419213974,190,0.44737991266375543,-0.3054585152838428,185,0.5054585152838428,-0.3635371179039302,192
11110,서울,종로구,3,경제활동_청년유입형,0.2652838427947598,0.6131004366812227,-0.3478165938864629,189,0.6327510917030568,-0.36746724890829696,185,0.6032751091703057,-0.3379912663755459,192,0.551528384279476,-0.28624454148471623,181
29140,광주,서구,1,일반도시_중간형,0.29694323144104806,0.6458515283842796,-0.34890829694323156,190,0.7307860262008734,-0.43384279475982535,201,0.6033842794759825,-0.30644104803493444,186,0.633296943231441,-0.336353711790393,189
43110,충북,청주시,1,일반도시_중간형,0.16812227074235808,0.5358078602620088,-0.3676855895196507,191,0.6028384279475983,-0.43471615720524026,202,0.502292576419214,-0.3341703056768559,191,0.5900655021834063,-0.42194323144104817,204
30170,대전,서구,1,일반도시_중간형,0.19650655021834065,0.572052401746725,-0.3755458515283844,192,0.6768558951965066,-0.48034934497816595,209,0.519650655021834,-0.3231441048034934,189,0.5805676855895197,-0.38406113537117903,197
43750,충북,진천군,3,경제활동_청년유입형,0.17903930131004364,0.5550218340611355,-0.37598253275109184,193,0.5561135371179038,-0.37707423580786015,191,0.5544759825327511,-0.37543668122270746,195,0.6018558951965066,-0.422816593886463,206
46150,전남,순천시,1,일반도시_중간형,0.2740174672489083,0.6572052401746725,-0.3831877729257642,194,0.706768558951965,-0.4327510917030567,199,0.6324235807860261,-0.3584061135371178,194,0.726528384279476,-0.45251091703056767,210
41270,경기,안산시,1,일반도시_중간형,0.24235807860262007,0.6270742358078603,-0.3847161572052402,195,0.6860262008733624,-0.44366812227074237,204,0.5975982532751092,-0.35524017467248914,193,0.612882096069869,-0.37052401746724895,194
41460,경기,용인시,1,일반도시_중간형,0.12882096069868998,0.517467248908297,-0.388646288209607,196,0.49890829694323147,-0.3700873362445415,188,0.5267467248908296,-0.39792576419213965,201,0.46735807860262013,-0.33853711790393015,190
41500,경기,이천시,3,경제활동_청년유입형,0.1921397379912664,0.5825327510917031,-0.3903930131004367,197,0.5873362445414847,-0.3951965065502183,193,0.5801310043668122,-0.3879912663755458,199,0.5794759825327511,-0.38733624454148474,199
41450,경기,하남시,1,일반도시_중간형,0.08842794759825327,0.48908296943231444,-0.40065502183406115,198,0.5222707423580786,-0.4338427947598253,200,0.47248908296943226,-0.384061135371179,198,0.4718340611353712,-0.3834061135371179,196
11440,서울,마포구,3,경제활동_청년유입형,0.09170305676855897,0.49563318777292575,-0.4039301310043668,199,0.47707423580786024,-0.3853711790393013,192,0.5049126637554585,-0.41320960698689957,203,0.4116812227074235,-0.3199781659388645,186
46840,전남,무안군,1,일반도시_중간형,0.17685589519650657,0.5829694323144105,-0.4061135371179039,200,0.584061135371179,-0.4072052401746724,195,0.5824235807860261,-0.4055676855895195,202,0.6354803493449781,-0.4586244541484715,211
31200,울산,북구,1,일반도시_중간형,0.0960698689956332,0.5078602620087336,-0.4117903930131004,201,0.5748908296943231,-0.47882096069868996,208,0.4743449781659388,-0.3782751091703056,197,0.5564410480349345,-0.46037117903930136,212
41290,경기,과천시,3,경제활동_청년유입형,0.05458515283842795,0.47467248908296944,-0.4200873362445415,202,0.4172489082969432,-0.36266375545851526,183,0.5033842794759825,-0.44879912663755456,212,0.3782751091703057,-0.32368995633187775,187
27710,대구,달성군,1,일반도시_중간형,0.1834061135371179,0.6039301310043669,-0.420524017467249,203,0.5836244541484716,-0.40021834061135375,194,0.6140829694323144,-0.43067685589519655,208,0.5691048034934497,-0.38569868995633183,198
41110,경기,수원시,1,일반도시_중간형,0.12336244541484716,0.5449781659388646,-0.42161572052401747,204,0.6327510917030569,-0.5093886462882097,212,0.5010917030567685,-0.3777292576419214,196,0.5456331877729257,-0.42227074235807854,205
46170,전남,나주시,1,일반도시_중간형,0.26855895196506546,0.6938864628820962,-0.42532751091703075,205,0.7050218340611355,-0.43646288209607004,203,0.6883187772925765,-0.41975982532751105,204,0.7634279475982534,-0.4948689956331879,214
41630,경기,양주시,1,일반도시_중간형,0.12554585152838427,0.554585152838428,-0.42903930131004375,206,0.5558951965065503,-0.430349344978166,197,0.5539301310043668,-0.42838427947598257,206,0.5486899563318778,-0.4231441048034935,207
41570,경기,김포시,1,일반도시_중간형,0.09825327510917033,0.52882096069869,-0.4305676855895197,207,0.5299126637554586,-0.43165938864628833,198,0.5282751091703057,-0.4300218340611354,207,0.49705240174672494,-0.3987991266375546,201
11650,서울,서초구,3,경제활동_청년유입형,0.13537117903930132,0.5668122270742358,-0.43144104803493455,208,0.588646288209607,-0.45327510917030567,206,0.5558951965065502,-0.4205240174672489,205,0.5037117903930131,-0.36834061135371177,193
29110,광주,동구,3,경제활동_청년유입형,0.2685589519650655,0.7013100436681223,-0.4327510917030568,209,0.7838427947598253,-0.5152838427947598,213,0.6600436681222708,-0.39148471615720526,200,0.6768558951965066,-0.40829694323144106,202
46230,전남,광양시,1,일반도시_중간형,0.15174672489082966,0.5978165938864629,-0.4460698689956333,210,0.6246724890829694,-0.4729257641921397,207,0.5843886462882095,-0.4326419213973799,209,0.6549126637554585,-0.5031659388646289,215
28185,인천,연수구,1,일반도시_중간형,0.06986899563318777,0.5222707423580786,-0.4524017467248908,211,0.48646288209606986,-0.4165938864628821,196,0.540174672489083,-0.47030567685589525,213,0.4414847161572052,-0.3716157205240174,195
11560,서울,영등포구,3,경제활동_청년유입형,0.1462882096069869,0.6139737991266375,-0.4676855895196506,212,0.668122270742358,-0.5218340611353711,214,0.5868995633187772,-0.44061135371179033,211,0.5661572052401747,-0.41986899563318775,203
11680,서울,강남구,3,경제활동_청년유입형,0.1375545851528384,0.6113537117903929,-0.4737991266375545,213,0.6834061135371179,-0.5458515283842795,216,0.5753275109170306,-0.43777292576419224,210,0.5606986899563319,-0.4231441048034935,207
41480,경기,파주시,1,일반도시_중간형,0.0927947598253275,0.5781659388646289,-0.4853711790393014,214,0.5917030567685589,-0.49890829694323147,211,0.5713973799126637,-0.47860262008733623,214,0.5600436681222708,-0.4672489082969433,213
28260,인천,서구,1,일반도시_중간형,0.08842794759825327,0.5851528384279476,-0.49672489082969434,215,0.5729257641921397,-0.4844978165938864,210,0.5912663755458516,-0.5028384279475984,215,0.5262008733624455,-0.4377729257641922,209
48250,경남,김해시,1,일반도시_중간형,0.1572052401746725,0.6908296943231441,-0.5336244541484716,216,0.7174672489082969,-0.5602620087336244,217,0.6775109170305676,-0.5203056768558951,216,0.6744541484716158,-0.5172489082969433,216
41220,경기,평택시,3,경제활동_청년유입형,0.03930131004366813,0.5834061135371179,-0.5441048034934498,217,0.6227074235807861,-0.583406113537118,219,0.5637554585152837,-0.5244541484716156,217,0.5888646288209607,-0.5495633187772926,219
41390,경기,시흥시,1,일반도시_중간형,0.074235807860262,0.6262008733624456,-0.5519650655021836,218,0.6550218340611353,-0.5807860262008734,218,0.6117903930131005,-0.5375545851528385,218,0.6074235807860262,-0.5331877729257642,217
47190,경북,구미시,1,일반도시_중간형,0.11790393013100436,0.6790393013100436,-0.5611353711790392,219,0.7185589519650655,-0.6006550218340612,223,0.6592794759825327,-0.5413755458515284,219,0.7027292576419213,-0.584825327510917,222
41590,경기,화성시,3,경제활동_청년유입형,0.019650655021834055,0.5842794759825327,-0.5646288209606987,220,0.6100436681222707,-0.5903930131004367,221,0.5713973799126637,-0.5517467248908297,221,0.5927947598253275,-0.5731441048034934,221
44130,충남,천안시,1,일반도시_중간형,0.08187772925764192,0.6698689956331879,-0.587991266375546,221,0.7432314410480348,-0.6613537117903929,225,0.6331877729257642,-0.5513100436681223,220,0.6945414847161573,-0.6126637554585154,227
44200,충남,아산시,3,경제활동_청년유입형,0.056768558951965066,0.6572052401746725,-0.6004366812227074,222,0.6587336244541485,-0.6019650655021834,224,0.6564410480349345,-0.5996724890829694,224,0.6560043668122272,-0.5992358078602621,224
28110,인천,중구,3,경제활동_청년유입형,0.050218340611353704,0.651528384279476,-0.6013100436681224,223,0.6379912663755458,-0.5877729257641922,220,0.658296943231441,-0.6080786026200873,226,0.5890829694323144,-0.5388646288209608,218
36110,세종,세종특별자치시,1,일반도시_중간형,0.013100436681222708,0.6152838427947599,-0.6021834061135372,224,0.6115720524017467,-0.598471615720524,222,0.6171397379912663,-0.6040393013100436,225,0.6647379912663756,-0.6516375545851528,228
41370,경기,오산시,1,일반도시_중간형,0.045851528384279486,0.6528384279475983,-0.6069868995633187,225,0.7168122270742358,-0.6709606986899562,227,0.6208515283842795,-0.575,222,0.6472707423580786,-0.601419213973799,225
30200,대전,유성구,3,경제활동_청년유입형,0.07969432314410481,0.6899563318777292,-0.6102620087336244,226,0.745414847161572,-0.6657205240174672,226,0.6622270742358078,-0.582532751091703,223,0.6768558951965066,-0.5971615720524017,223
26440,부산,강서구,3,경제활동_청년유입형,0.051310043668122265,0.6794759825327511,-0.6281659388646288,227,0.5816593886462883,-0.530349344978166,215,0.7283842794759825,-0.6770742358078602,229,0.6037117903930131,-0.5524017467248908,220
27110,대구,중구,3,경제활동_청년유입형,0.07641921397379914,0.7266375545851528,-0.6502183406113536,228,0.7855895196506548,-0.7091703056768557,228,0.6971615720524017,-0.6207423580786026,227,0.6888646288209607,-0.6124454148471615,226
29200,광주,광산구,1,일반도시_중간형,0.04694323144104803,0.7248908296943232,-0.6779475982532751,229,0.8013100436681224,-0.7543668122270744,229,0.6866812227074236,-0.6397379912663755,228,0.745414847161572,-0.698471615720524,229
