지역코드,지역명,시도,총인구_2016,총인구_2024,총인구_2025,고령인구_2016,고령인구_2025,청년인구_2016,청년인구_2025,고령화율_2016,고령화율_2025,고령화율변화폭_2016_2025,청년비율_2016,청년비율_2025,청년비율변화폭_2016_2025,인구증감률_2016_2025,청년전입_누적_2016_2025,청년전출_누적_2016_2025,청년순이동_누적_2016_2025,청년순이동률_2016_2025,사업체수_2024,종사자수_2024,인구천명당_사업체수_2024,인구천명당_종사자수_2024,사업체당_종사자수_2024,병원수,약국수,주거복지시설수,의료복지시설수,여가복지시설수,재가복지시설수,노인일자리지원기관수,학대피해노인쉼터수,노인복지시설수,버스정류장수,철도역수,노인천명당_병원수,노인천명당_약국수,노인천명당_복지시설수,노인천명당_버스정류장수,노인천명당_철도역수
11110,종로구,서울,152737.0,138336.0,137048.0,24950.0,30664.0,44333.0,40075.0,16.34,22.37,6.03,29.03,29.24,0.21,-10.27,101693.0,103415.0,-1722.0,-3.88,46830.0,265635.0,338.52,1920.22,5.67,9,196,1,9,77,38,1,0,126,475.0,12,0.294,6.392,4.109,15.49,0.391
11140,중구,서울,125249.0,120544.0,117805.0,20388.0,27157.0,38184.0,36938.0,16.28,23.05,6.77,30.49,31.36,0.87,-5.94,99306.0,92705.0,6601.0,17.29,67098.0,399960.0,556.63,3317.96,5.96,4,183,2,2,55,41,1,0,101,311.0,15,0.147,6.739,3.719,11.452,0.552
11170,용산구,서울,230241.0,203854.0,201894.0,35547.0,39913.0,69448.0,63815.0,15.44,19.77,4.33,30.16,31.61,1.45,-12.31,167460.0,159095.0,8365.0,12.04,27854.0,157564.0,136.64,772.93,5.66,2,116,1,2,111,32,0,0,146,433.0,16,0.05,2.906,3.658,10.849,0.401
11200,성동구,서울,299259.0,273669.0,274606.0,39140.0,53232.0,95682.0,86149.0,13.08,19.38,6.3,31.97,31.37,-0.6,-8.24,216927.0,207959.0,8968.0,9.37,39264.0,201023.0,143.47,734.55,5.12,9,158,0,8,187,45,0,0,240,503.0,18,0.169,2.968,4.509,9.449,0.338
11215,광진구,서울,357215.0,331963.0,331167.0,41292.0,62317.0,121258.0,111662.0,11.56,18.82,7.26,33.95,33.72,-0.23,-7.29,279663.0,275160.0,4503.0,3.71,33295.0,125475.0,100.3,377.98,3.77,9,199,2,17,109,74,1,0,203,399.0,9,0.144,3.193,3.258,6.403,0.144
11230,동대문구,서울,355069.0,338735.0,346241.0,53301.0,72487.0,109441.0,109006.0,15.01,20.94,5.93,30.82,31.48,0.66,-2.49,257642.0,247683.0,9959.0,9.1,43129.0,145719.0,127.32,430.19,3.38,24,252,0,24,158,118,1,0,301,415.0,8,0.331,3.476,4.152,5.725,0.11
11260,중랑구,서울,411005.0,379274.0,376916.0,55842.0,87928.0,123469.0,103776.0,13.59,23.33,9.74,30.04,27.53,-2.51,-8.29,233611.0,234595.0,-984.0,-0.8,42344.0,115477.0,111.64,304.47,2.73,19,191,0,47,154,194,1,0,396,533.0,12,0.216,2.172,4.504,6.062,0.136
11290,성북구,서울,450355.0,421560.0,422559.0,63878.0,87297.0,131558.0,119567.0,14.18,20.66,6.48,29.21,28.3,-0.91,-6.17,266395.0,270661.0,-4266.0,-3.24,35561.0,125573.0,84.36,297.88,3.53,15,204,1,24,197,125,1,0,348,684.0,13,0.172,2.337,3.986,7.835,0.149
11305,강북구,서울,327195.0,283597.0,278928.0,53964.0,74210.0,90832.0,68604.0,16.49,26.61,10.12,27.76,24.6,-3.16,-14.75,158817.0,172766.0,-13949.0,-15.36,25636.0,75722.0,90.4,267.01,2.95,14,168,0,33,123,115,1,0,272,453.0,11,0.189,2.264,3.665,6.104,0.148
11320,도봉구,서울,348220.0,303228.0,299899.0,50466.0,78244.0,96133.0,70598.0,14.49,26.09,11.6,27.61,23.54,-4.07,-13.88,142868.0,160608.0,-17740.0,-18.45,25298.0,80087.0,83.43,264.11,3.17,13,125,2,51,151,170,1,1,376,450.0,7,0.166,1.598,4.805,5.751,0.089
11350,노원구,서울,567581.0,491247.0,483541.0,70819.0,104661.0,156929.0,122213.0,12.48,21.64,9.16,27.65,25.27,-2.38,-14.81,244506.0,278628.0,-34122.0,-21.74,38579.0,132355.0,78.53,269.43,3.43,15,236,1,24,265,143,1,0,434,725.0,14,0.143,2.255,4.147,6.927,0.134
11380,은평구,서울,491476.0,460919.0,455137.0,71304.0,102219.0,141195.0,122579.0,14.51,22.46,7.95,28.73,26.93,-1.8,-7.39,280911.0,280298.0,613.0,0.43,36093.0,107935.0,78.31,234.17,2.99,18,231,2,23,195,164,1,0,385,727.0,12,0.176,2.26,3.766,7.112,0.117
11410,서대문구,서울,314194.0,302853.0,300147.0,47303.0,61941.0,95337.0,89944.0,15.06,20.64,5.58,30.34,29.97,-0.37,-4.47,222072.0,215785.0,6287.0,6.59,28468.0,117330.0,94.0,387.42,4.12,10,162,0,12,133,79,1,0,225,557.0,7,0.161,2.615,3.632,8.992,0.113
11440,마포구,서울,379892.0,361417.0,357616.0,48060.0,61725.0,127897.0,119319.0,12.65,17.26,4.61,33.67,33.37,-0.3,-5.86,315502.0,302472.0,13030.0,10.19,56080.0,274900.0,155.17,760.62,4.9,9,225,1,3,177,64,1,0,246,755.0,17,0.146,3.645,3.985,12.232,0.275
11470,양천구,서울,477739.0,430976.0,425088.0,51957.0,84351.0,131503.0,98536.0,10.88,19.84,8.96,27.53,23.18,-4.35,-11.02,201564.0,226098.0,-24534.0,-18.66,37760.0,130568.0,87.62,302.96,3.46,9,196,1,18,196,131,1,0,347,496.0,8,0.107,2.324,4.114,5.88,0.095
11500,강서구,서울,595485.0,556171.0,549711.0,70889.0,112966.0,192884.0,167796.0,11.9,20.55,8.65,32.39,30.52,-1.87,-7.69,432306.0,415900.0,16406.0,8.51,60611.0,312532.0,108.98,561.94,5.16,30,293,4,33,257,163,1,0,458,859.0,18,0.266,2.594,4.054,7.604,0.159
11530,구로구,서울,417551.0,388169.0,383829.0,55159.0,85949.0,128841.0,107360.0,13.21,22.39,9.18,30.86,27.97,-2.89,-8.08,245545.0,244790.0,755.0,0.59,51832.0,232534.0,133.53,599.05,4.49,19,200,0,15,230,120,1,0,366,721.0,13,0.221,2.327,4.258,8.389,0.151
11545,금천구,서울,235386.0,225159.0,223290.0,31976.0,49561.0,71323.0,71433.0,13.58,22.2,8.62,30.3,31.99,1.69,-5.14,177202.0,166711.0,10491.0,14.71,48067.0,257675.0,213.48,1144.41,5.36,10,143,2,23,87,53,1,0,166,558.0,4,0.202,2.885,3.349,11.259,0.081
11560,영등포구,서울,370613.0,373773.0,371362.0,51186.0,71314.0,120136.0,126913.0,13.81,19.2,5.39,32.42,34.18,1.76,0.2,333783.0,302079.0,31704.0,26.39,74118.0,442395.0,198.3,1183.59,5.97,26,286,1,14,205,101,1,0,322,723.0,18,0.365,4.01,4.515,10.138,0.252
11590,동작구,서울,400997.0,375799.0,371924.0,55052.0,75541.0,133589.0,121383.0,13.73,20.31,6.58,33.31,32.64,-0.67,-7.25,324852.0,318570.0,6282.0,4.7,27532.0,109155.0,73.26,290.46,3.96,8,205,0,11,164,87,0,0,262,543.0,17,0.106,2.714,3.468,7.188,0.225
11620,관악구,서울,506851.0,477812.0,477605.0,66659.0,92078.0,192261.0,195411.0,13.15,19.28,6.13,37.93,40.91,2.98,-5.77,595319.0,569764.0,25555.0,13.29,37657.0,125747.0,78.81,263.17,3.34,14,242,0,29,135,107,1,0,272,637.0,10,0.152,2.628,2.954,6.918,0.109
11650,서초구,서울,447192.0,408376.0,414428.0,50906.0,72156.0,134071.0,105804.0,11.38,17.41,6.03,29.98,25.53,-4.45,-7.33,270201.0,275987.0,-5786.0,-4.32,72068.0,493979.0,176.47,1209.62,6.85,20,318,0,5,160,48,0,0,213,994.0,16,0.277,4.407,2.952,13.776,0.222
11680,강남구,서울,567115.0,557345.0,556330.0,61822.0,95349.0,177897.0,143814.0,10.9,17.14,6.24,31.37,25.85,-5.52,-1.9,389304.0,403195.0,-13891.0,-7.81,101160.0,755251.0,181.5,1355.09,7.47,45,559,2,10,213,63,1,0,289,856.0,33,0.472,5.863,3.031,8.978,0.346
11710,송파구,서울,657831.0,650110.0,643350.0,70918.0,118935.0,206243.0,182068.0,10.78,18.49,7.71,31.35,28.3,-3.05,-2.2,463102.0,446322.0,16780.0,8.14,75957.0,418595.0,116.84,643.88,5.51,34,403,0,23,202,148,1,0,374,821.0,24,0.286,3.388,3.145,6.903,0.202
11740,강동구,서울,444168.0,476942.0,499127.0,53121.0,97907.0,133231.0,133066.0,11.96,19.62,7.66,30.0,26.66,-3.34,12.37,311410.0,288560.0,22850.0,17.15,43775.0,169270.0,91.78,354.91,3.87,25,310,2,24,153,144,1,0,324,628.0,13,0.255,3.166,3.309,6.414,0.133
26110,중구,부산,45208.0,37537.0,36518.0,9700.0,12471.0,11234.0,8719.0,21.46,34.15,12.69,24.85,23.88,-0.97,-19.22,27360.0,28997.0,-1637.0,-14.57,17230.0,70906.0,459.01,1888.96,4.12,6,53,0,1,35,26,1,0,63,162.0,3,0.481,4.25,5.052,12.99,0.241
26140,서구,부산,112973.0,103188.0,101892.0,23906.0,31668.0,27370.0,20811.0,21.16,31.08,9.92,24.23,20.42,-3.81,-9.81,53922.0,58900.0,-4978.0,-18.19,10790.0,45185.0,104.57,437.89,4.19,12,99,0,4,97,28,1,0,130,351.0,3,0.379,3.126,4.105,11.084,0.095
26170,동구,부산,89826.0,85911.0,83851.0,20334.0,26104.0,21217.0,18668.0,22.64,31.13,8.49,23.62,22.26,-1.36,-6.65,50738.0,50608.0,130.0,0.61,17400.0,77152.0,202.54,898.05,4.43,14,68,0,3,87,31,1,0,122,281.0,4,0.536,2.605,4.674,10.765,0.153
26200,영도구,부산,126362.0,103737.0,101580.0,27192.0,35615.0,28800.0,17629.0,21.52,35.06,13.54,22.79,17.35,-5.44,-19.61,38983.0,48670.0,-9687.0,-33.64,11771.0,47627.0,113.47,459.11,4.05,9,53,0,3,89,40,1,0,133,431.0,0,0.253,1.488,3.734,12.102,0.0
26230,부산진구,부산,376526.0,359281.0,365378.0,60541.0,87363.0,107863.0,100924.0,16.08,23.91,7.83,28.65,27.62,-1.03,-2.96,263160.0,256918.0,6242.0,5.79,44074.0,175114.0,122.67,487.4,3.97,34,231,0,9,284,107,1,0,401,771.0,11,0.389,2.644,4.59,8.825,0.126
26260,동래구,부산,272745.0,274370.0,273277.0,40349.0,64095.0,71076.0,57957.0,14.79,23.45,8.66,26.06,21.21,-4.85,0.2,138845.0,141987.0,-3142.0,-4.42,28351.0,95970.0,103.33,349.78,3.39,37,155,1,9,177,132,1,0,320,704.0,12,0.577,2.418,4.993,10.984,0.187
26290,남구,부산,278779.0,254498.0,250668.0,45778.0,63975.0,72464.0,56998.0,16.42,25.52,9.1,25.99,22.74,-3.25,-10.08,147564.0,158898.0,-11334.0,-15.64,24050.0,92952.0,94.5,365.24,3.86,18,120,0,5,188,80,1,0,274,567.0,6,0.281,1.876,4.283,8.863,0.094
26320,북구,부산,310202.0,267692.0,262862.0,38522.0,66932.0,85531.0,56503.0,12.42,25.46,13.04,27.57,21.5,-6.07,-15.26,119236.0,142543.0,-23307.0,-27.25,20699.0,64810.0,77.32,242.11,3.13,25,110,1,12,169,89,1,0,272,596.0,12,0.374,1.643,4.064,8.905,0.179
26350,해운대구,부산,419853.0,376404.0,372604.0,56854.0,87737.0,108220.0,76867.0,13.54,23.55,10.01,25.78,20.63,-5.15,-11.25,186472.0,207116.0,-20644.0,-19.08,40876.0,155680.0,108.6,413.6,3.81,30,181,0,9,269,94,1,0,373,741.0,15,0.342,2.063,4.251,8.446,0.171
26380,사하구,부산,334603.0,292491.0,286222.0,46778.0,76444.0,90495.0,59815.0,13.98,26.71,12.73,27.05,20.9,-6.15,-14.46,138008.0,161553.0,-23545.0,-26.02,29220.0,113351.0,99.9,387.54,3.88,42,132,1,13,211,53,1,1,280,819.0,12,0.549,1.727,3.663,10.714,0.157
26410,금정구,부산,244624.0,209932.0,206588.0,39482.0,58583.0,65802.0,46434.0,16.14,28.36,12.22,26.9,22.48,-4.42,-15.55,122651.0,141077.0,-18426.0,-28.0,25962.0,95377.0,123.67,454.32,3.67,30,110,1,8,151,79,1,0,240,740.0,9,0.512,1.878,4.097,12.632,0.154
26440,강서구,부산,108909.0,142789.0,150299.0,12348.0,22908.0,34216.0,34420.0,11.34,15.24,3.9,31.42,22.9,-8.52,38.0,96240.0,70453.0,25787.0,75.37,31768.0,155918.0,222.48,1091.95,4.91,6,45,0,7,176,34,1,0,218,1860.0,9,0.262,1.964,9.516,81.194,0.393
26470,연제구,부산,207268.0,212589.0,211727.0,31832.0,51244.0,55185.0,49779.0,15.36,24.2,8.84,26.62,23.51,-3.11,2.15,123557.0,120294.0,3263.0,5.91,24887.0,101078.0,117.07,475.46,4.06,28,108,0,7,144,82,1,0,234,354.0,10,0.546,2.108,4.566,6.908,0.195
26500,수영구,부산,179324.0,171918.0,169112.0,30831.0,45673.0,50404.0,42549.0,17.19,27.01,9.82,28.11,25.16,-2.95,-5.69,129549.0,128938.0,611.0,1.21,20873.0,67609.0,121.41,393.26,3.24,18,100,1,6,98,81,1,0,187,288.0,6,0.394,2.189,4.094,6.306,0.131
26530,사상구,부산,232800.0,198635.0,194124.0,30561.0,51544.0,65246.0,44052.0,13.13,26.55,13.42,28.03,22.69,-5.34,-16.61,94484.0,112618.0,-18134.0,-27.79,34753.0,119723.0,174.96,602.73,3.44,28,80,0,8,150,84,1,0,243,666.0,8,0.543,1.552,4.714,12.921,0.155
26710,기장군,부산,158527.0,175626.0,174898.0,21056.0,36479.0,43592.0,34869.0,13.28,20.86,7.58,27.5,19.94,-7.56,10.33,79015.0,70859.0,8156.0,18.71,19715.0,85502.0,112.26,486.84,4.34,10,74,2,21,316,84,1,0,424,1057.0,7,0.274,2.029,11.623,28.976,0.192
27110,중구,대구,79712.0,97711.0,101007.0,15343.0,18570.0,22710.0,31714.0,19.25,18.38,-0.87,28.49,31.4,2.91,26.71,83122.0,69734.0,13388.0,58.95,26054.0,91314.0,266.64,934.53,3.5,15,165,1,6,60,31,1,0,99,288.0,9,0.808,8.885,5.331,15.509,0.485
27140,동구,대구,351352.0,342339.0,339281.0,55767.0,84594.0,93937.0,78115.0,15.87,24.93,9.06,26.74,23.02,-3.72,-3.44,189321.0,188781.0,540.0,0.57,37478.0,123427.0,109.48,360.54,3.29,19,193,0,41,246,145,1,0,433,1275.0,14,0.225,2.281,5.119,15.072,0.165
27170,서구,대구,199507.0,163135.0,163956.0,33038.0,47318.0,51430.0,34368.0,16.56,28.86,12.3,25.78,20.96,-4.82,-17.82,75672.0,92454.0,-16782.0,-32.63,22295.0,80032.0,136.67,490.59,3.59,24,110,1,32,98,111,1,0,243,453.0,6,0.507,2.325,5.135,9.574,0.127
27200,남구,대구,156433.0,136263.0,135542.0,29974.0,38922.0,41610.0,32451.0,19.16,28.72,9.56,26.6,23.94,-2.66,-13.35,94341.0,101456.0,-7115.0,-17.1,17943.0,61255.0,131.68,449.54,3.41,16,107,0,25,75,77,1,1,179,372.0,8,0.411,2.749,4.599,9.558,0.206
27230,북구,대구,440383.0,413010.0,409854.0,51156.0,82817.0,118892.0,99095.0,11.62,20.21,8.59,27.0,24.18,-2.82,-6.93,232272.0,248554.0,-16282.0,-13.69,53273.0,174688.0,128.99,422.96,3.28,37,206,1,64,301,147,1,0,514,1389.0,15,0.447,2.487,6.206,16.772,0.181
27260,수성구,대구,447011.0,409107.0,409222.0,56431.0,83221.0,108158.0,85340.0,12.62,20.34,7.72,24.2,20.85,-3.35,-8.45,195826.0,220877.0,-25051.0,-23.16,38766.0,145852.0,94.76,356.51,3.76,25,245,1,15,277,151,1,0,445,932.0,18,0.3,2.944,5.347,11.199,0.216
27290,달서구,대구,591891.0,522021.0,517059.0,62977.0,107067.0,164114.0,119950.0,10.64,20.71,10.07,27.73,23.2,-4.53,-12.64,269735.0,313985.0,-44250.0,-26.96,60319.0,217488.0,115.55,416.63,3.61,43,286,1,40,292,189,1,0,523,1222.0,13,0.402,2.671,4.885,11.413,0.121
27710,달성군,대구,218268.0,257580.0,254659.0,24215.0,45904.0,62844.0,55481.0,11.09,18.03,6.94,28.79,21.79,-7.0,16.67,144370.0,121556.0,22814.0,36.3,27180.0,117136.0,105.52,454.76,4.31,14,94,1,38,349,72,1,0,461,1490.0,6,0.305,2.048,10.043,32.459,0.131
27720,군위군,대구,24171.0,22463.0,22452.0,8670.0,10992.0,3578.0,2036.0,35.87,48.96,13.09,14.8,9.07,-5.73,-7.11,5961.0,7334.0,-1373.0,-38.37,3533.0,10054.0,157.28,447.58,2.85,0,7,1,3,216,14,0,0,234,681.0,0,0.0,0.637,21.288,61.954,0.0
28110,중구,인천,115249.0,167113.0,176467.0,15737.0,28899.0,31402.0,51061.0,13.65,16.38,2.73,27.25,28.94,1.69,53.12,123911.0,92784.0,31127.0,99.12,23916.0,124577.0,143.11,745.47,5.21,9,72,0,28,102,64,1,0,195,806.0,14,0.311,2.491,6.748,27.89,0.484
28140,동구,인천,71014.0,58296.0,56477.0,12639.0,16293.0,17957.0,11403.0,17.8,28.85,11.05,25.29,20.19,-5.1,-20.47,24106.0,28357.0,-4251.0,-23.67,10702.0,38198.0,183.58,655.24,3.57,2,34,0,8,41,35,1,0,85,175.0,1,0.123,2.087,5.217,10.741,0.061
28177,미추홀구,인천,417103.0,412274.0,417578.0,57437.0,89661.0,122018.0,107751.0,13.77,21.47,7.7,29.25,25.8,-3.45,0.11,271481.0,262336.0,9145.0,7.49,42899.0,142099.0,104.05,344.67,3.31,33,204,0,53,175,272,3,0,503,731.0,10,0.368,2.275,5.61,8.153,0.112
28185,연수구,인천,328627.0,400213.0,409437.0,26893.0,57266.0,95309.0,102433.0,8.18,13.99,5.81,29.0,25.02,-3.98,24.59,247419.0,220030.0,27389.0,28.74,37217.0,162913.0,92.99,407.07,4.38,10,143,1,35,171,122,1,0,330,836.0,16,0.175,2.497,5.763,14.599,0.279
28200,남동구,인천,530982.0,486225.0,480147.0,53961.0,98130.0,157718.0,114723.0,10.16,20.44,10.28,29.7,23.89,-5.81,-9.57,277824.0,297364.0,-19540.0,-12.39,57760.0,248582.0,118.79,511.25,4.3,33,240,1,120,197,275,2,1,596,1171.0,15,0.336,2.446,6.074,11.933,0.153
28237,부평구,인천,549716.0,493200.0,490442.0,60940.0,99616.0,165780.0,128824.0,11.09,20.31,9.22,30.16,26.27,-3.89,-10.78,279962.0,300940.0,-20978.0,-12.65,47969.0,172048.0,97.26,348.84,3.59,15,250,2,65,192,174,1,0,434,1091.0,12,0.151,2.51,4.357,10.952,0.12
28245,계양구,인천,330284.0,280227.0,277721.0,29762.0,55951.0,98958.0,68855.0,9.01,20.15,11.14,29.96,24.79,-5.17,-15.91,135254.0,161972.0,-26718.0,-27.0,28211.0,97662.0,100.67,348.51,3.46,18,127,1,64,166,156,2,0,389,640.0,7,0.322,2.27,6.953,11.439,0.125
28260,서구,인천,510733.0,634064.0,654358.0,42719.0,93707.0,150553.0,171813.0,8.36,14.32,5.96,29.48,26.26,-3.22,28.12,368741.0,310850.0,57891.0,38.45,67789.0,252241.0,106.91,397.82,3.72,28,212,4,100,285,266,1,0,656,1624.0,20,0.299,2.262,7.001,17.331,0.213
28710,강화군,인천,68010.0,69402.0,69698.0,19600.0,28402.0,11724.0,9005.0,28.82,40.75,11.93,17.24,12.92,-4.32,2.48,20138.0,21872.0,-1734.0,-14.79,9711.0,25678.0,139.92,369.99,2.64,5,27,6,29,242,39,0,0,316,1539.0,0,0.176,0.951,11.126,54.186,0.0
28720,옹진군,인천,21351.0,19996.0,19636.0,4567.0,7087.0,5346.0,3825.0,21.39,36.09,14.7,25.04,19.48,-5.56,-8.03,14498.0,15608.0,-1110.0,-20.76,2755.0,7662.0,137.78,383.18,2.78,1,2,1,7,76,10,0,0,94,134.0,0,0.141,0.282,13.264,18.908,0.0
29110,동구,광주,95791.0,106203.0,104888.0,19413.0,25878.0,25478.0,27631.0,20.27,24.67,4.4,26.6,26.34,-0.26,9.5,77577.0,73629.0,3948.0,15.5,18067.0,68363.0,170.12,643.7,3.78,22,100,1,11,132,70,1,0,215,231.0,7,0.85,3.864,8.308,8.927,0.271
29140,서구,광주,309579.0,279050.0,275063.0,35214.0,53606.0,87911.0,69427.0,11.37,19.49,8.12,28.4,25.24,-3.16,-11.15,184378.0,198601.0,-14223.0,-16.18,40795.0,165129.0,146.19,591.75,4.05,35,157,1,18,244,148,1,0,412,463.0,8,0.653,2.929,7.686,8.637,0.149
29155,남구,광주,219729.0,207597.0,207596.0,32184.0,46872.0,58607.0,44620.0,14.65,22.58,7.93,26.67,21.49,-5.18,-5.52,112355.0,122785.0,-10430.0,-17.8,19387.0,70434.0,93.39,339.28,3.63,27,112,0,14,271,147,1,1,434,371.0,0,0.576,2.389,9.259,7.915,0.0
29170,북구,광주,441066.0,423961.0,416862.0,53694.0,84137.0,126306.0,102509.0,12.17,20.18,8.01,28.64,24.59,-4.05,-5.49,253549.0,272972.0,-19423.0,-15.38,46383.0,181371.0,109.4,427.8,3.91,52,201,0,30,411,275,1,0,717,779.0,0,0.618,2.389,8.522,9.259,0.0
29200,광산구,광주,403049.0,391611.0,387604.0,32067.0,50766.0,116495.0,100025.0,7.96,13.1,5.14,28.9,25.81,-3.09,-3.83,229516.0,235822.0,-6306.0,-5.41,50606.0,188304.0,129.23,480.84,3.72,39,165,0,34,385,168,1,0,588,1192.0,5,0.768,3.25,11.583,23.48,0.098
30110,동구,대전,234959.0,218513.0,218664.0,35763.0,52714.0,63636.0,53356.0,15.22,24.11,8.89,27.08,24.4,-2.68,-6.94,135177.0,145256.0,-10079.0,-15.84,24483.0,81131.0,112.04,371.29,3.31,20,126,0,36,177,120,1,0,334,659.0,4,0.379,2.39,6.336,12.501,0.076
30140,중구,대전,252490.0,225008.0,225645.0,38468.0,55091.0,66013.0,51469.0,15.24,24.41,9.17,26.14,22.81,-3.33,-10.63,126039.0,137582.0,-11543.0,-17.49,29731.0,100319.0,132.13,445.85,3.37,19,154,2,30,151,162,1,0,346,398.0,4,0.345,2.795,6.281,7.224,0.073
30170,서구,대전,491011.0,457951.0,463351.0,49080.0,80949.0,146089.0,128893.0,10.0,17.47,7.47,29.75,27.82,-1.93,-5.63,350266.0,356924.0,-6658.0,-4.56,52051.0,203748.0,113.66,444.91,3.91,36,264,2,44,221,201,1,1,470,603.0,7,0.445,3.261,5.806,7.449,0.086
30200,유성구,대전,343222.0,369468.0,367534.0,25474.0,49193.0,107801.0,110545.0,7.42,13.38,5.96,31.41,30.08,-1.33,7.08,302552.0,279565.0,22987.0,21.32,39780.0,218686.0,107.67,591.89,5.5,23,160,2,25,214,103,1,0,345,1099.0,7,0.468,3.252,7.013,22.341,0.142
30230,대덕구,대전,192688.0,168217.0,165535.0,22783.0,37459.0,52136.0,38430.0,11.82,22.63,10.81,27.06,23.22,-3.84,-14.09,86906.0,102102.0,-15196.0,-29.15,26164.0,102191.0,155.54,607.5,3.91,10,92,1,22,130,58,1,0,212,467.0,0,0.267,2.456,5.66,12.467,0.0
31110,중구,울산,242536.0,207000.0,204169.0,26082.0,44478.0,67807.0,43690.0,10.75,21.78,11.03,27.96,21.4,-6.56,-15.82,97501.0,115444.0,-17943.0,-26.46,20392.0,64669.0,98.51,312.41,3.17,10,83,0,16,95,63,1,1,176,476.0,0,0.225,1.866,3.957,10.702,0.0
31140,남구,울산,340714.0,304885.0,304128.0,29400.0,54612.0,98473.0,76324.0,8.63,17.96,9.33,28.9,25.1,-3.8,-10.74,187990.0,203673.0,-15683.0,-15.93,40448.0,177964.0,132.67,583.71,4.4,40,161,0,10,141,105,1,0,257,743.0,2,0.732,2.948,4.706,13.605,0.037
31170,동구,울산,174514.0,150836.0,149257.0,14370.0,29586.0,55245.0,31459.0,8.23,19.82,11.59,31.66,21.08,-10.58,-14.47,78667.0,92393.0,-13726.0,-24.85,10809.0,78940.0,71.66,523.35,7.3,4,71,0,5,69,29,1,0,104,357.0,0,0.135,2.4,3.515,12.067,0.0
31200,북구,울산,195285.0,216522.0,215220.0,12985.0,27983.0,58534.0,50911.0,6.65,13.0,6.35,29.97,23.66,-6.31,10.21,116624.0,108904.0,7720.0,13.19,19171.0,119940.0,88.54,553.94,6.26,12,57,0,11,154,58,1,0,224,564.0,0,0.429,2.037,8.005,20.155,0.0
31710,울주군,울산,219255.0,218806.0,219174.0,25931.0,46241.0,55789.0,45287.0,11.83,21.1,9.27,25.44,20.66,-4.78,-0.04,91817.0,98280.0,-6463.0,-11.58,25955.0,126594.0,118.62,578.57,4.88,19,69,2,27,425,109,3,0,566,1758.0,4,0.411,1.492,12.24,38.018,0.087
36110,세종특별자치시,세종,243048.0,390685.0,391965.0,24197.0,48115.0,72474.0,94271.0,9.96,12.28,2.32,29.82,24.05,-5.77,61.27,297222.0,229626.0,67596.0,93.27,36117.0,172001.0,92.45,440.25,4.76,9,162,2,21,532,80,1,0,636,3415.0,0,0.187,3.367,13.218,70.976,0.0
41110,수원시,경기,1194041.0,1193005.0,1186515.0,103992.0,180792.0,380940.0,349778.0,8.71,15.24,6.53,31.9,29.48,-2.42,-0.63,825328.0,806523.0,18805.0,4.94,119612.0,484061.0,100.26,405.75,4.05,64,589,8,107,540,313,1,0,969,1532.0,15,0.354,3.258,5.36,8.474,0.083
41130,성남시,경기,974580.0,913009.0,905794.0,109744.0,170787.0,292035.0,239899.0,11.26,18.85,7.59,29.97,26.48,-3.49,-7.06,591887.0,600877.0,-8990.0,-3.08,97249.0,554293.0,106.51,607.11,5.7,40,528,6,43,413,111,2,0,575,1719.0,22,0.234,3.092,3.367,10.065,0.129
41150,의정부시,경기,438457.0,461271.0,461572.0,55396.0,92992.0,119573.0,114489.0,12.63,20.15,7.52,27.27,24.8,-2.47,5.27,252514.0,241631.0,10883.0,9.1,42879.0,140563.0,92.96,304.73,3.28,29,216,1,102,272,146,1,1,523,875.0,21,0.312,2.323,5.624,9.409,0.226
41170,안양시,경기,597414.0,556492.0,563279.0,61675.0,105050.0,176587.0,150799.0,10.32,18.65,8.33,29.56,26.77,-2.79,-5.71,327905.0,336917.0,-9012.0,-5.1,66906.0,284815.0,120.23,511.8,4.26,21,289,1,44,258,214,1,0,518,897.0,7,0.2,2.751,4.931,8.539,0.067
41190,부천시,경기,851380.0,769918.0,758796.0,86218.0,155075.0,258286.0,189650.0,10.13,20.44,10.31,30.34,24.99,-5.35,-10.87,395271.0,432551.0,-37280.0,-14.43,88867.0,315563.0,115.42,409.87,3.55,48,406,0,138,379,321,1,1,840,1489.0,14,0.31,2.618,5.417,9.602,0.09
41210,광명시,경기,339484.0,278167.0,293947.0,36549.0,54496.0,97316.0,74829.0,10.77,18.54,7.77,28.67,25.46,-3.21,-13.41,160680.0,173379.0,-12699.0,-13.05,26651.0,110883.0,95.81,398.62,4.16,11,139,1,14,121,49,1,0,186,680.0,3,0.202,2.551,3.413,12.478,0.055
41220,평택시,경기,470832.0,598556.0,610402.0,53090.0,89235.0,134045.0,171705.0,11.28,14.62,3.34,28.47,28.13,-0.34,29.64,425689.0,353064.0,72625.0,54.18,64714.0,288561.0,108.12,482.1,4.46,25,269,3,50,642,119,1,0,815,2010.0,5,0.28,3.015,9.133,22.525,0.056
41250,동두천시,경기,98277.0,86838.0,86438.0,16172.0,23606.0,24201.0,16875.0,16.46,27.31,10.85,24.63,19.52,-5.11,-12.05,41607.0,46921.0,-5314.0,-21.96,9281.0,31063.0,106.88,357.71,3.35,10,38,0,37,113,50,0,0,200,369.0,5,0.424,1.61,8.472,15.632,0.212
41270,안산시,경기,689859.0,620579.0,612508.0,57150.0,102510.0,207212.0,165448.0,8.28,16.74,8.46,30.04,27.01,-3.03,-11.21,363072.0,404024.0,-40952.0,-19.76,86784.0,334665.0,139.84,539.28,3.86,41,303,1,136,277,187,1,0,602,1338.0,13,0.4,2.956,5.873,13.052,0.127
41280,고양시,경기,1039684.0,1070120.0,1060081.0,114092.0,197285.0,288743.0,264311.0,10.97,18.61,7.64,27.77,24.93,-2.84,1.96,584058.0,570283.0,13775.0,4.77,119540.0,396369.0,111.71,370.4,3.32,62,495,9,187,601,332,1,0,1130,2686.0,21,0.314,2.509,5.728,13.615,0.106
41290,과천시,경기,63778.0,85512.0,79908.0,7735.0,12737.0,16897.0,20275.0,12.13,15.94,3.81,26.49,25.37,-1.12,25.29,47257.0,43185.0,4072.0,24.1,7522.0,73309.0,87.96,857.29,9.75,0,32,1,3,39,23,0,0,66,184.0,5,0.0,2.512,5.182,14.446,0.393
41310,구리시,경기,193763.0,186882.0,186090.0,20623.0,35576.0,54673.0,46482.0,10.64,19.12,8.48,28.22,24.98,-3.24,-3.96,100620.0,98889.0,1731.0,3.17,23089.0,67436.0,123.55,360.85,2.92,14,103,0,19,134,57,1,0,211,392.0,5,0.394,2.895,5.931,11.019,0.141
41360,남양주시,경기,662154.0,732482.0,729754.0,75986.0,137932.0,174251.0,161215.0,11.48,18.9,7.42,26.32,22.09,-4.23,10.21,303188.0,280680.0,22508.0,12.92,71838.0,221153.0,98.07,301.92,3.08,40,286,4,185,565,284,1,0,1039,2078.0,17,0.29,2.073,7.533,15.065,0.123
41370,오산시,경기,208656.0,242065.0,249410.0,16015.0,32351.0,67261.0,68998.0,7.68,12.97,5.29,32.24,27.66,-4.58,19.53,159268.0,138798.0,20470.0,30.43,22692.0,84156.0,93.74,347.66,3.71,15,97,1,27,154,49,1,0,232,477.0,4,0.464,2.998,7.171,14.745,0.124
41390,시흥시,경기,402888.0,518132.0,515032.0,31650.0,70964.0,116371.0,131932.0,7.86,13.78,5.92,28.88,25.62,-3.26,27.84,301988.0,258348.0,43640.0,37.5,71949.0,245676.0,138.86,474.16,3.41,23,188,4,118,324,188,1,0,635,1308.0,9,0.324,2.649,8.948,18.432,0.127
41410,군포시,경기,284890.0,255931.0,251367.0,28530.0,49830.0,84232.0,64178.0,10.01,19.82,9.81,29.57,25.53,-4.04,-11.77,135872.0,149612.0,-13740.0,-16.31,27999.0,116846.0,109.4,456.55,4.17,11,113,1,49,123,69,1,0,243,556.0,6,0.221,2.268,4.877,11.158,0.12
41430,의왕시,경기,156763.0,154488.0,160370.0,16912.0,30859.0,44876.0,41986.0,10.79,19.24,8.45,28.63,26.18,-2.45,2.3,84106.0,82347.0,1759.0,3.92,14403.0,64593.0,93.23,418.11,4.48,7,49,5,19,114,52,1,0,191,479.0,1,0.227,1.588,6.189,15.522,0.032
41450,하남시,경기,211101.0,329120.0,327939.0,23306.0,54355.0,61832.0,82232.0,11.04,16.57,5.53,29.29,25.08,-4.21,55.35,225118.0,160572.0,64546.0,104.39,36396.0,123685.0,110.59,375.81,3.4,15,132,2,23,172,96,1,0,294,631.0,4,0.276,2.428,5.409,11.609,0.074
41460,용인시,경기,991126.0,1085864.0,1091186.0,108968.0,186012.0,270176.0,265260.0,10.99,17.05,6.06,27.26,24.31,-2.95,10.1,602846.0,553929.0,48917.0,18.11,116869.0,446415.0,107.63,411.12,3.82,45,411,5,119,900,288,1,1,1314,2947.0,25,0.242,2.21,7.064,15.843,0.134
41480,파주시,경기,430781.0,511308.0,526005.0,51980.0,90515.0,120511.0,128128.0,12.07,17.21,5.14,27.98,24.36,-3.62,22.1,276927.0,240048.0,36879.0,30.6,66356.0,240028.0,129.78,469.44,3.62,35,171,4,126,434,133,1,0,698,2273.0,9,0.387,1.889,7.711,25.112,0.099
41500,이천시,경기,210359.0,222443.0,222967.0,25380.0,41904.0,58577.0,57788.0,12.07,18.79,6.72,27.85,25.92,-1.93,5.99,137162.0,128456.0,8706.0,14.86,30298.0,146724.0,136.21,659.6,4.84,11,102,3,24,422,47,1,0,497,1170.0,3,0.263,2.434,11.86,27.921,0.072
41550,안성시,경기,182896.0,193949.0,196592.0,26606.0,43559.0,47656.0,45384.0,14.55,22.16,7.61,26.06,23.09,-2.97,7.49,106449.0,101770.0,4679.0,9.82,27700.0,119295.0,142.82,615.08,4.31,12,90,7,43,498,80,1,0,629,1457.0,0,0.275,2.066,14.44,33.449,0.0
41570,김포시,경기,363443.0,486853.0,484792.0,40505.0,81813.0,99581.0,108908.0,11.14,16.88,5.74,27.4,22.46,-4.94,33.39,276742.0,220257.0,56485.0,56.72,71946.0,226179.0,147.78,464.57,3.14,25,163,3,63,385,109,1,0,561,1462.0,9,0.306,1.992,6.857,17.87,0.11
41590,화성시,경기,640890.0,968821.0,989969.0,52875.0,115180.0,193529.0,273394.0,8.25,11.63,3.38,30.2,27.62,-2.58,54.47,648234.0,468959.0,179275.0,92.63,126252.0,618410.0,130.32,638.31,4.9,31,332,6,118,808,256,1,0,1189,3162.0,3,0.269,2.882,10.323,27.453,0.026
41610,광주시,경기,327723.0,397605.0,397346.0,35203.0,74755.0,94763.0,90111.0,10.74,18.81,8.07,28.92,22.68,-6.24,21.24,197656.0,169473.0,28183.0,29.74,50455.0,164132.0,126.9,412.8,3.25,9,129,1,48,314,115,1,0,479,1354.0,4,0.12,1.726,6.408,18.113,0.054
41630,양주시,경기,205513.0,289005.0,296224.0,26708.0,54887.0,50529.0,71289.0,13.0,18.53,5.53,24.59,24.07,-0.52,44.14,138062.0,107864.0,30198.0,59.76,33303.0,108881.0,115.23,376.74,3.27,18,100,3,125,307,98,1,0,534,1617.0,3,0.328,1.822,9.729,29.461,0.055
41650,포천시,경기,154763.0,141463.0,140452.0,24292.0,39718.0,36354.0,27876.0,15.7,28.28,12.58,23.49,19.85,-3.64,-9.25,63291.0,71459.0,-8168.0,-22.47,28035.0,104735.0,198.18,740.37,3.74,9,57,6,76,312,62,1,0,457,1227.0,0,0.227,1.435,11.506,30.893,0.0
41670,여주시,경기,111563.0,114610.0,114002.0,19778.0,32337.0,25849.0,21289.0,17.73,28.37,10.64,23.17,18.67,-4.5,2.19,47736.0,49940.0,-2204.0,-8.53,20440.0,63296.0,178.34,552.27,3.1,10,51,5,28,345,69,1,0,448,1237.0,2,0.309,1.577,13.854,38.253,0.062
41800,연천군,경기,45907.0,40866.0,42340.0,10162.0,14293.0,10946.0,8413.0,22.14,33.76,11.62,23.84,19.87,-3.97,-7.77,21926.0,23814.0,-1888.0,-17.25,7672.0,19457.0,187.74,476.12,2.54,1,22,0,9,113,23,0,0,145,735.0,3,0.07,1.539,10.145,51.424,0.21
41820,가평군,경기,62448.0,62527.0,62125.0,13569.0,20986.0,12795.0,10657.0,21.73,33.78,12.05,20.49,17.15,-3.34,-0.52,23470.0,24577.0,-1107.0,-8.65,10041.0,31513.0,160.59,503.99,3.14,8,27,5,15,176,26,0,0,222,1014.0,4,0.381,1.287,10.578,48.318,0.191
41830,양평군,경기,111367.0,126804.0,126933.0,23614.0,41803.0,22599.0,19473.0,21.2,32.93,11.73,20.29,15.34,-4.95,13.98,46290.0,45630.0,660.0,2.92,16986.0,42740.0,133.95,337.06,2.52,10,48,4,40,379,72,1,0,496,1140.0,9,0.239,1.148,11.865,27.271,0.215
43110,청주시,충북,835197.0,854537.0,856152.0,91553.0,151061.0,244037.0,225349.0,10.96,17.64,6.68,29.22,26.32,-2.9,2.51,536978.0,526184.0,10794.0,4.42,97279.0,411986.0,113.84,482.12,4.24,46,400,3,127,1100,312,6,0,1548,3674.0,0,0.305,2.648,10.248,24.321,0.0
43130,충주시,충북,208350.0,207241.0,206540.0,34790.0,53128.0,49357.0,42650.0,16.7,25.72,9.02,23.69,20.65,-3.04,-0.87,113219.0,115957.0,-2738.0,-5.55,28386.0,115714.0,136.97,558.35,4.08,13,91,6,48,563,81,2,1,701,1879.0,0,0.245,1.713,13.195,35.367,0.0
43150,제천시,충북,136517.0,128569.0,128003.0,24131.0,37074.0,30842.0,24100.0,17.68,28.96,11.28,22.59,18.83,-3.76,-6.24,62739.0,70558.0,-7819.0,-25.35,19466.0,61917.0,151.41,481.59,3.18,9,55,5,34,347,53,1,0,440,1591.0,0,0.243,1.484,11.868,42.914,0.0
43720,보은군,충북,34221.0,30527.0,30529.0,10187.0,12944.0,5595.0,3573.0,29.77,42.4,12.63,16.35,11.7,-4.65,-10.79,8101.0,10285.0,-2184.0,-39.03,4737.0,18744.0,155.17,614.01,3.96,5,15,0,5,293,16,0,0,314,785.0,0,0.386,1.159,24.258,60.646,0.0
43730,옥천군,충북,52267.0,48204.0,49601.0,13255.0,18171.0,9818.0,6938.0,25.36,36.63,11.27,18.78,13.99,-4.79,-5.1,12635.0,15518.0,-2883.0,-29.36,8302.0,26681.0,172.23,553.5,3.21,5,22,0,14,316,27,1,0,358,1040.0,0,0.275,1.211,19.702,57.234,0.0
43740,영동군,충북,50552.0,43551.0,43032.0,13750.0,17202.0,9586.0,5544.0,27.2,39.97,12.77,18.96,12.88,-6.08,-14.88,14771.0,20105.0,-5334.0,-55.64,5893.0,18538.0,135.31,425.66,3.15,4,24,4,20,366,19,1,0,410,855.0,0,0.233,1.395,23.834,49.704,0.0
43745,증평군,충북,37308.0,37171.0,36680.0,5323.0,8457.0,10085.0,8137.0,14.27,23.06,8.79,27.03,22.18,-4.85,-1.68,17478.0,17769.0,-291.0,-2.89,4742.0,16021.0,127.57,431.01,3.38,2,24,0,10,123,15,0,0,148,56.0,0,0.236,2.838,17.5,6.622,0.0
43750,진천군,충북,69950.0,86537.0,86580.0,11306.0,17782.0,17013.0,18414.0,16.16,20.54,4.38,24.32,21.27,-3.05,23.77,45699.0,39346.0,6353.0,37.34,11880.0,63478.0,137.28,733.54,5.34,4,41,1,14,299,23,1,0,338,760.0,0,0.225,2.306,19.008,42.74,0.0
43760,괴산군,충북,38973.0,36252.0,38293.0,11592.0,15948.0,6332.0,4548.0,29.74,41.65,11.91,16.25,11.88,-4.37,-1.74,14527.0,16476.0,-1949.0,-30.78,5555.0,19841.0,153.23,547.31,3.57,4,12,0,12,343,25,0,0,380,915.0,0,0.251,0.752,23.827,57.374,0.0
43770,음성군,충북,97787.0,91236.0,94280.0,16906.0,25363.0,22863.0,17748.0,17.29,26.9,9.61,23.38,18.82,-4.56,-3.59,44860.0,47078.0,-2218.0,-9.7,17071.0,92331.0,187.11,1012.0,5.41,7,41,1,22,408,28,1,0,460,954.0,0,0.276,1.617,18.137,37.614,0.0
43800,단양군,충북,30503.0,27352.0,26812.0,7897.0,10870.0,5196.0,3152.0,25.89,40.54,14.65,17.03,11.76,-5.27,-12.1,7195.0,9312.0,-2117.0,-40.74,4879.0,16659.0,178.38,609.06,3.41,1,9,0,6,170,12,0,0,188,591.0,0,0.092,0.828,17.295,54.37,0.0
44130,천안시,충남,617955.0,659920.0,664322.0,57001.0,100362.0,194734.0,183726.0,9.22,15.11,5.89,31.51,27.66,-3.85,7.5,478620.0,454847.0,23773.0,12.21,82852.0,325211.0,125.55,492.8,3.93,49,311,1,89,770,108,1,0,969,2591.0,6,0.488,3.099,9.655,25.817,0.06
44150,공주시,충남,109931.0,101285.0,99979.0,24213.0,33038.0,24195.0,18292.0,22.03,33.04,11.01,22.01,18.3,-3.71,-9.05,47498.0,55025.0,-7527.0,-31.11,16096.0,58678.0,158.92,579.34,3.65,13,57,1,21,442,50,1,0,515,2040.0,0,0.393,1.725,15.588,61.747,0.0
44180,보령시,충남,103873.0,93780.0,92117.0,22968.0,30604.0,21904.0,14432.0,22.11,33.22,11.11,21.09,15.67,-5.42,-11.32,40532.0,46661.0,-6129.0,-27.98,14325.0,47022.0,152.75,501.41,3.28,6,51,0,12,420,57,1,0,490,1557.0,0,0.196,1.666,16.011,50.876,0.0
44200,아산시,충남,302929.0,355014.0,359378.0,35067.0,56533.0,89939.0,90097.0,11.58,15.73,4.15,29.69,25.07,-4.62,18.63,213722.0,188619.0,25103.0,27.91,39340.0,210959.0,110.81,594.23,5.36,18,132,1,43,562,82,1,1,690,2334.0,5,0.318,2.335,12.205,41.286,0.088
44210,서산시,충남,170788.0,174445.0,172438.0,28030.0,40659.0,42896.0,35074.0,16.41,23.58,7.17,25.12,20.34,-4.78,0.97,92212.0,93250.0,-1038.0,-2.42,21147.0,89627.0,121.22,513.78,4.24,4,74,0,23,403,88,1,0,515,2008.0,0,0.098,1.82,12.666,49.386,0.0
44230,논산시,충남,123213.0,108529.0,106777.0,28057.0,35802.0,26011.0,17523.0,22.77,33.53,10.76,21.11,16.41,-4.7,-13.34,44886.0,52981.0,-8095.0,-31.12,18486.0,55861.0,170.33,514.71,3.02,14,67,2,34,527,92,1,0,656,1365.0,0,0.391,1.871,18.323,38.126,0.0
44250,계룡시,충남,42634.0,46540.0,45846.0,3847.0,7523.0,10317.0,9649.0,9.02,16.41,7.39,24.2,21.05,-3.15,7.53,29575.0,29567.0,8.0,0.08,3758.0,12307.0,80.75,264.44,3.27,2,19,0,9,43,19,1,0,72,177.0,0,0.266,2.526,9.571,23.528,0.0
44270,당진시,충남,166630.0,171931.0,172564.0,27445.0,38796.0,44326.0,34522.0,16.47,22.48,6.01,26.6,20.01,-6.59,3.56,88501.0,87171.0,1330.0,3.0,23559.0,102684.0,137.03,597.24,4.36,8,72,1,19,382,61,1,0,464,2378.0,0,0.206,1.856,11.96,61.295,0.0
44710,금산군,충남,54612.0,49615.0,48898.0,14606.0,18707.0,9902.0,6067.0,26.75,38.26,11.51,18.13,12.41,-5.72,-10.46,13200.0,17151.0,-3951.0,-39.9,9979.0,30887.0,201.13,622.53,3.1,3,33,0,23,350,24,1,0,398,1044.0,0,0.16,1.764,21.275,55.808,0.0
44760,부여군,충남,70187.0,59550.0,58377.0,20772.0,25139.0,12170.0,7083.0,29.6,43.06,13.46,17.34,12.13,-5.21,-16.83,16339.0,22428.0,-6089.0,-50.03,8497.0,25960.0,142.69,435.94,3.06,6,35,0,17,473,36,1,0,527,1328.0,0,0.239,1.392,20.963,52.826,0.0
44770,서천군,충남,56012.0,48204.0,47225.0,17584.0,20700.0,9361.0,5623.0,31.39,43.83,12.44,16.71,11.91,-4.8,-15.69,12278.0,16308.0,-4030.0,-43.05,8652.0,30455.0,179.49,631.79,3.52,6,27,0,12,337,56,1,0,406,1057.0,0,0.29,1.304,19.614,51.063,0.0
44790,청양군,충남,32753.0,29658.0,29986.0,10329.0,12593.0,5617.0,4013.0,31.54,42.0,10.46,17.15,13.38,-3.77,-8.45,10063.0,12782.0,-2719.0,-48.41,5348.0,14803.0,180.32,499.12,2.77,2,13,0,7,313,12,1,0,333,1242.0,0,0.159,1.032,26.443,98.626,0.0
44800,홍성군,충남,99971.0,99198.0,100557.0,21315.0,28348.0,22119.0,18781.0,21.32,28.19,6.87,22.13,18.68,-3.45,0.59,43928.0,43182.0,746.0,3.37,13601.0,47466.0,137.11,478.5,3.49,6,43,0,11,379,42,1,0,433,1410.0,0,0.212,1.517,15.274,49.739,0.0
44810,예산군,충남,81339.0,78772.0,78815.0,22006.0,28513.0,15115.0,12074.0,27.05,36.18,9.13,18.58,15.32,-3.26,-3.1,25543.0,29039.0,-3496.0,-23.13,12099.0,40859.0,153.6,518.7,3.38,3,39,2,21,403,59,1,0,486,1461.0,0,0.105,1.368,17.045,51.24,0.0
44825,태안군,충남,63900.0,60133.0,59474.0,16868.0,23377.0,12227.0,7776.0,26.4,39.31,12.91,19.13,13.07,-6.06,-6.93,19025.0,22624.0,-3599.0,-29.43,9685.0,28556.0,161.06,474.88,2.95,1,29,0,8,245,19,1,0,273,1793.0,0,0.043,1.241,11.678,76.699,0.0
46110,목포시,전남,237739.0,209890.0,202003.0,32445.0,46318.0,61828.0,40626.0,13.65,22.93,9.28,26.01,20.11,-5.9,-15.03,114316.0,131540.0,-17224.0,-27.86,28734.0,87409.0,136.9,416.45,3.04,32,120,1,32,205,109,0,1,348,505.0,0,0.691,2.591,7.513,10.903,0.0
46130,여수시,전남,288988.0,267816.0,263284.0,46632.0,66882.0,71444.0,52919.0,16.14,25.4,9.26,24.72,20.1,-4.62,-8.89,128203.0,143643.0,-15440.0,-21.61,35054.0,149167.0,130.89,556.98,4.26,21,130,3,35,535,92,1,0,666,2283.0,0,0.314,1.944,9.958,34.135,0.0
46150,순천시,전남,278548.0,276329.0,275492.0,37961.0,56914.0,71228.0,62698.0,13.63,20.66,7.03,25.57,22.76,-2.81,-1.1,147740.0,154408.0,-6668.0,-9.36,34308.0,115556.0,124.16,418.18,3.37,31,128,2,35,702,115,1,1,856,2711.0,0,0.545,2.249,15.04,47.633,0.0
46170,나주시,전남,104376.0,116654.0,117076.0,23489.0,30188.0,24969.0,24607.0,22.5,25.78,3.28,23.92,21.02,-2.9,12.17,68650.0,60893.0,7757.0,31.07,17465.0,67199.0,149.72,576.05,3.85,14,55,2,23,627,85,1,0,738,2087.0,0,0.464,1.822,24.447,69.133,0.0
46230,광양시,전남,155580.0,154692.0,155259.0,17026.0,27036.0,41977.0,35963.0,10.94,17.41,6.47,26.98,23.16,-3.82,-0.21,76146.0,79204.0,-3058.0,-7.28,19865.0,97373.0,128.42,629.46,4.9,10,51,1,20,347,66,1,0,435,1169.0,0,0.37,1.886,16.09,43.239,0.0
46710,담양군,전남,47229.0,44623.0,44177.0,13329.0,16542.0,9210.0,6386.0,28.22,37.44,9.22,19.5,14.46,-5.04,-6.46,16474.0,19086.0,-2612.0,-28.36,7867.0,25096.0,176.3,562.4,3.19,7,21,1,16,372,21,1,0,411,544.0,0,0.423,1.269,24.846,32.886,0.0
46720,곡성군,전남,30400.0,26566.0,27287.0,9912.0,11230.0,5081.0,3585.0,32.61,41.16,8.55,16.71,13.14,-3.57,-10.24,8343.0,10762.0,-2419.0,-47.61,4076.0,14886.0,153.43,560.34,3.65,2,15,1,8,322,32,1,0,364,510.0,0,0.178,1.336,32.413,45.414,0.0
46730,구례군,전남,27412.0,24025.0,23803.0,8250.0,9828.0,4702.0,2761.0,30.1,41.29,11.19,17.15,11.6,-5.55,-13.17,7805.0,9875.0,-2070.0,-44.02,3538.0,10309.0,147.26,429.09,2.91,3,11,0,6,289,22,0,0,317,323.0,0,0.305,1.119,32.255,32.865,0.0
46770,고흥군,전남,67656.0,60190.0,59455.0,25364.0,28091.0,9582.0,6148.0,37.49,47.25,9.76,14.16,10.34,-3.82,-12.12,14136.0,18215.0,-4079.0,-42.57,8816.0,24107.0,146.47,400.52,2.73,5,30,0,14,648,68,1,0,731,1196.0,0,0.178,1.068,26.023,42.576,0.0
46780,보성군,전남,44469.0,37045.0,36858.0,15269.0,16540.0,7190.0,4148.0,34.34,44.87,10.53,16.17,11.25,-4.92,-17.12,9348.0,12943.0,-3595.0,-50.0,5645.0,15638.0,152.38,422.14,2.77,6,24,1,6,449,50,1,0,507,30.0,0,0.363,1.451,30.653,1.814,0.0
46790,화순군,전남,65303.0,60735.0,60215.0,15516.0,19437.0,13044.0,10360.0,23.76,32.28,8.52,19.97,17.21,-2.76,-7.79,18560.0,22339.0,-3779.0,-28.97,8419.0,31168.0,138.62,513.18,3.7,19,32,1,17,446,58,0,0,522,896.0,0,0.978,1.646,26.856,46.098,0.0
46800,장흥군,전남,40669.0,34451.0,34201.0,12610.0,13822.0,6994.0,4512.0,31.01,40.41,9.4,17.2,13.19,-4.01,-15.9,10591.0,14611.0,-4020.0,-57.48,5811.0,17609.0,168.67,511.13,3.03,4,16,0,4,410,18,0,0,432,773.0,0,0.289,1.158,31.255,55.925,0.0
46810,강진군,전남,37753.0,32189.0,31799.0,11655.0,12933.0,6630.0,4274.0,30.87,40.67,9.8,17.56,13.44,-4.12,-15.77,9588.0,12539.0,-2951.0,-44.51,6180.0,16879.0,191.99,524.37,2.73,2,14,1,10,346,19,0,0,376,11.0,0,0.155,1.083,29.073,0.851,0.0
46820,해남군,전남,75121.0,63120.0,62188.0,21549.0,24303.0,13346.0,8133.0,28.69,39.08,10.39,17.77,13.08,-4.69,-17.22,17122.0,22843.0,-5721.0,-42.87,10432.0,30888.0,165.27,489.35,2.96,5,32,0,18,600,42,1,0,661,1311.0,0,0.206,1.317,27.198,53.944,0.0
46830,영암군,전남,57045.0,51391.0,50069.0,13574.0,16132.0,11928.0,7648.0,23.8,32.22,8.42,20.91,15.27,-5.64,-12.23,19554.0,23690.0,-4136.0,-34.67,8891.0,42916.0,173.01,835.09,4.83,3,25,0,12,468,16,1,0,497,977.0,0,0.186,1.55,30.808,60.563,0.0
46840,무안군,전남,82109.0,92687.0,95592.0,16175.0,20443.0,18552.0,20627.0,19.7,21.39,1.69,22.59,21.58,-1.01,16.42,49491.0,43849.0,5642.0,30.41,10992.0,38165.0,118.59,411.76,3.47,6,37,0,14,420,39,1,0,474,911.0,0,0.293,1.81,23.186,44.563,0.0
46860,함평군,전남,34397.0,30010.0,29458.0,11302.0,12580.0,5700.0,3614.0,32.86,42.7,9.84,16.57,12.27,-4.3,-14.36,8685.0,11097.0,-2412.0,-42.32,5114.0,16816.0,170.41,560.35,3.29,3,14,1,12,378,32,0,0,423,888.0,0,0.238,1.113,33.625,70.588,0.0
46870,영광군,전남,55618.0,52098.0,53526.0,14773.0,17368.0,11079.0,9539.0,26.56,32.45,5.89,19.92,17.82,-2.1,-3.76,18218.0,19521.0,-1303.0,-11.76,7736.0,24153.0,148.49,463.61,3.12,4,28,2,10,381,49,1,0,443,171.0,0,0.23,1.612,25.507,9.846,0.0
46880,장성군,전남,46104.0,42026.0,42958.0,12546.0,15063.0,9060.0,6805.0,27.21,35.06,7.85,19.65,15.84,-3.81,-6.82,20991.0,22848.0,-1857.0,-20.5,7041.0,25917.0,167.54,616.69,3.68,4,16,1,7,349,36,1,0,394,969.0,0,0.266,1.062,26.157,64.33,0.0
46890,완도군,전남,52668.0,45631.0,44613.0,15623.0,17398.0,9485.0,5499.0,29.66,39.0,9.34,18.01,12.33,-5.68,-15.29,12133.0,15376.0,-3243.0,-34.19,7195.0,19964.0,157.68,437.51,2.77,1,21,1,11,314,40,1,0,367,460.0,0,0.057,1.207,21.094,26.44,0.0
46900,진도군,전남,32078.0,28478.0,27964.0,10105.0,11082.0,5438.0,3700.0,31.5,39.63,8.13,16.95,13.23,-3.72,-12.82,8651.0,10393.0,-1742.0,-32.03,4645.0,10861.0,163.11,381.38,2.34,3,13,0,5,282,19,0,0,306,442.0,0,0.271,1.173,27.612,39.884,0.0
46910,신안군,전남,42652.0,38173.0,41858.0,13811.0,16146.0,7448.0,5266.0,32.38,38.57,6.19,17.46,12.58,-4.88,-1.86,12076.0,13949.0,-1873.0,-25.15,5382.0,17528.0,140.99,459.17,3.26,4,11,0,6,423,18,0,0,447,573.0,0,0.248,0.681,27.685,35.489,0.0
47110,포항시,경북,516775.0,491581.0,488707.0,68296.0,116943.0,130876.0,98540.0,13.22,23.93,10.71,25.33,20.16,-5.17,-5.43,231872.0,249532.0,-17660.0,-13.49,61166.0,245299.0,124.43,499.0,4.01,43,239,2,42,656,191,2,1,894,1942.0,0,0.368,2.044,7.645,16.606,0.0
47130,경주시,경북,259452.0,244769.0,244055.0,48789.0,70432.0,58774.0,43410.0,18.8,28.86,10.06,22.65,17.79,-4.86,-5.93,105937.0,118144.0,-12207.0,-20.77,35539.0,141144.0,145.19,576.64,3.97,23,123,2,25,643,100,1,0,771,2084.0,0,0.327,1.746,10.947,29.589,0.0
47150,김천시,경북,142256.0,135446.0,133791.0,28488.0,38720.0,33261.0,23667.0,20.03,28.94,8.91,23.38,17.69,-5.69,-5.95,63367.0,69216.0,-5849.0,-17.59,17878.0,73407.0,131.99,541.97,4.11,7,49,1,40,530,56,1,0,628,1554.0,0,0.181,1.265,16.219,40.134,0.0
47170,안동시,경북,168798.0,153159.0,152610.0,34672.0,45475.0,37608.0,29335.0,20.54,29.8,9.26,22.28,19.22,-3.06,-9.59,74218.0,81622.0,-7404.0,-19.69,21872.0,72158.0,142.81,471.13,3.3,16,66,2,18,565,72,1,0,658,2135.0,0,0.352,1.451,14.469,46.949,0.0
47190,구미시,경북,419891.0,404820.0,403883.0,31554.0,57260.0,134262.0,101700.0,7.51,14.18,6.67,31.98,25.18,-6.8,-3.81,257770.0,271828.0,-14058.0,-10.47,48081.0,206221.0,118.77,509.41,4.29,20,174,2,58,439,157,1,0,657,2207.0,2,0.349,3.039,11.474,38.543,0.035
47210,영주시,경북,109247.0,98870.0,97162.0,24577.0,32480.0,21466.0,15275.0,22.5,33.43,10.93,19.65,15.72,-3.93,-11.06,38895.0,45611.0,-6716.0,-31.29,15023.0,44715.0,151.95,452.26,2.98,10,40,1,18,377,33,1,0,430,961.0,0,0.308,1.232,13.239,29.587,0.0
47230,영천시,경북,100521.0,98143.0,95185.0,25063.0,33929.0,20301.0,14211.0,24.93,35.65,10.72,20.2,14.93,-5.27,-5.31,43167.0,47741.0,-4574.0,-22.53,14623.0,50816.0,149.0,517.78,3.48,8,47,1,24,433,66,1,0,525,2124.0,0,0.236,1.385,15.473,62.601,0.0
47250,상주시,경북,101799.0,91850.0,89888.0,27769.0,34609.0,18194.0,11852.0,27.28,38.5,11.22,17.87,13.19,-4.68,-11.7,32775.0,39442.0,-6667.0,-36.64,14506.0,43831.0,157.93,477.2,3.02,7,45,0,22,596,50,1,0,669,1479.0,0,0.202,1.3,19.33,42.735,0.0
47280,문경시,경북,74702.0,67257.0,65348.0,19285.0,24731.0,14007.0,8842.0,25.82,37.85,12.03,18.75,13.53,-5.22,-12.52,24908.0,30785.0,-5877.0,-41.96,9345.0,30162.0,138.94,448.46,3.23,4,42,1,22,407,57,1,0,488,1075.0,0,0.162,1.698,19.732,43.468,0.0
47290,경산시,경북,258037.0,266398.0,263853.0,36375.0,58007.0,71899.0,63627.0,14.1,21.98,7.88,27.86,24.11,-3.75,2.25,163502.0,165328.0,-1826.0,-2.54,31094.0,124582.0,116.72,467.65,4.01,16,118,1,64,415,154,1,0,635,2553.0,6,0.276,2.034,10.947,44.012,0.103
47730,의성군,경북,54014.0,48690.0,47902.0,19896.0,23570.0,7716.0,4561.0,36.83,49.2,12.37,14.29,9.52,-4.77,-11.32,12325.0,14996.0,-2671.0,-34.62,6863.0,18503.0,140.95,380.02,2.7,8,21,1,17,488,35,1,0,542,1136.0,0,0.339,0.891,22.995,48.197,0.0
47750,청송군,경북,26301.0,23716.0,23363.0,8600.0,10588.0,4164.0,2611.0,32.7,45.32,12.62,15.83,11.18,-4.65,-11.17,6722.0,8077.0,-1355.0,-32.54,3343.0,11399.0,140.96,480.65,3.41,1,11,1,5,233,14,1,0,254,572.0,0,0.094,1.039,23.989,54.023,0.0
47760,영양군,경북,17713.0,15328.0,15941.0,5878.0,6850.0,2654.0,1858.0,33.18,42.97,9.79,14.98,11.66,-3.32,-10.0,3748.0,4557.0,-809.0,-30.48,2177.0,6019.0,142.03,392.68,2.76,1,4,0,4,188,2,0,0,194,614.0,0,0.146,0.584,28.321,89.635,0.0
47770,영덕군,경북,39052.0,33210.0,32698.0,12897.0,14718.0,6114.0,3416.0,33.03,45.01,11.98,15.66,10.45,-5.21,-16.27,9093.0,11414.0,-2321.0,-37.96,6023.0,14963.0,181.36,450.56,2.48,3,22,0,5,248,16,1,0,270,791.0,0,0.204,1.495,18.345,53.744,0.0
47820,청도군,경북,43564.0,40582.0,40117.0,14274.0,18650.0,6860.0,3881.0,32.77,46.49,13.72,15.75,9.67,-6.08,-7.91,10863.0,13502.0,-2639.0,-38.47,6393.0,18383.0,157.53,452.98,2.88,9,16,1,15,321,50,1,0,388,520.0,0,0.483,0.858,20.804,27.882,0.0
47830,고령군,경북,34257.0,30062.0,29667.0,8889.0,11872.0,6241.0,3594.0,25.95,40.02,14.07,18.22,12.11,-6.11,-13.4,8598.0,11085.0,-2487.0,-39.85,6160.0,23928.0,204.91,795.96,3.88,2,11,2,6,214,19,0,0,241,498.0,0,0.168,0.927,20.3,41.947,0.0
47840,성주군,경북,45205.0,41452.0,40720.0,12398.0,16762.0,8345.0,4750.0,27.43,41.16,13.73,18.46,11.67,-6.79,-9.92,12955.0,15964.0,-3009.0,-36.06,8156.0,26244.0,196.76,633.12,3.22,6,16,1,9,306,25,0,0,341,1102.0,0,0.358,0.955,20.344,65.744,0.0
47850,칠곡군,경북,123199.0,107383.0,104842.0,15479.0,22933.0,36450.0,18504.0,12.56,21.87,9.31,29.59,17.65,-11.94,-14.9,45993.0,58229.0,-12236.0,-33.57,17461.0,68839.0,162.6,641.06,3.94,8,45,4,25,262,37,1,0,329,1775.0,2,0.349,1.962,14.346,77.399,0.087
47900,예천군,경북,46166.0,54609.0,53887.0,15043.0,18567.0,7700.0,8131.0,32.58,34.46,1.88,16.68,15.09,-1.59,16.72,22717.0,19741.0,2976.0,38.65,6697.0,19149.0,122.64,350.66,2.86,3,19,0,6,387,28,1,1,423,979.0,0,0.162,1.023,22.782,52.728,0.0
47920,봉화군,경북,33539.0,28836.0,28315.0,10706.0,12844.0,5122.0,2642.0,31.92,45.36,13.44,15.27,9.33,-5.94,-15.58,6672.0,9068.0,-2396.0,-46.78,4017.0,13190.0,139.31,457.41,3.28,2,11,0,5,266,8,1,0,280,586.0,1,0.156,0.856,21.8,45.624,0.078
47930,울진군,경북,51738.0,46124.0,45896.0,12665.0,15436.0,10189.0,7516.0,24.48,33.63,9.15,19.69,16.38,-3.31,-11.29,18012.0,20092.0,-2080.0,-20.41,6373.0,24770.0,138.17,537.03,3.89,3,20,0,4,257,31,1,0,293,837.0,0,0.194,1.296,18.982,54.224,0.0
47940,울릉군,경북,10001.0,9099.0,8696.0,2154.0,2796.0,2115.0,1422.0,21.54,32.15,10.61,21.15,16.35,-4.8,-13.05,5212.0,5602.0,-390.0,-18.44,1778.0,5502.0,195.41,604.68,3.09,0,2,1,1,27,0,0,0,29,116.0,0,0.0,0.715,10.372,41.488,0.0
48120,창원시,경남,1063907.0,999858.0,990898.0,117208.0,205456.0,296291.0,216894.0,11.02,20.73,9.71,27.85,21.89,-5.96,-6.86,504595.0,550965.0,-46370.0,-15.65,114136.0,475424.0,114.15,475.49,4.17,96,432,3,58,1067,406,5,1,1540,3336.0,0,0.467,2.103,7.496,16.237,0.0
48170,진주시,경남,346739.0,338785.0,335939.0,49318.0,74083.0,89705.0,76658.0,14.22,22.05,7.83,25.87,22.82,-3.05,-3.11,186575.0,192581.0,-6006.0,-6.7,42798.0,154725.0,126.33,456.71,3.62,29,179,0,31,576,192,2,0,801,1921.0,0,0.391,2.416,10.812,25.93,0.0
48220,통영시,경남,138160.0,118481.0,116667.0,20895.0,31979.0,33197.0,17446.0,15.12,27.41,12.29,24.03,14.95,-9.08,-15.56,46835.0,57968.0,-11133.0,-33.54,15132.0,50127.0,127.72,423.08,3.31,10,59,1,8,260,55,1,0,325,793.0,0,0.313,1.845,10.163,24.798,0.0
48240,사천시,경남,114912.0,108504.0,107935.0,21502.0,29286.0,26503.0,19228.0,18.71,27.13,8.42,23.06,17.81,-5.25,-6.07,51395.0,55079.0,-3684.0,-13.9,14250.0,62149.0,131.33,572.78,4.36,13,49,1,17,345,69,1,0,433,793.0,0,0.444,1.673,14.785,27.078,0.0
48250,김해시,경남,529422.0,531676.0,533035.0,47975.0,86871.0,143089.0,118400.0,9.06,16.3,7.24,27.03,22.21,-4.82,0.68,246963.0,255526.0,-8563.0,-5.98,68561.0,257393.0,128.95,484.12,3.75,55,201,0,20,584,237,2,0,843,2545.0,12,0.633,2.314,9.704,29.296,0.138
48270,밀양시,경남,108354.0,100691.0,99252.0,25611.0,36256.0,21371.0,14094.0,23.64,36.53,12.89,19.72,14.2,-5.52,-8.4,36668.0,42553.0,-5885.0,-27.54,14883.0,49008.0,147.81,486.72,3.29,13,46,0,19,448,66,1,0,534,947.0,0,0.359,1.269,14.729,26.12,0.0
48310,거제시,경남,257183.0,232972.0,231178.0,20932.0,39048.0,77489.0,41204.0,8.14,16.89,8.75,30.13,17.82,-12.31,-10.11,120617.0,140087.0,-19470.0,-25.13,21990.0,112555.0,94.39,483.13,5.12,12,84,1,10,346,76,1,0,434,1415.0,0,0.307,2.151,11.115,36.237,0.0
48330,양산시,경남,317037.0,359531.0,361155.0,35131.0,68929.0,87851.0,76864.0,11.08,19.09,8.01,27.71,21.28,-6.43,13.92,179030.0,163680.0,15350.0,17.47,43718.0,170599.0,121.6,474.5,3.9,31,156,3,31,341,162,2,0,539,1659.0,5,0.45,2.263,7.82,24.068,0.073
48720,의령군,경남,28111.0,25150.0,24636.0,9450.0,10951.0,4507.0,2679.0,33.62,44.45,10.83,16.03,10.87,-5.16,-12.36,6900.0,8719.0,-1819.0,-40.36,3444.0,11600.0,136.94,461.23,3.37,3,10,2,5,298,19,1,0,325,656.0,0,0.274,0.913,29.678,59.903,0.0
48730,함안군,경남,68937.0,58842.0,57558.0,13964.0,19303.0,14482.0,7482.0,20.26,33.54,13.28,21.01,13.0,-8.01,-16.51,18104.0,24115.0,-6011.0,-41.51,11399.0,47566.0,193.72,808.37,4.17,5,25,1,17,330,46,1,0,395,873.0,0,0.259,1.295,20.463,45.226,0.0
48740,창녕군,경남,63982.0,56085.0,54900.0,17149.0,22059.0,12172.0,6414.0,26.8,40.18,13.38,19.02,11.68,-7.34,-14.19,19222.0,23830.0,-4608.0,-37.86,7461.0,29130.0,133.03,519.39,3.9,11,28,1,11,400,53,1,0,466,661.0,0,0.499,1.269,21.125,29.965,0.0
48820,고성군,경남,54703.0,48005.0,47099.0,14462.0,18481.0,10345.0,5169.0,26.44,39.24,12.8,18.91,10.97,-7.94,-13.9,12256.0,16997.0,-4741.0,-45.83,6726.0,23269.0,140.11,484.72,3.46,5,17,0,8,336,41,1,0,386,856.0,0,0.271,0.92,20.886,46.318,0.0
48840,남해군,경남,45129.0,39832.0,40770.0,15692.0,17729.0,6647.0,4488.0,34.77,43.49,8.72,14.73,11.01,-3.72,-9.66,10607.0,13721.0,-3114.0,-46.85,6858.0,18899.0,172.17,474.47,2.76,2,19,1,2,276,32,1,0,312,595.0,0,0.113,1.072,17.598,33.561,0.0
48850,하동군,경남,49622.0,40765.0,39974.0,14514.0,17369.0,8574.0,4148.0,29.25,43.45,14.2,17.28,10.38,-6.9,-19.44,12218.0,17179.0,-4961.0,-57.86,6910.0,19698.0,169.51,483.21,2.85,3,15,0,8,387,35,1,0,431,666.0,0,0.173,0.864,24.814,38.344,0.0
48860,산청군,경남,36098.0,33259.0,32745.0,11638.0,14674.0,5561.0,3270.0,32.24,44.81,12.57,15.41,9.99,-5.42,-9.29,8799.0,11151.0,-2352.0,-42.29,5542.0,17375.0,166.63,522.41,3.14,1,15,0,11,348,34,1,0,394,415.0,0,0.068,1.022,26.85,28.281,0.0
48870,함양군,경남,40241.0,36131.0,35472.0,12274.0,14598.0,6520.0,3982.0,30.5,41.15,10.65,16.2,11.23,-4.97,-11.85,9812.0,12533.0,-2721.0,-41.73,5602.0,17127.0,155.05,474.03,3.06,1,20,0,9,412,24,1,0,446,643.0,0,0.069,1.37,30.552,44.047,0.0
48880,거창군,경남,63308.0,59588.0,58980.0,15591.0,19792.0,12133.0,8894.0,24.63,33.56,8.93,19.17,15.08,-4.09,-6.84,16348.0,20368.0,-4020.0,-33.13,8376.0,24632.0,140.57,413.37,2.94,6,33,0,9,438,47,1,0,495,683.0,0,0.303,1.667,25.01,34.509,0.0
48890,합천군,경남,48026.0,40225.0,39190.0,16972.0,18573.0,7178.0,3772.0,35.34,47.39,12.05,14.95,9.62,-5.33,-18.4,9757.0,13537.0,-3780.0,-52.66,5988.0,16414.0,148.86,408.05,2.74,4,16,0,6,529,24,1,0,560,785.0,0,0.215,0.861,30.151,42.266,0.0
50110,제주시,제주,470665.0,488348.0,485182.0,59159.0,89843.0,124184.0,110797.0,12.57,18.52,5.95,26.38,22.84,-3.54,3.08,268537.0,262391.0,6146.0,4.95,75175.0,247844.0,153.94,507.52,3.3,22,243,2,48,340,132,1,1,524,2461.0,0,0.245,2.705,5.832,27.392,0.0
50130,서귀포시,제주,170932.0,182020.0,179610.0,30030.0,43708.0,39298.0,31891.0,17.57,24.33,6.76,22.99,17.76,-5.23,5.08,92241.0,91148.0,1093.0,2.78,24993.0,82858.0,137.31,455.21,3.32,4,78,0,23,159,44,1,0,227,1834.0,0,0.092,1.785,5.194,41.96,0.0
51110,춘천시,강원,280707.0,286069.0,285234.0,41699.0,64332.0,72595.0,69881.0,14.85,22.55,7.7,25.86,24.5,-1.36,1.61,181066.0,177928.0,3138.0,4.32,34696.0,134014.0,121.29,468.47,3.86,19,138,2,62,378,214,1,1,658,1817.0,6,0.295,2.145,10.228,28.244,0.093
51130,원주시,강원,337979.0,362164.0,363194.0,42246.0,73482.0,88919.0,85591.0,12.5,20.23,7.73,26.31,23.57,-2.74,7.46,220918.0,212035.0,8883.0,9.99,46869.0,178674.0,129.41,493.35,3.81,27,187,1,68,488,167,1,0,725,1980.0,0,0.367,2.545,9.866,26.945,0.0
51150,강릉시,강원,213846.0,207731.0,206237.0,37679.0,56933.0,49384.0,40671.0,17.62,27.61,9.99,23.09,19.72,-3.37,-3.56,109323.0,116614.0,-7291.0,-14.76,30053.0,101527.0,144.67,488.74,3.38,9,93,1,75,340,149,1,0,566,20.0,0,0.158,1.633,9.942,0.351,0.0
51170,동해시,강원,93297.0,87675.0,86333.0,15124.0,22909.0,21264.0,15664.0,16.21,26.54,10.33,22.79,18.14,-4.65,-7.46,39642.0,43577.0,-3935.0,-18.51,11862.0,37306.0,135.3,425.5,3.15,6,38,1,13,147,54,1,0,216,4.0,0,0.262,1.659,9.429,0.175,0.0
51190,태백시,강원,47070.0,37936.0,37088.0,9266.0,12135.0,9976.0,5318.0,19.69,32.72,13.03,21.19,14.34,-6.85,-21.21,14562.0,18704.0,-4142.0,-41.52,5686.0,21907.0,149.88,577.47,3.85,3,18,0,3,112,18,1,0,134,414.0,0,0.247,1.483,11.042,34.116,0.0
51210,속초시,강원,81793.0,80933.0,79636.0,12752.0,20484.0,18708.0,15522.0,15.59,25.72,10.13,22.87,19.49,-3.38,-2.64,44886.0,46153.0,-1267.0,-6.77,12179.0,35394.0,150.48,437.32,2.91,4,42,0,12,100,38,1,0,151,53.0,0,0.195,2.05,7.372,2.587,0.0
51230,삼척시,강원,69599.0,61735.0,60518.0,14610.0,19458.0,15823.0,10552.0,20.99,32.15,11.16,22.73,17.44,-5.29,-13.05,28260.0,36627.0,-8367.0,-52.88,9346.0,32824.0,151.39,531.69,3.51,3,27,0,9,250,39,1,0,299,130.0,0,0.154,1.388,15.366,6.681,0.0
51720,홍천군,강원,70076.0,66717.0,66109.0,14933.0,23551.0,14158.0,10310.0,21.31,35.62,14.31,20.2,15.6,-4.6,-5.66,23193.0,26574.0,-3381.0,-23.88,10316.0,32928.0,154.62,493.55,3.19,4,27,6,18,210,29,1,0,264,1170.0,0,0.17,1.146,11.21,49.679,0.0
51730,횡성군,강원,45991.0,46111.0,45627.0,11323.0,17841.0,8301.0,5621.0,24.62,39.1,14.48,18.05,12.32,-5.73,-0.79,11544.0,14429.0,-2885.0,-34.75,6646.0,24512.0,144.13,531.59,3.69,2,17,1,16,203,38,1,0,259,1099.0,0,0.112,0.953,14.517,61.6,0.0
51750,영월군,강원,40073.0,36721.0,36054.0,9915.0,13728.0,7159.0,4689.0,24.74,38.08,13.34,17.86,13.01,-4.85,-10.03,10757.0,14129.0,-3372.0,-47.1,5947.0,22025.0,161.95,599.79,3.7,3,17,1,6,191,17,0,0,215,806.0,0,0.219,1.238,15.661,58.712,0.0
51760,평창군,강원,43318.0,40396.0,39831.0,9837.0,14871.0,7962.0,5176.0,22.71,37.34,14.63,18.38,12.99,-5.39,-8.05,11268.0,13924.0,-2656.0,-33.36,6929.0,22137.0,171.53,548.0,3.19,2,18,0,11,195,20,1,0,227,80.0,0,0.134,1.21,15.265,5.38,0.0
51770,정선군,강원,38718.0,33515.0,34879.0,9008.0,12562.0,7435.0,4630.0,23.27,36.02,12.75,19.2,13.27,-5.93,-9.92,9996.0,12426.0,-2430.0,-32.68,5075.0,23058.0,151.42,687.99,4.54,2,14,0,7,184,12,1,0,204,62.0,0,0.159,1.114,16.239,4.936,0.0
51780,철원군,강원,48013.0,40497.0,39979.0,9112.0,11931.0,12632.0,8171.0,18.98,29.84,10.86,26.31,20.44,-5.87,-16.73,21037.0,25438.0,-4401.0,-34.84,5792.0,15313.0,143.02,378.13,2.64,2,18,0,7,136,21,0,0,164,350.0,0,0.168,1.509,13.746,29.335,0.0
51790,화천군,강원,26264.0,22922.0,22371.0,4806.0,6658.0,8040.0,5151.0,18.3,29.76,11.46,30.61,23.03,-7.58,-14.82,16503.0,19836.0,-3333.0,-41.46,3351.0,9737.0,146.19,424.79,2.91,0,8,0,6,97,8,1,0,112,5.0,0,0.0,1.202,16.822,0.751,0.0
51800,양구군,강원,24010.0,20621.0,20410.0,4108.0,5726.0,6849.0,4327.0,17.11,28.05,10.94,28.53,21.2,-7.33,-14.99,12180.0,14380.0,-2200.0,-32.12,3428.0,11375.0,166.24,551.62,3.32,3,7,0,5,93,8,1,0,107,2.0,0,0.524,1.222,18.687,0.349,0.0
51810,인제군,강원,32720.0,31535.0,30863.0,5602.0,8381.0,8961.0,7069.0,17.12,27.16,10.04,27.39,22.9,-4.49,-5.68,21180.0,22196.0,-1016.0,-11.34,5418.0,14450.0,171.81,458.22,2.67,2,11,0,2,89,10,1,0,102,63.0,0,0.239,1.312,12.17,7.517,0.0
51820,고성군,강원,30114.0,26999.0,26845.0,7151.0,9487.0,7023.0,4572.0,23.75,35.34,11.59,23.32,17.03,-6.29,-10.86,13723.0,16266.0,-2543.0,-36.21,4828.0,16155.0,178.82,598.36,3.35,0,11,1,3,122,12,1,0,139,,0,0.0,1.159,14.652,,0.0
51830,양양군,강원,27218.0,27489.0,27292.0,6981.0,10020.0,5087.0,3890.0,25.65,36.71,11.06,18.69,14.25,-4.44,0.27,10617.0,11383.0,-766.0,-15.06,5782.0,17927.0,210.34,652.15,3.1,0,11,0,6,137,22,0,0,165,396.0,0,0.0,1.098,16.467,39.521,0.0
52110,전주시,전북,651744.0,635651.0,625437.0,81555.0,123734.0,177648.0,151537.0,12.51,19.78,7.27,27.26,24.23,-3.03,-4.04,378396.0,398076.0,-19680.0,-11.08,79355.0,273091.0,124.84,429.62,3.44,62,398,2,47,670,213,3,1,936,1447.0,0,0.501,3.217,7.565,11.694,0.0
52130,군산시,전북,277551.0,258047.0,256291.0,42810.0,62540.0,69517.0,50017.0,15.42,24.4,8.98,25.05,19.52,-5.53,-7.66,127219.0,139577.0,-12358.0,-17.78,35094.0,120167.0,136.0,465.68,3.42,17,140,1,26,546,85,2,0,660,1763.0,0,0.272,2.239,10.553,28.19,0.0
52140,익산시,전북,300479.0,268001.0,267066.0,48531.0,68281.0,74968.0,55813.0,16.15,25.57,9.42,24.95,20.9,-4.05,-11.12,135045.0,156438.0,-21393.0,-28.54,38833.0,125768.0,144.9,469.28,3.24,16,161,3,49,720,128,2,0,902,77.0,0,0.234,2.358,13.21,1.128,0.0
52180,정읍시,전북,115173.0,102127.0,101123.0,28228.0,33658.0,22997.0,16144.0,24.51,33.28,8.77,19.97,15.96,-4.01,-12.2,37185.0,44615.0,-7430.0,-32.31,18058.0,51392.0,176.82,503.22,2.85,10,63,1,24,721,98,1,0,845,1404.0,0,0.297,1.872,25.105,41.714,0.0
52190,남원시,전북,84188.0,75647.0,74272.0,20711.0,25624.0,16010.0,10987.0,24.6,34.5,9.9,19.02,14.79,-4.23,-11.78,27445.0,33326.0,-5881.0,-36.73,12792.0,32967.0,169.1,435.8,2.58,7,40,0,11,503,61,1,0,576,1018.0,0,0.273,1.561,22.479,39.728,0.0
52210,김제시,전북,87782.0,80635.0,81676.0,24850.0,29522.0,16491.0,13114.0,28.31,36.15,7.84,18.79,16.06,-2.73,-6.96,29673.0,32628.0,-2955.0,-17.92,14315.0,44865.0,177.53,556.4,3.13,11,41,2,23,638,41,2,0,706,1616.0,0,0.373,1.389,23.914,54.739,0.0
52710,완주군,전북,95480.0,99279.0,100444.0,18813.0,26818.0,22480.0,20076.0,19.7,26.7,7.0,23.54,19.99,-3.55,5.2,43276.0,42788.0,488.0,2.17,14375.0,62461.0,144.79,629.15,4.35,8,44,2,16,462,64,1,0,545,1319.0,0,0.298,1.641,20.322,49.183,0.0
52720,진안군,전북,26069.0,24161.0,24249.0,8133.0,10131.0,4238.0,2898.0,31.2,41.78,10.58,16.26,11.95,-4.31,-6.98,6488.0,7911.0,-1423.0,-33.58,4760.0,12441.0,197.01,514.92,2.61,2,9,0,6,346,23,1,0,376,575.0,0,0.197,0.888,37.114,56.756,0.0
52730,무주군,전북,24949.0,23032.0,22787.0,7527.0,9032.0,4217.0,2872.0,30.17,39.64,9.47,16.9,12.6,-4.3,-8.67,6085.0,7491.0,-1406.0,-33.34,4200.0,11875.0,182.35,515.59,2.83,1,12,0,4,272,22,1,0,299,448.0,0,0.111,1.329,33.105,49.601,0.0
52740,장수군,전북,23628.0,20663.0,20922.0,6974.0,8529.0,4177.0,2554.0,29.52,40.77,11.25,17.68,12.21,-5.47,-11.45,5915.0,7390.0,-1475.0,-35.31,3537.0,9707.0,171.18,469.78,2.74,0,9,1,4,279,20,1,0,305,360.0,0,0.0,1.055,35.76,42.209,0.0
52750,임실군,전북,30197.0,25577.0,25259.0,9552.0,10944.0,5558.0,3070.0,31.63,43.33,11.7,18.41,12.15,-6.26,-16.35,9830.0,12206.0,-2376.0,-42.75,5094.0,13173.0,199.16,515.03,2.59,2,13,0,7,353,24,1,0,385,664.0,0,0.183,1.188,35.179,60.673,0.0
52770,순창군,전북,29949.0,26822.0,27714.0,9193.0,10644.0,5258.0,3769.0,30.7,38.41,7.71,17.56,13.6,-3.96,-7.46,8671.0,10478.0,-1807.0,-34.37,4026.0,11027.0,150.1,411.12,2.74,3,14,0,6,380,7,1,0,394,541.0,0,0.282,1.315,37.016,50.827,0.0
52790,고창군,전북,60597.0,50982.0,50396.0,17857.0,20636.0,11017.0,6232.0,29.47,40.95,11.48,18.18,12.37,-5.81,-16.83,15910.0,20701.0,-4791.0,-43.49,9268.0,23940.0,181.79,469.58,2.58,7,22,2,9,614,13,1,0,639,1068.0,0,0.339,1.066,30.965,51.754,0.0
52800,부안군,전북,57005.0,48066.0,47220.0,16469.0,18882.0,10411.0,6025.0,28.89,39.99,11.1,18.26,12.76,-5.5,-17.17,14792.0,19175.0,-4383.0,-42.1,8704.0,24283.0,181.08,505.2,2.79,6,30,0,11,483,39,0,0,533,888.0,0,0.318,1.589,28.228,47.029,0.0
