지역코드,시도,지역명,cluster,cluster_name,미스매치순위,미스매치점수_100,LISA_I,LISA_p값
51760,강원,평창군,2,고령화_청년유출형,1,63.01310043668121,2.7305178839074618,0.0002
51770,강원,정선군,2,고령화_청년유출형,3,55.89519650655021,2.1480030030296136,0.0009
48860,경남,산청군,2,고령화_청년유출형,7,54.19213973799126,1.2431457652173628,0.0306
51730,강원,횡성군,2,고령화_청년유출형,11,49.95633187772925,1.4022539982667004,0.0157
47750,경북,청송군,2,고령화_청년유출형,12,49.25764192139738,1.3313547239621641,0.0069
47920,경북,봉화군,2,고령화_청년유출형,13,48.12227074235807,1.213471071886532,0.0106
51720,강원,홍천군,2,고령화_청년유출형,16,46.37554585152838,1.2694839962609308,0.0049
48890,경남,합천군,2,고령화_청년유출형,18,45.655021834061145,1.5218186992147449,0.0018
52740,전북,장수군,2,고령화_청년유출형,22,40.69868995633188,0.8790311214873119,0.0392
51230,강원,삼척시,2,고령화_청년유출형,23,40.63318777292576,1.4055628480575044,0.0039
51830,강원,양양군,2,고령화_청년유출형,24,39.956331877729255,1.2824393582122249,0.0146
51750,강원,영월군,2,고령화_청년유출형,28,38.340611353711786,1.3563522452331371,0.0002
51190,강원,태백시,2,고령화_청년유출형,35,35.89519650655023,1.5925601120272137,0.0004
43740,충북,영동군,2,고령화_청년유출형,38,35.10917030567686,0.7948829213748256,0.0475
48740,경남,창녕군,2,고령화_청년유출형,39,33.97379912663756,0.7885474782202913,0.012
47280,경북,문경시,2,고령화_청년유출형,41,33.14410480349345,0.7501358691359649,0.0333
51150,강원,강릉시,1,일반도시_중간형,42,32.838427947598255,1.479435342280418,0.0002
48870,경남,함양군,2,고령화_청년유출형,44,32.66375545851529,1.0432929885669586,0.0072
48720,경남,의령군,2,고령화_청년유출형,53,28.951965065502183,0.8058036791350855,0.0162
47760,경북,영양군,2,고령화_청년유출형,55,28.77729257641922,0.843231667337183,0.014
51210,강원,속초시,1,일반도시_중간형,57,27.052401746724897,1.0358764639981273,0.0117
51170,강원,동해시,1,일반도시_중간형,58,27.03056768558952,1.1304358345917231,0.0055
51780,강원,철원군,2,고령화_청년유출형,59,26.986899563318783,0.8025985776526112,0.0199
51810,강원,인제군,2,고령화_청년유출형,60,26.113537117903928,0.695155892544061,0.0132
47210,경북,영주시,2,고령화_청년유출형,63,24.323144104803497,0.6348418165786316,0.0243
52730,전북,무주군,2,고령화_청년유출형,72,21.572052401746728,0.5041421881969964,0.028
47230,경북,영천시,2,고령화_청년유출형,77,20.43668122270743,0.4067203162663397,0.0388
52190,전북,남원시,2,고령화_청년유출형,86,13.62445414847162,0.3886479791651805,0.0052
47930,경북,울진군,2,고령화_청년유출형,91,11.397379912663755,0.42697810474556813,0.0014
47110,경북,포항시,1,일반도시_중간형,98,8.951965065502199,0.2620164913884825,0.024
47170,경북,안동시,2,고령화_청년유출형,110,2.6419213973799205,0.07774172666188987,0.0065
48880,경남,거창군,2,고령화_청년유출형,111,1.7903930131004442,0.06008445764853017,0.0013
