지역코드,시도,지역명,cluster,cluster_name,미스매치순위,미스매치점수_100,고령화수요점수_100,인프라공급점수_100,LISA_I,LISA_p값,LISA_사분면,LISA_유의,LISA_유형
51150,강원,강릉시,1,일반도시_중간형,42,32.838427947598255,59.1703056768559,26.33187772925764,1.479435342280418,0.0002,HH,True,HH
51820,강원,고성군,2,고령화_청년유출형,9,52.379912663755455,76.9650655021834,24.58515283842795,1.3503843287656285,0.1237,HH,False,Not Significant
51170,강원,동해시,1,일반도시_중간형,58,27.03056768558952,58.73362445414847,31.70305676855895,1.1304358345917231,0.0055,HH,True,HH
51230,강원,삼척시,2,고령화_청년유출형,23,40.63318777292576,70.19650655021834,29.56331877729258,1.4055628480575044,0.0039,HH,True,HH
51210,강원,속초시,1,일반도시_중간형,57,27.052401746724897,57.31441048034935,30.26200873362445,1.0358764639981273,0.0117,HH,True,HH
51800,강원,양구군,2,고령화_청년유출형,71,21.746724890829693,64.8471615720524,43.10043668122271,0.4039623470080394,0.1144,HH,False,Not Significant
51830,강원,양양군,2,고령화_청년유출형,24,39.956331877729255,75.9825327510917,36.02620087336245,1.2824393582122249,0.0146,HH,True,HH
51750,강원,영월군,2,고령화_청년유출형,28,38.340611353711786,86.68122270742357,48.34061135371179,1.3563522452331371,0.0002,HH,True,HH
51130,강원,원주시,1,일반도시_중간형,172,-26.113537117903928,29.47598253275109,55.58951965065502,-0.6011536374207757,0.0338,LH,True,LH
51810,강원,인제군,2,고령화_청년유출형,60,26.113537117903928,58.95196506550218,32.83842794759825,0.695155892544061,0.0132,HH,True,HH
51770,강원,정선군,2,고령화_청년유출형,3,55.89519650655021,82.53275109170306,26.63755458515284,2.1480030030296136,0.0009,HH,True,HH
51780,강원,철원군,2,고령화_청년유출형,59,26.986899563318783,67.24890829694323,40.26200873362445,0.8025985776526112,0.0199,HH,True,HH
51110,강원,춘천시,1,일반도시_중간형,166,-22.816593886462883,34.825327510917035,57.64192139737992,-0.6824858692631075,0.0129,LH,True,LH
51190,강원,태백시,2,고령화_청년유출형,35,35.89519650655023,79.25764192139738,43.36244541484716,1.5925601120272137,0.0004,HH,True,HH
51760,강원,평창군,2,고령화_청년유출형,1,63.01310043668121,88.64628820960698,25.63318777292577,2.7305178839074618,0.0002,HH,True,HH
51720,강원,홍천군,2,고령화_청년유출형,16,46.37554585152838,86.24454148471615,39.86899563318778,1.2694839962609308,0.0049,HH,True,HH
51790,강원,화천군,2,고령화_청년유출형,17,46.331877729257634,70.3056768558952,23.97379912663756,0.6365234268596386,0.1591,HH,False,Not Significant
51730,강원,횡성군,2,고령화_청년유출형,11,49.95633187772925,90.6113537117904,40.65502183406114,1.4022539982667004,0.0157,HH,True,HH
41820,경기,가평군,1,일반도시_중간형,85,13.646288209606992,77.83842794759825,64.19213973799125,0.20713637947839358,0.1106,HH,False,Not Significant
41280,경기,고양시,1,일반도시_중간형,187,-32.62008733624454,22.707423580786028,55.327510917030565,0.7464496603021169,0.0114,LL,True,LL
41290,경기,과천시,3,경제활동_청년유입형,202,-42.00873362445415,5.458515283842795,47.46724890829695,0.8785051674964195,0.0646,LL,False,Not Significant
41210,경기,광명시,1,일반도시_중간형,153,-16.593886462882097,24.23580786026201,40.8296943231441,0.24181677897719014,0.1524,LL,False,Not Significant
41610,경기,광주시,1,일반도시_중간형,143,-10.524017467248903,27.292576419213976,37.81659388646288,0.2078518231804661,0.045,LL,True,LL
41310,경기,구리시,1,일반도시_중간형,183,-31.222707423580797,30.131004366812224,61.35371179039302,0.44968619296029533,0.1269,LL,False,Not Significant
41410,경기,군포시,1,일반도시_중간형,122,-1.9868995633187725,42.03056768558952,44.01746724890829,0.04061410306605373,0.1361,LL,False,Not Significant
41570,경기,김포시,1,일반도시_중간형,207,-43.056768558951966,9.825327510917033,52.882096069869,0.6933688078984951,0.1008,LL,False,Not Significant
41360,경기,남양주시,1,일반도시_중간형,180,-30.349344978165934,22.707423580786024,53.05676855895196,0.12909186094367037,0.35,LL,False,Not Significant
41250,경기,동두천시,1,일반도시_중간형,105,4.148471615720528,63.53711790393013,59.3886462882096,0.01566550139891465,0.4213,HH,False,Not Significant
41190,경기,부천시,1,일반도시_중간형,131,-4.5196506550218345,47.2707423580786,51.790393013100434,0.05103397317878147,0.157,LL,False,Not Significant
41130,경기,성남시,3,경제활동_청년유입형,167,-23.23144104803493,23.36244541484716,46.5938864628821,0.7314939995273381,0.0014,LL,True,LL
41110,경기,수원시,1,일반도시_중간형,204,-42.16157205240175,12.336244541484715,54.49781659388646,1.4708414778400964,0.0122,LL,True,LL
41390,경기,시흥시,1,일반도시_중간형,218,-55.19650655021835,7.4235807860262,62.62008733624455,0.9116535842135518,0.1142,LL,False,Not Significant
41270,경기,안산시,1,일반도시_중간형,195,-38.47161572052402,24.235807860262007,62.70742358078603,1.1228411871845567,0.0091,LL,True,LL
41550,경기,안성시,1,일반도시_중간형,163,-19.47598253275109,32.751091703056765,52.227074235807855,0.7077542536690833,0.0016,LL,True,LL
41170,경기,안양시,1,일반도시_중간형,150,-14.672489082969433,27.510917030567683,42.18340611353712,0.32626346352754587,0.0197,LL,True,LL
41630,경기,양주시,1,일반도시_중간형,206,-42.903930131004365,12.554585152838428,55.45851528384279,-0.03474978850031999,0.4685,LH,False,Not Significant
41830,경기,양평군,1,일반도시_중간형,69,23.100436681222718,74.45414847161572,51.35371179039301,0.15645876315720214,0.2709,HH,False,Not Significant
41670,경기,여주시,1,일반도시_중간형,104,5.895196506550215,63.53711790393013,57.64192139737992,-0.04479347082244495,0.2784,HL,False,Not Significant
41800,경기,연천군,2,고령화_청년유출형,68,23.31877729257642,75.9825327510917,52.66375545851528,-0.13134424873826445,0.3514,HL,False,Not Significant
41370,경기,오산시,1,일반도시_중간형,225,-60.69868995633186,4.585152838427948,65.28384279475982,3.2633651269294743,0.0035,LL,True,LL
41460,경기,용인시,1,일반도시_중간형,196,-38.86462882096069,12.882096069868997,51.74672489082969,1.203268857684429,0.0017,LL,True,LL
41430,경기,의왕시,1,일반도시_중간형,140,-10.08733624454148,30.13100436681223,40.21834061135371,0.28146305765775237,0.0076,LL,True,LL
41150,경기,의정부시,1,일반도시_중간형,176,-28.36244541484716,26.310043668122272,54.67248908296944,-0.008528166425108823,0.4953,LH,False,Not Significant
41500,경기,이천시,3,경제활동_청년유입형,197,-39.03930131004367,19.21397379912664,58.25327510917031,0.4473871168858309,0.2077,LL,False,Not Significant
41480,경기,파주시,1,일반도시_중간형,214,-48.53711790393014,9.27947598253275,57.81659388646288,1.1210445090568255,0.069,LL,False,Not Significant
41220,경기,평택시,3,경제활동_청년유입형,217,-54.41048034934498,3.930131004366813,58.34061135371179,2.407484118163652,0.0001,LL,True,LL
41650,경기,포천시,2,고령화_청년유출형,48,31.26637554585153,72.92576419213974,41.65938864628821,0.04857908200161801,0.431,HH,False,Not Significant
41450,경기,하남시,1,일반도시_중간형,198,-40.06550218340611,8.842794759825328,48.90829694323144,0.9212073824966033,0.034,LL,True,LL
41590,경기,화성시,3,경제활동_청년유입형,220,-56.46288209606987,1.9650655021834056,58.42794759825327,2.5693490479451415,0.0004,LL,True,LL
48310,경남,거제시,1,일반도시_중간형,173,-26.55021834061134,26.85589519650655,53.406113537117896,-0.6004308513749234,0.2875,LH,False,Not Significant
48880,경남,거창군,2,고령화_청년유출형,111,1.7903930131004442,58.07860262008734,56.2882096069869,0.06008445764853017,0.0013,HH,True,HH
48820,경남,고성군,2,고령화_청년유출형,27,38.68995633187773,86.8995633187773,48.20960698689956,-0.11264828576032114,0.4353,HL,False,Not Significant
48250,경남,김해시,1,일반도시_중간형,216,-53.36244541484716,15.72052401746725,69.08296943231441,0.41988956168266145,0.2813,LL,False,Not Significant
48840,경남,남해군,2,고령화_청년유출형,45,32.183406113537124,68.99563318777294,36.81222707423581,-0.25283055883921474,0.4053,HL,False,Not Significant
48270,경남,밀양시,2,고령화_청년유출형,33,36.15720524017468,84.06113537117903,47.903930131004365,-0.16652435692654421,0.361,HL,False,Not Significant
48240,경남,사천시,1,일반도시_중간형,136,-8.1004366812227,46.61572052401747,54.716157205240165,-0.20373100153410945,0.0476,LH,True,LH
48860,경남,산청군,2,고령화_청년유출형,7,54.19213973799126,91.70305676855897,37.51091703056769,1.2431457652173628,0.0306,HH,True,HH
48330,경남,양산시,1,일반도시_중간형,186,-32.11790393013101,27.83842794759825,59.95633187772926,0.12989852253439604,0.3691,LL,False,Not Significant
48720,경남,의령군,2,고령화_청년유출형,53,28.951965065502183,83.1877729257642,54.23580786026201,0.8058036791350855,0.0162,HH,True,HH
48170,경남,진주시,1,일반도시_중간형,165,-21.50655021834061,34.82532751091703,56.33187772925764,-0.576733398297481,0.007,LH,True,LH
48740,경남,창녕군,2,고령화_청년유출형,39,33.97379912663756,90.17467248908298,56.20087336244541,0.7885474782202913,0.012,HH,True,HH
48120,경남,창원시,1,일반도시_중간형,132,-5.720524017467249,44.97816593886463,50.69868995633188,-0.0018342869995811755,0.49,LH,False,Not Significant
48220,경남,통영시,2,고령화_청년유출형,67,23.31877729257643,70.96069868995633,47.6419213973799,0.13726955319262243,0.3947,HH,False,Not Significant
48850,경남,하동군,2,고령화_청년유출형,6,54.36681222707425,96.0698689956332,41.70305676855895,0.4330223749835804,0.2331,HH,False,Not Significant
48730,경남,함안군,2,고령화_청년유출형,50,31.17903930131004,81.4410480349345,50.262008733624455,0.269863497463044,0.2907,HH,False,Not Significant
48870,경남,함양군,2,고령화_청년유출형,44,32.66375545851529,78.82096069868996,46.15720524017467,1.0432929885669586,0.0072,HH,True,HH
48890,경남,합천군,2,고령화_청년유출형,18,45.655021834061145,91.8122270742358,46.15720524017466,1.5218186992147449,0.0018,HH,True,HH
47290,경북,경산시,1,일반도시_중간형,170,-25.283842794759824,35.37117903930132,60.65502183406114,0.028910825385448053,0.4606,LL,False,Not Significant
47130,경북,경주시,1,일반도시_중간형,92,11.37554585152839,61.68122270742358,50.30567685589519,0.03738415870285644,0.4087,HH,False,Not Significant
47830,경북,고령군,2,고령화_청년유출형,10,50.87336244541484,91.48471615720524,40.6113537117904,0.6308340989497183,0.1772,HH,False,Not Significant
47190,경북,구미시,1,일반도시_중간형,219,-56.11353711790392,11.790393013100436,67.90393013100436,-1.2314554329584735,0.052,LH,False,Not Significant
47150,경북,김천시,2,고령화_청년유출형,94,11.004366812227072,53.493449781659386,42.48908296943231,0.07060433004321848,0.2822,HH,False,Not Significant
47280,경북,문경시,2,고령화_청년유출형,41,33.14410480349345,81.4410480349345,48.29694323144104,0.7501358691359649,0.0333,HH,True,HH
47920,경북,봉화군,2,고령화_청년유출형,13,48.12227074235807,96.5065502183406,48.38427947598253,1.213471071886532,0.0106,HH,True,HH
47250,경북,상주시,2,고령화_청년유출형,43,32.75109170305678,78.82096069868996,46.06986899563318,0.5135017280982154,0.0555,HH,False,Not Significant
47840,경북,성주군,2,고령화_청년유출형,32,36.4410480349345,93.3406113537118,56.89956331877729,0.24756770551877968,0.2862,HH,False,Not Significant
47170,경북,안동시,2,고령화_청년유출형,110,2.6419213973799205,57.31441048034935,54.67248908296944,0.07774172666188987,0.0065,HH,True,HH
47770,경북,영덕군,2,고령화_청년유출형,26,39.65065502183407,90.17467248908298,50.5240174672489,0.9458128534321669,0.0538,HH,False,Not Significant
47760,경북,영양군,2,고령화_청년유출형,55,28.77729257641922,75.764192139738,46.98689956331877,0.843231667337183,0.014,HH,True,HH
47210,경북,영주시,2,고령화_청년유출형,63,24.323144104803497,70.3056768558952,45.982532751091696,0.6348418165786316,0.0243,HH,True,HH
47230,경북,영천시,2,고령화_청년유출형,77,20.43668122270743,72.0524017467249,51.61572052401746,0.4067203162663397,0.0388,HH,True,HH
47900,경북,예천군,2,고령화_청년유출형,137,-8.296943231441045,36.68122270742359,44.97816593886463,-0.25009167747314004,0.0052,LH,True,LH
47940,경북,울릉군,2,고령화_청년유출형,34,35.96069868995634,66.04803493449782,30.087336244541486,0.39748639979422945,0.3891,HH,False,Not Significant
47930,경북,울진군,2,고령화_청년유출형,91,11.397379912663755,59.82532751091703,48.42794759825327,0.42697810474556813,0.0014,HH,True,HH
47730,경북,의성군,2,고령화_청년유출형,25,39.86899563318778,93.23144104803494,53.36244541484716,0.48331963147774865,0.1624,HH,False,Not Significant
47820,경북,청도군,2,고령화_청년유출형,14,46.41921397379912,97.37991266375543,50.96069868995633,0.108824102508278,0.4114,HH,False,Not Significant
47750,경북,청송군,2,고령화_청년유출형,12,49.25764192139738,92.79475982532752,43.53711790393013,1.3313547239621641,0.0069,HH,True,HH
47850,경북,칠곡군,2,고령화_청년유출형,169,-25.24017467248908,44.97816593886464,70.21834061135371,0.09872257858886473,0.3694,LL,False,Not Significant
47110,경북,포항시,1,일반도시_중간형,98,8.951965065502199,56.98689956331878,48.034934497816586,0.2620164913884825,0.024,HH,True,HH
29200,광주,광산구,1,일반도시_중간형,229,-67.7947598253275,4.6943231441048034,72.4890829694323,0.9857476300824167,0.1207,LL,False,Not Significant
29155,광주,남구,1,일반도시_중간형,147,-12.5764192139738,37.55458515283843,50.13100436681223,0.494742949002513,0.002,LL,True,LL
29110,광주,동구,3,경제활동_청년유입형,209,-43.27510917030567,26.85589519650655,70.13100436681222,0.8588499025356151,0.1041,LL,False,Not Significant
29170,광주,북구,1,일반도시_중간형,164,-20.065502183406103,31.11353711790393,51.179039301310034,0.4957725877767014,0.0232,LL,True,LL
29140,광주,서구,1,일반도시_중간형,190,-34.890829694323145,29.694323144104807,64.58515283842794,1.2157179611793003,0.011,LL,True,LL
27720,대구,군위군,2,고령화_청년유출형,5,54.75982532751091,96.2882096069869,41.52838427947599,0.23345403654816213,0.3594,HH,False,Not Significant
27200,대구,남구,1,일반도시_중간형,119,-1.5720524017467263,57.86026200873362,59.432314410480345,0.0556579159982374,0.0101,LL,True,LL
27290,대구,달서구,1,일반도시_중간형,141,-10.087336244541484,47.81659388646288,57.903930131004365,0.07958715817247945,0.2865,LL,False,Not Significant
27710,대구,달성군,1,일반도시_중간형,203,-42.05240174672489,18.34061135371179,60.39301310043668,-0.23475765732727577,0.2769,LH,False,Not Significant
27140,대구,동구,1,일반도시_중간형,120,-1.8340611353711789,48.03493449781659,49.86899563318777,0.025321244877985965,0.1212,LL,False,Not Significant
27230,대구,북구,1,일반도시_중간형,181,-30.436681222707424,34.27947598253275,64.71615720524018,0.6910297551288722,0.051,LL,False,Not Significant
27170,대구,서구,1,일반도시_중간형,82,17.096069868995635,73.2532751091703,56.15720524017467,-0.6117960069692603,0.0094,HL,True,HL
27260,대구,수성구,1,일반도시_중간형,177,-28.864628820960693,29.912663755458517,58.77729257641921,0.7600993129602706,0.0256,LL,True,LL
27110,대구,중구,3,경제활동_청년유입형,228,-65.02183406113538,7.641921397379914,72.66375545851528,0.5853856514332704,0.23,LL,False,Not Significant
30230,대전,대덕구,1,일반도시_중간형,88,13.449781659388648,55.67685589519651,42.22707423580786,-0.3889788535765696,0.0164,HL,True,HL
30110,대전,동구,1,일반도시_중간형,142,-10.262008733624445,45.414847161572055,55.676855895196496,-0.090323597785439,0.2455,LH,False,Not Significant
30170,대전,서구,1,일반도시_중간형,192,-37.55458515283841,19.650655021834066,57.20524017467248,0.2787241762916775,0.2756,LL,False,Not Significant
30200,대전,유성구,3,경제활동_청년유입형,226,-61.026200873362434,7.969432314410481,68.99563318777292,1.4416984824806443,0.0263,LL,True,LL
30140,대전,중구,1,일반도시_중간형,127,-3.493449781659397,48.68995633187773,52.18340611353712,0.0061028416664733855,0.4589,LL,False,Not Significant
26440,부산,강서구,3,경제활동_청년유입형,227,-62.81659388646288,5.131004366812227,67.9475982532751,-0.06065447891171507,0.4811,LH,False,Not Significant
26410,부산,금정구,1,일반도시_중간형,83,16.98689956331879,71.83406113537119,54.84716157205239,-0.17517282330632103,0.2295,HL,False,Not Significant
26710,부산,기장군,1,일반도시_중간형,182,-31.048034934497814,30.13100436681223,61.17903930131005,0.21679166062097494,0.3244,LL,False,Not Significant
26290,부산,남구,1,일반도시_중간형,100,7.860262008733626,48.90829694323144,41.04803493449782,-0.043482746873622885,0.3632,HL,False,Not Significant
26170,부산,동구,3,경제활동_청년유입형,135,-8.078602620087349,51.96506550218341,60.04366812227075,-0.022195619038122845,0.4335,LH,False,Not Significant
26260,부산,동래구,1,일반도시_중간형,157,-17.947598253275114,43.01310043668122,60.96069868995634,-0.0875993570748772,0.3521,LH,False,Not Significant
26230,부산,부산진구,1,일반도시_중간형,151,-15.78602620087336,38.53711790393013,54.32314410480349,-0.05214600802107572,0.3933,LH,False,Not Significant
26320,부산,북구,1,일반도시_중간형,65,23.930131004366807,70.74235807860262,46.81222707423581,-0.4816019193216879,0.0416,HL,True,HL
26530,부산,사상구,1,일반도시_중간형,79,19.78165938864629,73.58078602620087,53.799126637554586,-0.10572451942240918,0.3526,HL,False,Not Significant
26380,부산,사하구,1,일반도시_중간형,78,20.349344978165934,71.61572052401746,51.26637554585153,-0.23857364261281439,0.2618,HL,False,Not Significant
26140,부산,서구,1,일반도시_중간형,103,6.768558951965076,62.22707423580787,55.45851528384279,0.03775162374501651,0.3444,HH,False,Not Significant
26500,부산,수영구,1,일반도시_중간형,97,9.519650655021833,57.20524017467249,47.685589519650655,-0.03356285514666431,0.4111,HL,False,Not Significant
26470,부산,연제구,1,일반도시_중간형,138,-8.471615720524012,45.414847161572055,53.88646288209606,0.03359013299956749,0.3995,LL,False,Not Significant
26200,부산,영도구,2,고령화_청년유출형,4,55.567685589519655,84.60698689956332,29.03930131004367,0.6730417217842395,0.382,HH,False,Not Significant
26110,부산,중구,3,경제활동_청년유입형,90,12.489082969432308,80.34934497816593,67.86026200873363,0.2190581111504695,0.1682,HH,False,Not Significant
26350,부산,해운대구,1,일반도시_중간형,106,4.0174672489082965,52.838427947598255,48.82096069868996,-0.02190550289072037,0.3649,HL,False,Not Significant
11680,서울,강남구,3,경제활동_청년유입형,213,-47.37991266375545,13.75545851528384,61.13537117903929,1.3070938368157157,0.0128,LL,True,LL
11740,서울,강동구,1,일반도시_중간형,162,-19.257641921397383,25.982532751091703,45.24017467248909,0.5449990179202396,0.0319,LL,True,LL
11305,서울,강북구,1,일반도시_중간형,76,21.004366812227083,58.296943231441055,37.29257641921397,-0.18947104159248415,0.2625,HL,False,Not Significant
11500,서울,강서구,3,경제활동_청년유입형,145,-10.69868995633188,36.46288209606987,47.16157205240175,0.24803428009315473,0.0218,LL,True,LL
11620,서울,관악구,1,일반도시_중간형,154,-16.681222707423583,18.77729257641921,35.45851528384279,0.3786068231817322,0.0234,LL,True,LL
11215,서울,광진구,1,일반도시_중간형,156,-17.772925764192138,21.61572052401747,39.38864628820961,0.4217717467425946,0.0201,LL,True,LL
11530,서울,구로구,1,일반도시_중간형,113,1.6593886462882068,44.75982532751092,43.10043668122271,-0.022365065361665357,0.1464,HL,False,Not Significant
11545,서울,금천구,3,경제활동_청년유입형,123,-2.4017467248908297,39.956331877729255,42.35807860262008,0.02695421736025748,0.241,LL,False,Not Significant
11350,서울,노원구,1,일반도시_중간형,101,7.074235807860263,42.5764192139738,35.50218340611354,-0.03500970416772239,0.3399,HL,False,Not Significant
11320,서울,도봉구,1,일반도시_중간형,31,36.46288209606988,66.15720524017468,29.6943231441048,-0.38180440839384244,0.2591,HL,False,Not Significant
11230,서울,동대문구,1,일반도시_중간형,175,-27.947598253275107,22.925764192139734,50.87336244541485,0.46771192214006935,0.091,LL,False,Not Significant
11590,서울,동작구,1,일반도시_중간형,152,-16.484716157205234,23.689956331877728,40.174672489082965,0.5450635138605782,0.015,LL,True,LL
11440,서울,마포구,3,경제활동_청년유입형,199,-40.39301310043668,9.170305676855897,49.56331877729257,0.8719402006938857,0.0291,LL,True,LL
11410,서울,서대문구,1,일반도시_중간형,160,-18.820960698689955,20.3056768558952,39.12663755458515,0.4211508618607149,0.0767,LL,False,Not Significant
11650,서울,서초구,3,경제활동_청년유입형,208,-43.14410480349344,13.537117903930133,56.68122270742357,1.2243453141927052,0.0112,LL,True,LL
11200,서울,성동구,3,경제활동_청년유입형,178,-29.08296943231441,19.650655021834066,48.73362445414847,0.7983648699474425,0.0238,LL,True,LL
11290,서울,성북구,1,일반도시_중간형,149,-14.519650655021838,25.0,39.51965065502184,0.13143648486799644,0.2372,LL,False,Not Significant
11710,서울,송파구,3,경제활동_청년유입형,174,-27.663755458515286,22.816593886462883,50.48034934497817,0.7925607901207324,0.0189,LL,True,LL
11470,서울,양천구,1,일반도시_중간형,108,3.5807860262008773,36.02620087336245,32.44541484716157,-0.05237486458356856,0.1769,HL,False,Not Significant
11560,서울,영등포구,3,경제활동_청년유입형,212,-46.76855895196507,14.628820960698691,61.397379912663766,0.7049697551026733,0.0926,LL,False,Not Significant
11170,서울,용산구,3,경제활동_청년유입형,179,-29.78165938864629,14.41048034934498,44.19213973799126,0.9981023178612466,0.0016,LL,True,LL
11380,서울,은평구,1,일반도시_중간형,114,1.528384279475986,37.117903930131,35.58951965065501,-0.04691906283468832,0.0227,HL,True,HL
11110,서울,종로구,3,경제활동_청년유입형,189,-34.78165938864629,26.52838427947598,61.31004366812227,0.624185469056936,0.0769,LL,False,Not Significant
11140,서울,중구,3,경제활동_청년유입형,158,-18.646288209606976,31.65938864628821,50.30567685589519,0.5449386059522278,0.0104,LL,True,LL
11260,서울,중랑구,1,일반도시_중간형,93,11.266375545851526,50.21834061135371,38.95196506550218,-0.18441123104718982,0.1189,HL,False,Not Significant
36110,세종,세종특별자치시,1,일반도시_중간형,224,-60.2183406113537,1.310043668122271,61.52838427947598,2.1855626030191644,0.0076,LL,True,LL
31140,울산,남구,1,일반도시_중간형,171,-25.589519650655024,34.06113537117904,59.65065502183406,0.2749028110906202,0.2779,LL,False,Not Significant
31170,울산,동구,1,일반도시_중간형,70,22.751091703056765,52.40174672489083,29.650655021834066,-0.9085892179585977,0.1167,HL,False,Not Significant
31200,울산,북구,1,일반도시_중간형,201,-41.17903930131004,9.60698689956332,50.78602620087336,-0.13166695960820368,0.4173,LH,False,Not Significant
31710,울산,울주군,1,일반도시_중간형,155,-17.68558951965065,43.44978165938865,61.135371179039296,0.02218868399077455,0.4556,LL,False,Not Significant
31110,울산,중구,1,일반도시_중간형,62,25.63318777292577,54.58515283842795,28.951965065502183,-0.6998282651108325,0.0659,HL,False,Not Significant
28710,인천,강화군,2,고령화_청년유출형,19,45.4585152838428,85.37117903930131,39.91266375545852,0.337867184750663,0.3677,HH,False,Not Significant
28245,인천,계양구,1,일반도시_중간형,128,-3.5589519650654933,50.76419213973799,54.32314410480349,0.07551156954685079,0.0621,LL,False,Not Significant
28200,인천,남동구,1,일반도시_중간형,146,-10.89519650655022,47.05240174672489,57.94759825327511,0.307723230890612,0.0124,LL,True,LL
28140,인천,동구,1,일반도시_중간형,47,31.4410480349345,66.8122270742358,35.37117903930131,-1.30578619511016,0.0088,HL,True,HL
28177,인천,미추홀구,1,일반도시_중간형,159,-18.66812227074236,32.20524017467249,50.87336244541485,0.4870067649845763,0.03,LL,True,LL
28237,인천,부평구,1,일반도시_중간형,118,-1.4410480349344943,39.73799126637555,41.17903930131004,0.023984167749240382,0.1459,LL,False,Not Significant
28260,인천,서구,1,일반도시_중간형,215,-49.67248908296944,8.842794759825328,58.515283842794766,0.37076496885662885,0.2745,LL,False,Not Significant
28185,인천,연수구,1,일반도시_중간형,211,-45.24017467248908,6.986899563318777,52.227074235807855,0.6485397371663291,0.2572,LL,False,Not Significant
28720,인천,옹진군,2,고령화_청년유출형,2,58.38427947598253,87.77292576419214,29.388646288209607,2.5739511453654504,0.0728,HH,False,Not Significant
28110,인천,중구,3,경제활동_청년유입형,223,-60.13100436681224,5.021834061135371,65.1528384279476,-0.3724328477438865,0.3948,LH,False,Not Significant
46810,전남,강진군,2,고령화_청년유출형,20,42.70742358078603,73.14410480349345,30.436681222707424,0.648630817454836,0.1595,HH,False,Not Significant
46770,전남,고흥군,2,고령화_청년유출형,40,33.31877729257642,78.38427947598254,45.06550218340612,1.140129181438639,0.1521,HH,False,Not Significant
46720,전남,곡성군,2,고령화_청년유출형,84,14.737991266375538,65.39301310043668,50.655021834061145,-0.005565375496982784,0.4912,HL,False,Not Significant
46230,전남,광양시,1,일반도시_중간형,210,-44.60698689956333,15.174672489082967,59.78165938864629,-0.503919264952791,0.2389,LH,False,Not Significant
46730,전남,구례군,2,고령화_청년유출형,49,31.2227074235808,83.4061135371179,52.18340611353711,-0.0011900541249623166,0.4997,HL,False,Not Significant
46170,전남,나주시,1,일반도시_중간형,205,-42.532751091703055,26.855895196506545,69.3886462882096,0.8117691760416308,0.064,LL,False,Not Significant
46710,전남,담양군,2,고령화_청년유출형,99,8.40611353711791,64.95633187772926,56.55021834061135,-0.038447902498782376,0.3677,HL,False,Not Significant
46110,전남,목포시,1,일반도시_중간형,133,-6.026200873362441,47.37991266375546,53.4061135371179,0.12996556132542933,0.1754,LL,False,Not Significant
46840,전남,무안군,1,일반도시_중간형,200,-40.61135371179039,17.68558951965066,58.29694323144105,0.22410189403078137,0.3352,LL,False,Not Significant
46780,전남,보성군,2,고령화_청년유출형,36,35.283842794759835,81.6593886462882,46.37554585152838,-0.04987131249084488,0.4628,HL,False,Not Significant
46150,전남,순천시,1,일반도시_중간형,194,-38.318777292576414,27.40174672489083,65.72052401746724,-0.13401632248155104,0.3944,LH,False,Not Significant
46910,전남,신안군,2,고령화_청년유출형,109,2.882096069868995,48.68995633187773,45.80786026200873,-0.11351285499640487,0.1214,HL,False,Not Significant
46130,전남,여수시,1,일반도시_중간형,115,-0.6768558951964931,50.32751091703057,51.00436681222706,0.02721728682300118,0.0344,LL,True,LL
46870,전남,영광군,2,고령화_청년유출형,130,-4.475982532751094,38.53711790393013,43.01310043668122,-0.0662505073179776,0.2133,LH,False,Not Significant
46830,전남,영암군,2,고령화_청년유출형,129,-3.864628820960703,51.637554585152834,55.50218340611354,0.013935085997394191,0.3778,LL,False,Not Significant
46890,전남,완도군,2,고령화_청년유출형,46,31.746724890829697,68.12227074235808,36.37554585152839,1.3148960733068413,0.077,HH,False,Not Significant
46880,전남,장성군,2,고령화_청년유출형,116,-0.9825327510917026,53.38427947598253,54.36681222707424,0.005120665585775331,0.318,LL,False,Not Significant
46800,전남,장흥군,2,고령화_청년유출형,87,13.493449781659384,70.74235807860262,57.24890829694324,0.19564947527505352,0.1774,HH,False,Not Significant
46900,전남,진도군,2,고령화_청년유출형,96,9.650655021834066,60.480349344978166,50.8296943231441,0.19903955758713063,0.3239,HH,False,Not Significant
46860,전남,함평군,2,고령화_청년유출형,75,21.09170305676856,76.41921397379913,55.327510917030565,-0.6398235847244331,0.0146,HL,True,HL
46820,전남,해남군,2,고령화_청년유출형,74,21.26637554585153,74.0174672489083,52.751091703056765,0.33338375369609125,0.1945,HH,False,Not Significant
46790,전남,화순군,2,고령화_청년유출형,148,-14.323144104803498,53.05676855895196,67.37991266375546,0.12322783919104678,0.1885,LL,False,Not Significant
52790,전북,고창군,2,고령화_청년유출형,61,25.676855895196503,83.84279475982532,58.16593886462882,0.06769161015694702,0.4348,HH,False,Not Significant
52130,전북,군산시,1,일반도시_중간형,121,-1.9213973799126536,46.943231441048034,48.86462882096069,-0.026716884628783376,0.2266,LH,False,Not Significant
52210,전북,김제시,2,고령화_청년유출형,134,-7.117903930130998,54.58515283842795,61.70305676855895,0.02707966466117937,0.3759,LL,False,Not Significant
52190,전북,남원시,2,고령화_청년유출형,86,13.62445414847162,66.5938864628821,52.96943231441047,0.3886479791651805,0.0052,HH,True,HH
52730,전북,무주군,2,고령화_청년유출형,72,21.572052401746728,70.08733624454149,48.51528384279476,0.5041421881969964,0.028,HH,True,HH
52800,전북,부안군,2,고령화_청년유출형,80,19.21397379912664,79.91266375545851,60.69868995633188,0.09737422925617532,0.3934,HH,False,Not Significant
52770,전북,순창군,2,고령화_청년유출형,125,-2.947598253275108,55.34934497816594,58.29694323144105,-0.032424813876814,0.1928,LH,False,Not Significant
52710,전북,완주군,1,일반도시_중간형,161,-19.08296943231441,37.99126637554585,57.07423580786026,-0.16708794510771335,0.2173,LH,False,Not Significant
52140,전북,익산시,1,일반도시_중간형,89,12.96943231441048,52.62008733624454,39.650655021834055,0.051943900926926335,0.3677,HH,False,Not Significant
52750,전북,임실군,2,고령화_청년유출형,37,35.1528384279476,87.77292576419214,52.62008733624454,0.3308687973032837,0.2285,HH,False,Not Significant
52740,전북,장수군,2,고령화_청년유출형,22,40.69868995633188,82.75109170305677,42.05240174672489,0.8790311214873119,0.0392,HH,True,HH
52110,전북,전주시,1,일반도시_중간형,184,-31.83406113537117,24.45414847161572,56.2882096069869,0.13616549365477842,0.4082,LL,False,Not Significant
52180,전북,정읍시,2,고령화_청년유출형,124,-2.882096069868989,56.11353711790393,58.99563318777293,-0.019930137213654473,0.2833,LH,False,Not Significant
52720,전북,진안군,2,고령화_청년유출형,54,28.82096069868996,79.25764192139738,50.43668122270743,0.5897786186479879,0.0645,HH,False,Not Significant
50130,제주,서귀포시,1,일반도시_중간형,117,-1.2227074235807822,33.624454148471614,34.8471615720524,0.038888046837152176,0.1734,LL,False,Not Significant
50110,제주,제주시,1,일반도시_중간형,188,-32.79475982532751,14.192139737991264,46.98689956331877,0.03888804683715217,0.4856,LL,False,Not Significant
44250,충남,계룡시,1,일반도시_중간형,185,-31.96506550218341,16.812227074235807,48.77729257641922,0.6333723262791829,0.1034,LL,False,Not Significant
44150,충남,공주시,2,고령화_청년유출형,102,6.899563318777302,70.08733624454149,63.187772925764186,-0.1273977444606118,0.039,HL,True,HL
44710,충남,금산군,2,고령화_청년유출형,56,27.161572052401752,79.6943231441048,52.532751091703055,0.144297889770402,0.3008,HH,False,Not Significant
44230,충남,논산시,2,고령화_청년유출형,95,9.956331877729262,69.43231441048034,59.47598253275108,0.00024094335929970308,0.4979,HH,False,Not Significant
44270,충남,당진시,1,일반도시_중간형,168,-25.02183406113537,26.85589519650655,51.87772925764192,0.6434877863413627,0.0493,LL,True,LL
44180,충남,보령시,2,고령화_청년유출형,73,21.39737991266376,71.39737991266375,49.99999999999999,0.5187877752992262,0.0538,HH,False,Not Significant
44760,충남,부여군,2,고령화_청년유출형,21,41.74672489082969,94.5414847161572,52.79475982532751,0.7991245812676202,0.0618,HH,False,Not Significant
44210,충남,서산시,1,일반도시_중간형,144,-10.567685589519648,33.842794759825324,44.41048034934497,-0.08033373913634463,0.3247,LH,False,Not Significant
44770,충남,서천군,2,고령화_청년유출형,29,37.16157205240176,91.04803493449782,53.88646288209606,0.6684687515627941,0.1207,HH,False,Not Significant
44200,충남,아산시,3,경제활동_청년유입형,222,-60.043668122270745,5.676855895196507,65.72052401746726,1.308805252389105,0.0554,LL,False,Not Significant
44810,충남,예산군,2,고령화_청년유출형,81,18.951965065502183,62.66375545851528,43.711790393013096,-0.20720873513906035,0.1995,HL,False,Not Significant
44130,충남,천안시,1,일반도시_중간형,221,-58.799126637554586,8.187772925764191,66.98689956331879,2.131207815441702,0.0008,LL,True,LL
44790,충남,청양군,2,고령화_청년유출형,51,30.043668122270734,79.03930131004367,48.99563318777293,0.4664435173912879,0.1323,HH,False,Not Significant
44825,충남,태안군,2,고령화_청년유출형,15,46.37554585152838,87.55458515283843,41.17903930131004,-0.47528930898494715,0.3652,HL,False,Not Significant
44800,충남,홍성군,1,일반도시_중간형,139,-8.951965065502176,39.73799126637555,48.68995633187773,-0.12984720318401885,0.1829,LH,False,Not Significant
43760,충북,괴산군,2,고령화_청년유출형,30,36.68122270742358,86.68122270742357,50.0,0.31279837559615414,0.2395,HH,False,Not Significant
43800,충북,단양군,2,고령화_청년유출형,8,53.75545851528385,93.23144104803494,39.47598253275109,1.1569401060800257,0.0553,HH,False,Not Significant
43720,충북,보은군,2,고령화_청년유출형,52,29.86899563318778,90.39301310043668,60.5240174672489,0.2701938831187158,0.2615,HH,False,Not Significant
43740,충북,영동군,2,고령화_청년유출형,38,35.10917030567686,87.55458515283843,52.445414847161565,0.7948829213748256,0.0475,HH,True,HH
43730,충북,옥천군,2,고령화_청년유출형,64,24.235807860262028,77.5109170305677,53.27510917030567,0.5388531789602072,0.0512,HH,False,Not Significant
43770,충북,음성군,2,고령화_청년유출형,107,3.886462882096076,55.4585152838428,51.57205240174672,-0.029544226376589607,0.2545,HL,False,Not Significant
43150,충북,제천시,2,고령화_청년유출형,66,23.44978165938866,69.86899563318778,46.41921397379912,0.45851370685138787,0.0787,HH,False,Not Significant
43745,충북,증평군,1,일반도시_중간형,126,-3.0131004366812206,43.44978165938864,46.46288209606986,0.024691542578763447,0.298,LL,False,Not Significant
43750,충북,진천군,3,경제활동_청년유입형,193,-37.59825327510917,17.903930131004365,55.50218340611354,0.832606804930449,0.0548,LL,False,Not Significant
43110,충북,청주시,1,일반도시_중간형,191,-36.768558951965055,16.812227074235807,53.58078602620087,0.5979453304053048,0.0565,LL,False,Not Significant
43130,충북,충주시,1,일반도시_중간형,112,1.6812227074235797,49.0174672489083,47.33624454148472,0.020909013642856276,0.1673,HH,False,Not Significant
