지역코드,시도,지역명,미스매치점수_100,미스매치표준화값,공간지연값
51150,강원,강릉시,32.838427947598255,1.0248899621893757,1.4498376885333213
51820,강원,고성군,52.379912663755455,1.634781262827335,0.8296566017058276
51170,강원,동해시,27.03056768558952,0.8436261789830098,1.345849518167564
51230,강원,삼척시,40.63318777292576,1.2681650396505502,1.113204948292928
51210,강원,속초시,27.052401746724897,0.8443076217770189,1.2322757191660818
51800,강원,양구군,21.746724890829693,0.6787170228328576,0.5977956910443015
51830,강원,양양군,39.956331877729255,1.2470403130362746,1.03289691501898
51750,강원,영월군,38.340611353711786,1.1966135462796166,1.1384637611908577
51130,강원,원주시,-26.113537117903928,-0.8150055816346364,0.7408418908866685
51810,강원,인제군,26.113537117903928,0.8150055816346362,0.8566871658681802
51770,강원,정선군,55.89519650655021,1.7444935526627665,1.2367050973271398
51780,강원,철원군,26.986899563318783,0.8422632933949922,0.9570864041854905
51110,강원,춘천시,-22.816593886462883,-0.7121077197392937,0.9626060908169626
51190,강원,태백시,35.89519650655023,1.1202919533506208,1.4277930141471333
51760,강원,평창군,63.01310043668121,1.966643903509666,1.3945045336597992
51720,강원,홍천군,46.37554585152838,1.4473844944748893,0.8809351719549967
51790,강원,화천군,46.331877729257634,1.4460216088868714,0.44212008475296993
51730,강원,횡성군,49.95633187772925,1.5591411126923476,0.903320567738189
41820,경기,가평군,13.646288209606992,0.42590174625555843,0.4884809095053749
41280,경기,고양시,-32.62008733624454,-1.0180755342492864,-0.7364125127256107
41290,경기,과천시,-42.00873362445415,-1.311095935673111,-0.6729929033631832
41210,경기,광명시,-16.593886462882097,-0.5178965234467591,-0.4689689308369206
41610,경기,광주시,-10.524017467248903,-0.32845542671228645,-0.635591428869152
41310,경기,구리시,-31.222707423580797,-0.9744631954327179,-0.46349467372504893
41410,경기,군포시,-1.9868995633187725,-0.0620112942548092,-0.657819443816585
41570,경기,김포시,-43.056768558951966,-1.3438051897855376,-0.5182372448437633
41360,경기,남양주시,-30.349344978165934,-0.9472054836723617,-0.13688482124653645
41250,경기,동두천시,4.148471615720528,0.1294741308616898,0.12152396493158601
41190,경기,부천시,-4.5196506550218345,-0.141058658359841,-0.36337936990524244
41130,경기,성남시,-23.23144104803493,-0.7250551328254625,-1.0133054346912242
41110,경기,수원시,-42.16157205240175,-1.315866035231173,-1.1226770031296516
41390,경기,시흥시,-55.19650655021835,-1.7226873832544827,-0.5315253793269369
41270,경기,안산시,-38.47161572052402,-1.20070220304367,-0.9392553177422579
41550,경기,안성시,-19.47598253275109,-0.6078469722559329,-1.1694694083182622
41170,경기,안양시,-14.672489082969433,-0.45792955757397635,-0.7156001140585893
41630,경기,양주시,-42.903930131004365,-1.3390350902274752,0.026065186870840237
41830,경기,양평군,23.100436681222718,0.7209664760614093,0.21796434511227314
41670,경기,여주시,5.895196506550215,0.18398955438240105,-0.24452438925019115
41800,경기,연천군,23.31877729257642,0.727780904001498,-0.1812637832063656
41370,경기,오산시,-60.69868995633186,-1.894410967344723,-1.7301832539885802
41460,경기,용인시,-38.86462882096069,-1.2129681733358297,-0.9963545451902532
41430,경기,의왕시,-10.08733624454148,-0.3148265708321086,-0.8979469045625759
41150,경기,의정부시,-28.36244541484716,-0.8851941894175525,0.009676487674926432
41500,경기,이천시,-39.03930131004367,-1.2184197156879013,-0.368796840117613
41480,경기,파주시,-48.53711790393014,-1.51484733108177,-0.7432837275652004
41220,경기,평택시,-54.41048034934498,-1.6981554426701622,-1.4239233925668686
41650,경기,포천시,31.26637554585153,0.9758260810207352,0.05000086501040256
41450,경기,하남시,-40.06550218340611,-1.2504475270063191,-0.7399333004946568
41590,경기,화성시,-56.46288209606987,-1.762211065306998,-1.4644205643251118
48310,경남,거제시,-26.55021834061134,-0.828634437514814,0.7277809040014983
48880,경남,거창군,1.7903930131004442,0.05587830910872942,1.0799894795335232
48820,경남,고성군,38.68995633187773,1.207516630983759,-0.09369838417622277
48250,경남,김해시,-53.36244541484716,-1.6654461885577352,-0.2532241422537048
48840,경남,남해군,32.183406113537124,1.0044466783691088,-0.25281527657729924
48270,경남,밀양시,36.15720524017468,1.1284692668787277,-0.14821380769693432
48240,경남,사천시,-8.1004366812227,-0.25281527657729924,0.8093836785840631
48860,경남,산청군,54.19213973799126,1.6913410147300731,0.7382296935096344
48330,경남,양산시,-32.11790393013101,-1.0024023499870822,-0.13015557365569852
48720,경남,의령군,28.951965065502183,0.9035931448557923,0.8956884084452895
48170,경남,진주시,-21.50655021834061,-0.67122115209876,0.862998624126977
48740,경남,창녕군,33.97379912663756,1.0603249874778382,0.7469464825829981
48120,경남,창원시,-5.720524017467249,-0.17853801203033012,0.010318990880706175
48220,경남,통영시,23.31877729257643,0.7277809040014983,0.1894410967344725
48850,경남,하동군,54.36681222707425,1.6967925570821447,0.25631983951791665
48730,경남,함안군,31.17903930131004,0.9731003098446994,0.2785397420511351
48870,경남,함양군,32.66375545851529,1.0194384198373045,1.027888310483015
48890,경남,합천군,45.655021834061145,1.4248968822725963,1.0727045315689996
47290,경북,경산시,-25.283842794759824,-0.7891107554622985,-0.036797910876480266
47130,경북,경주시,11.37554585152839,0.3550316956786335,0.10575992163018026
47830,경북,고령군,50.87336244541484,1.5877617100407213,0.39905290017160805
47190,경북,구미시,-56.11353711790392,-1.7513079806028553,0.7062473117108171
47150,경북,김천시,11.004366812227072,0.3434471681804821,0.2064771665846948
47280,경북,문경시,33.14410480349345,1.0344301613055,0.7283487729965055
47920,경북,봉화군,48.12227074235807,1.5018999179956005,0.8115010186940191
47250,경북,상주시,32.75109170305678,1.0221641910133403,0.5045705310305851
47840,경북,성주군,36.4410480349345,1.137328023200843,0.21862956307785328
47170,경북,안동시,2.6419213973799205,0.08245457807507628,0.9469783360743588
47770,경북,영덕군,39.65065502183407,1.2375001139201505,0.7676453074510183
47760,경북,영양군,28.77729257641922,0.8981416025037214,0.9429805383495065
47210,경북,영주시,24.323144104803497,0.7591272725259072,0.8399463878953619
47230,경북,영천시,20.43668122270743,0.6378304551923243,0.640458877397787
47900,경북,예천군,-8.296943231441045,-0.2589482617233794,0.9700338172716597
47940,경북,울릉군,35.96069868995634,1.1223362817326474,0.35571313847264224
47930,경북,울진군,11.397379912663755,0.35571313847264224,1.205608591160534
47730,경북,의성군,39.86899563318778,1.2443145418602395,0.39012599957009153
47820,경북,청도군,46.41921397379912,1.448747380062907,0.07544545219384186
47750,경북,청송군,49.25764192139738,1.5373349432840633,0.869813052067066
47850,경북,칠곡군,-25.24017467248908,-0.7877478698742807,-0.1258722189504999
47110,경북,포항시,8.951965065502199,0.2793915455436467,0.941924302018793
29200,광주,광산구,-67.7947598253275,-2.1158798753976136,-0.4679240518861067
29155,광주,남구,-12.5764192139738,-0.3925110493491226,-1.2659844227097221
29110,광주,동구,-43.27510917030567,-1.3506196177256262,-0.6386822586848353
29170,광주,북구,-20.065502183406103,-0.6262459276941728,-0.7951301668093769
29140,광주,서구,-34.890829694323145,-1.0889455848262115,-1.121314117541634
27720,대구,군위군,54.75982532751091,1.7090585273743042,0.13719714919379067
27200,대구,남구,-1.5720524017467263,-0.049063881168640425,-1.1393723515828698
27290,대구,달서구,-10.087336244541484,-0.31482657083210874,-0.2539055850477137
27710,대구,달성군,-42.05240174672489,-1.3124588212611286,0.1796531002387082
27140,대구,동구,-1.8340611353711789,-0.05724119469674709,-0.44430070169379865
27230,대구,북구,-30.436681222707424,-0.9499312548483974,-0.7306429637363355
27170,대구,서구,17.096069868995635,0.5335697077089634,-1.15163832187503
27260,대구,수성구,-28.864628820960693,-0.9008673736797569,-0.8474422586294599
27110,대구,중구,-65.02183406113538,-2.0293366405584847,-0.2897267612527812
30230,대전,대덕구,13.449781659388648,0.4197687611094783,-0.9307145680573463
30110,대전,동구,-10.262008733624445,-0.3202781131841796,0.28325305470969675
30170,대전,서구,-37.55458515283841,-1.172081605695296,-0.23884569930011712
30200,대전,유성구,-61.026200873362434,-1.9046326092548564,-0.7602630105159217
30140,대전,중구,-3.493449781659397,-0.10903084704142324,-0.05621903050573353
26440,부산,강서구,-62.81659388646288,-1.960510918363586,0.031073791406805377
26410,부산,금정구,16.98689956331879,0.5301624937389193,-0.3318626406823312
26710,부산,기장군,-31.048034934497814,-0.9690116530806463,-0.22470576132443254
26290,부산,남구,7.860262008733626,0.24531940584320158,-0.17802692993482347
26170,부산,동구,-8.078602620087349,-0.25213383378329096,0.08841720252265392
26260,부산,동래구,-17.947598253275114,-0.5601459766753105,0.1570725640190499
26230,부산,부산진구,-15.78602620087336,-0.49268314006842984,0.10630507586538726
26320,부산,북구,23.930131004366807,0.7468613022337468,-0.6476627012201667
26530,부산,사상구,19.78165938864629,0.6173871713720572,-0.17199616120784472
26380,부산,사하구,20.349344978165934,0.6351046840162883,-0.3772921602829238
26140,부산,서구,6.768558951965076,0.2112472661427572,0.1794920319419423
26500,부산,수영구,9.519650655021833,0.29710905818787736,-0.11346022520248078
26470,부산,연제구,-8.471615720524012,-0.2643998040754505,-0.1276001631781654
26200,부산,영도구,55.567685589519655,1.7342719107526336,0.3897852781730867
26110,부산,중구,12.489082969432308,0.3897852781730867,0.5644617810373666
26350,부산,해운대구,4.0174672489082965,0.1253854740976363,-0.17547151945729003
11680,서울,강남구,-47.37991266375545,-1.4787308629992981,-0.8878063867945865
11740,서울,강동구,-19.257641921397383,-0.6010325443158441,-0.9107482941928859
11305,서울,강북구,21.004366812227083,0.6555479678365556,-0.29029463024778845
11500,서울,강서구,-10.69868995633188,-0.33390696906435785,-0.7460825104691653
11620,서울,관악구,-16.681222707423583,-0.5206222946227946,-0.7304093262069609
11215,서울,광진구,-17.772925764192138,-0.5546944343232392,-0.7637026741428241
11530,서울,구로구,1.6593886462882068,0.051789652344675745,-0.43373833838666065
11545,서울,금천구,-2.4017467248908297,-0.07495870734097831,-0.36116468082471354
11350,서울,노원구,7.074235807860263,0.2207874652588814,-0.15926291585693564
11320,서울,도봉구,36.46288209606988,1.1380094659948523,-0.3369734616373977
11230,서울,동대문구,-27.947598253275107,-0.8722467763313835,-0.5385669548650287
11590,서울,동작구,-16.484716157205234,-0.5144893094767143,-1.064072922844887
11440,서울,마포구,-40.39301310043668,-1.2606691689164526,-0.6946822540067803
11410,서울,서대문구,-18.820960698689955,-0.5874036884356661,-0.7201146725688979
11650,서울,서초구,-43.14410480349344,-1.346530960961573,-0.9132469177709184
11200,서울,성동구,-29.08296943231441,-0.907681801619846,-0.8834224381531293
11290,서울,성북구,-14.519650655021838,-0.45315945801591423,-0.2913167944388018
11710,서울,송파구,-27.663755458515286,-0.863388020009268,-0.9219921002940327
11470,서울,양천구,3.5807860262008773,0.11175661821745857,-0.47070660996164315
11560,서울,영등포구,-46.76855895196507,-1.4596504647670496,-0.4850899203637594
11170,서울,용산구,-29.78165938864629,-0.9294879710281306,-1.0785292449749326
11380,서울,은평구,1.528384279475986,0.04770099558062258,-0.987921690614393
11110,서울,종로구,-34.78165938864629,-1.085538370856167,-0.5775227679225371
11140,서울,중구,-18.646288209606976,-0.5819521460835947,-0.9405046295312743
11260,서울,중랑구,11.266375545851526,0.3516244817085888,-0.5267552797688747
36110,세종,세종특별자치시,-60.2183406113537,-1.8794192258765274,-1.1679929489312428
31140,울산,남구,-25.589519650655024,-0.7986509545784232,-0.3457186441605118
31170,울산,동구,22.751091703056765,0.7100633913572666,-1.2852011095007727
31200,울산,북구,-41.17903930131004,-1.2852011095007727,0.10289786189534285
31710,울산,울주군,-17.68558951965065,-0.5519686631472036,-0.040375485545026915
31110,울산,중구,25.63318777292577,0.8000138401664408,-0.8786069090754665
28710,인천,강화군,45.4585152838428,1.418763897126516,0.23918642069712148
28245,인천,계양구,-3.5589519650654933,-0.11107517542344938,-0.6828056795969113
28200,인천,남동구,-10.89519650655022,-0.34003995421043787,-0.9089311134088622
28140,인천,동구,31.4410480349345,0.9812776233728063,-1.336536466649443
28177,인천,미추홀구,-18.66812227074236,-0.5826335888776039,-0.8395375222189568
28237,인천,부평구,-1.4410480349344943,-0.044975224404586914,-0.5356140360909902
28260,인천,서구,-49.67248908296944,-1.5502823563702326,-0.24020858488813485
28185,인천,연수구,-45.24017467248908,-1.411949469186427,-0.46133677154402086
28720,인천,옹진군,58.38427947598253,1.8221780311797806,1.418763897126516
28110,인천,중구,-60.13100436681224,-1.8766934547004925,0.19932201724760124
46810,전남,강진군,42.70742358078603,1.3329021050813954,0.4887648440028786
46770,전남,고흥군,33.31877729257642,1.0398817036575712,1.1012115551183719
46720,전남,곡성군,14.737991266375538,0.4599738859560027,-0.012152396493158496
46230,전남,광양시,-44.60698689956333,-1.3921876281601695,0.36354973060374485
46730,전남,구례군,31.2227074235808,0.9744631954327178,-0.0012265970292160144
46170,전남,나주시,-42.532751091703055,-1.327450562729324,-0.6142071050000159
46710,전남,담양군,8.40611353711791,0.2623554756934241,-0.147191643505921
46110,전남,목포시,-6.026200873362441,-0.18807821114645448,-0.694049485698058
46840,전남,무안군,-40.61135371179039,-1.2674835968565417,-0.17758399211871764
46780,전남,보성군,35.283842794759835,1.1012115551183719,-0.04548630650009372
46150,전남,순천시,-38.318777292576414,-1.1959321034856076,0.11255163481046887
46910,전남,신안군,2.882096069868995,0.08995044880917384,-1.2674835968565417
46130,전남,여수시,-0.6768558951964931,-0.021124726614275332,-1.2940598658228886
46870,전남,영광군,-4.475982532751094,-0.13969577277182327,0.47632851301221624
46830,전남,영암군,-3.864628820960703,-0.12061537453957431,-0.11603997292265736
46890,전남,완도군,31.746724890829697,0.9908178224889308,1.3329021050813954
46880,전남,장성군,-0.9825327510917026,-0.030664925730400243,-0.16772010767543882
46800,전남,장흥군,13.493449781659384,0.42113164669749586,0.4666179531975897
46900,전남,진도군,9.650655021834066,0.30119771495193093,0.663725281364662
46860,전남,함평군,21.09170305676856,0.6582737390125908,-0.9762349466971406
46820,전남,해남군,21.26637554585153,0.663725281364662,0.5044948151645839
46790,전남,화순군,-14.323144104803498,-0.4470264728698342,-0.2768702072058133
52790,전북,고창군,25.676855895196503,0.8013767257544583,0.0848396278541072
52130,전북,군산시,-1.9213973799126536,-0.05996696587278236,0.44748076806584003
52210,전북,김제시,-7.117903930130998,-0.22215035084689908,-0.12243255532359777
52190,전북,남원시,13.62445414847162,0.42522030346154954,0.918000792500552
52730,전북,무주군,21.572052401746728,0.6732654804807866,0.7520856969878152
52800,전북,부안군,19.21397379912664,0.5996696587278261,0.16309197536612846
52770,전북,순창군,-2.947598253275108,-0.09199477719120062,0.35400953148762004
52710,전북,완주군,-19.08296943231441,-0.5955810019637728,0.28177659532267746
52140,전북,익산시,12.96943231441048,0.40477701964128254,0.1288900370382536
52750,전북,임실군,35.1528384279476,1.0971228983543182,0.30290132193695307
52740,전북,장수군,40.69868995633188,1.2702093680325772,0.6950716498890711
52110,전북,전주시,-31.83406113537117,-0.9935435936649663,-0.13765144438979646
52180,전북,정읍시,-2.882096069868989,-0.08995044880917377,0.22253974672919
52720,전북,진안군,28.82096069868996,0.8995044880917391,0.6585463161301945
50130,제주,서귀포시,-1.2227074235807822,-0.03816079646449797,-1.0235270766013578
50110,제주,제주시,-32.79475982532751,-1.0235270766013578,-0.03816079646449797
44250,충남,계룡시,-31.96506550218341,-0.99763225042902,-0.6376600944938217
44150,충남,공주시,6.899563318777302,0.21533592290681053,-0.594218116375755
44710,충남,금산군,27.161572052401752,0.8477148357470633,0.1709664254302313
44230,충남,논산시,9.956331877729262,0.31073791406805545,0.0007787917645815795
44270,충남,당진시,-25.02183406113537,-0.7809334419341918,-0.8276122733238009
44180,충남,보령시,21.39737991266376,0.6678139381287155,0.7802519991401827
44760,충남,부여군,41.74672489082969,1.3029186221450038,0.6160242857840397
44210,충남,서산시,-10.567685589519648,-0.32981831230030434,0.24463796304919266
44770,충남,서천군,37.16157205240176,1.1598156354031368,0.5788856535105549
44200,충남,아산시,-60.043668122270745,-1.8739676835244568,-0.7014772121527548
44810,충남,예산군,18.951965065502183,0.5914923451997193,-0.3518516293065919
44130,충남,천안시,-58.799126637554586,-1.8351254442659497,-1.16643536540208
44790,충남,청양군,30.043668122270734,0.9376652845562369,0.4996338565673206
44825,충남,태안군,46.37554585152838,1.4473844944748893,-0.32981831230030434
44800,충남,홍성군,-8.951965065502176,-0.2793915455436461,0.4667883138960918
43760,충북,괴산군,36.68122270742358,1.1448238939349407,0.27442674804443873
43800,충북,단양군,53.75545851528385,1.6777121588498956,0.6926184558306393
43720,충북,보은군,29.86899563318778,0.9322137422041662,0.2911123616005995
43740,충북,영동군,35.10917030567686,1.0957600127663005,0.7285986353543088
43730,충북,옥천군,24.235807860262028,0.756401501349872,0.7155149337093382
43770,충북,음성군,3.886462882096076,0.12129681733358315,-0.2446379630491928
43150,충북,제천시,23.44978165938866,0.7318695607655517,0.6292442759878121
43745,충북,증평군,-3.0131004366812206,-0.09403910557322727,-0.26371836128144166
43750,충북,진천군,-37.59825327510917,-1.1734444912833144,-0.7126528739745006
43110,충북,청주시,-36.768558951965055,-1.147549665110976,-0.5233480657988299
43130,충북,충주시,1.6812227074235797,0.05247109513868469,0.4002340676812233
