시도,분석지역수,총인구_2016,총인구_2024,총인구_2025,고령인구_2016,고령인구_2025,청년인구_2016,청년인구_2025,고령화율_2016,고령화율_2025,고령화율변화폭_2016_2025,청년비율_2016,청년비율_2025,청년비율변화폭_2016_2025,인구증감률_2016_2025,청년전입_누적_2016_2025,청년전출_누적_2016_2025,청년순이동_누적_2016_2025,청년순이동률_2016_2025,사업체수_2024,종사자수_2024,인구천명당_사업체수_2024,인구천명당_종사자수_2024,사업체당_종사자수_2024
강원,18,1550806.0,1517766.0,1508500.0,266152.0,404489.0,370276.0,306805.0,17.16,26.81,9.65,23.88,20.34,-3.54,-2.73,800655.0,842619.0,-41964.0,-11.33,214203.0,751263.0,141.13,494.98,3.51
경기,31,12716780.0,13694685.0,13730135.0,1374475.0,2434194.0,3643196.0,3483051.0,10.81,17.73,6.92,28.65,25.37,-3.28,7.97,7912219.0,7384777.0,527442.0,14.48,1604724.0,6269495.0,117.18,457.8,3.91
경남,18,3373871.0,3228380.0,3207383.0,480278.0,745437.0,863615.0,631086.0,14.24,23.24,9.01,25.6,19.68,-5.92,-4.93,1496701.0,1620589.0,-123888.0,-14.35,403774.0,1557690.0,125.07,482.5,3.86
경북,22,2676227.0,2531384.0,2506526.0,483747.0,688172.0,644318.0,473345.0,18.08,27.46,9.38,24.08,18.88,-5.19,-6.34,1199321.0,1311576.0,-112255.0,-17.42,344568.0,1283224.0,136.12,506.93,3.72
광주,5,1469214.0,1408422.0,1392013.0,172572.0,261259.0,414797.0,344212.0,11.75,18.77,7.02,28.23,24.73,-3.5,-5.25,857375.0,903809.0,-46434.0,-11.19,175238.0,673601.0,124.42,478.27,3.84
대구,9,2508728.0,2363629.0,2353032.0,337571.0,519405.0,667273.0,538550.0,13.46,22.07,8.62,26.6,22.89,-3.71,-6.21,1290620.0,1364731.0,-74111.0,-11.11,286841.0,1021246.0,121.36,432.07,3.56
대전,5,1514370.0,1439157.0,1440729.0,171568.0,275406.0,435675.0,382693.0,11.33,19.12,7.79,28.77,26.56,-2.21,-4.86,1000940.0,1021429.0,-20489.0,-4.7,172209.0,706075.0,119.66,490.62,4.1
부산,16,3498529.0,3266598.0,3241600.0,536064.0,818835.0,938715.0,726994.0,15.32,25.26,9.94,26.83,22.43,-4.4,-7.34,1809784.0,1900429.0,-90645.0,-9.66,402419.0,1563954.0,123.19,478.77,3.89
서울,25,9930616.0,9331828.0,9299548.0,1295899.0,1900102.0,3063675.0,2717829.0,13.05,20.43,7.38,30.85,29.23,-1.63,-6.35,6731961.0,6659806.0,72155.0,2.36,1176066.0,5772456.0,126.03,618.58,4.91
세종,1,243048.0,390685.0,391965.0,24197.0,48115.0,72474.0,94271.0,9.96,12.28,2.32,29.82,24.05,-5.77,61.27,297222.0,229626.0,67596.0,93.27,36117.0,172001.0,92.45,440.25,4.76
울산,5,1172304.0,1098049.0,1091948.0,108768.0,202900.0,335848.0,247671.0,9.28,18.58,9.3,28.65,22.68,-5.97,-6.85,572599.0,618694.0,-46095.0,-13.72,116775.0,568107.0,106.35,517.38,4.86
인천,10,2943069.0,3021010.0,3051961.0,324255.0,575012.0,856765.0,769693.0,11.02,18.84,7.82,29.11,25.22,-3.89,3.7,1763334.0,1712113.0,51221.0,5.98,328929.0,1271660.0,108.88,420.94,3.87
전남,22,1903914.0,1788819.0,1779135.0,398916.0,506276.0,425915.0,329818.0,20.95,28.46,7.5,22.37,18.54,-3.83,-6.55,796821.0,873624.0,-76803.0,-18.03,253206.0,899604.0,141.55,502.9,3.55
전북,14,1864791.0,1738690.0,1724856.0,341203.0,458975.0,444987.0,345108.0,18.3,26.61,8.31,23.86,20.01,-3.85,-7.5,845930.0,932800.0,-86870.0,-19.52,252411.0,817157.0,145.17,469.98,3.24
제주,2,641597.0,670368.0,664792.0,89189.0,133551.0,163482.0,142688.0,13.9,20.09,6.19,25.48,21.46,-4.02,3.62,360778.0,353539.0,7239.0,4.43,100168.0,330702.0,149.42,493.31,3.3
충남,15,2096727.0,2136574.0,2136753.0,350108.0,500694.0,540833.0,464732.0,16.7,23.43,6.73,25.79,21.75,-4.04,1.91,1175922.0,1171635.0,4287.0,0.79,287424.0,1121335.0,134.53,524.83,3.9
충북,11,1591625.0,1591177.0,1596502.0,240690.0,368000.0,410724.0,360153.0,15.12,23.05,7.93,25.81,22.56,-3.25,0.31,878202.0,888588.0,-10386.0,-2.53,208190.0,861910.0,130.84,541.68,4.14
