시도,지역명,BASE_DATE,SIGUNGU_CD,SIGUNGU_NM,지역코드,cluster,cluster_name,고령화수요점수_100,인프라공급점수_100,미스매치점수_100,미스매치순위,우선검토지역
강원,강릉시,20250630,32030,강릉시,51150,1,일반도시_중간형,59.1703056768559,26.33187772925764,32.838427947598255,42,False
강원,고성군,20250630,32600,고성군,51820,2,고령화_청년유출형,76.9650655021834,24.58515283842795,52.379912663755455,9,True
강원,동해시,20250630,32040,동해시,51170,1,일반도시_중간형,58.73362445414847,31.70305676855895,27.03056768558952,58,False
강원,삼척시,20250630,32070,삼척시,51230,2,고령화_청년유출형,70.19650655021834,29.56331877729258,40.63318777292576,23,False
강원,속초시,20250630,32060,속초시,51210,1,일반도시_중간형,57.31441048034935,30.26200873362445,27.052401746724897,57,False
강원,양구군,20250630,32580,양구군,51800,2,고령화_청년유출형,64.8471615720524,43.10043668122271,21.746724890829693,71,False
강원,양양군,20250630,32610,양양군,51830,2,고령화_청년유출형,75.9825327510917,36.02620087336245,39.956331877729255,24,True
강원,영월군,20250630,32530,영월군,51750,2,고령화_청년유출형,86.68122270742357,48.34061135371179,38.340611353711786,28,True
강원,원주시,20250630,32020,원주시,51130,1,일반도시_중간형,29.47598253275109,55.58951965065502,-26.113537117903928,172,False
강원,인제군,20250630,32590,인제군,51810,2,고령화_청년유출형,58.95196506550218,32.83842794759825,26.113537117903928,60,False
강원,정선군,20250630,32550,정선군,51770,2,고령화_청년유출형,82.53275109170306,26.63755458515284,55.89519650655021,3,True
강원,철원군,20250630,32560,철원군,51780,2,고령화_청년유출형,67.24890829694323,40.26200873362445,26.986899563318783,59,False
강원,춘천시,20250630,32010,춘천시,51110,1,일반도시_중간형,34.825327510917035,57.64192139737992,-22.816593886462883,166,False
강원,태백시,20250630,32050,태백시,51190,2,고령화_청년유출형,79.25764192139738,43.36244541484716,35.89519650655023,35,True
강원,평창군,20250630,32540,평창군,51760,2,고령화_청년유출형,88.64628820960698,25.63318777292577,63.01310043668121,1,True
강원,홍천군,20250630,32510,홍천군,51720,2,고령화_청년유출형,86.24454148471615,39.86899563318778,46.37554585152838,16,True
강원,화천군,20250630,32570,화천군,51790,2,고령화_청년유출형,70.3056768558952,23.97379912663756,46.331877729257634,17,False
강원,횡성군,20250630,32520,횡성군,51730,2,고령화_청년유출형,90.6113537117904,40.65502183406114,49.95633187772925,11,True
경기,가평군,20250630,31570,가평군,41820,1,일반도시_중간형,77.83842794759825,64.19213973799125,13.646288209606992,85,False
경기,고양시,20250630,31101,고양시 덕양구,41280,1,일반도시_중간형,22.707423580786028,55.327510917030565,-32.62008733624454,187,False
경기,과천시,20250630,31110,과천시,41290,3,경제활동_청년유입형,5.458515283842795,47.46724890829695,-42.00873362445415,202,False
경기,광명시,20250630,31060,광명시,41210,1,일반도시_중간형,24.23580786026201,40.8296943231441,-16.593886462882097,153,False
경기,광주시,20250630,31250,광주시,41610,1,일반도시_중간형,27.292576419213976,37.81659388646288,-10.524017467248903,143,False
경기,구리시,20250630,31120,구리시,41310,1,일반도시_중간형,30.131004366812224,61.35371179039302,-31.222707423580797,183,False
경기,군포시,20250630,31160,군포시,41410,1,일반도시_중간형,42.03056768558952,44.01746724890829,-1.9868995633187725,122,False
경기,김포시,20250630,31230,김포시,41570,1,일반도시_중간형,9.825327510917033,52.882096069869,-43.056768558951966,207,False
경기,남양주시,20250630,31130,남양주시,41360,1,일반도시_중간형,22.707423580786024,53.05676855895196,-30.349344978165934,180,False
경기,동두천시,20250630,31080,동두천시,41250,1,일반도시_중간형,63.53711790393013,59.3886462882096,4.148471615720528,105,False
경기,부천시,20250630,31051,부천시 원미구,41190,1,일반도시_중간형,47.2707423580786,51.790393013100434,-4.5196506550218345,131,False
경기,성남시,20250630,31021,성남시 수정구,41130,3,경제활동_청년유입형,23.36244541484716,46.5938864628821,-23.23144104803493,167,False
경기,수원시,20250630,31011,수원시 장안구,41110,1,일반도시_중간형,12.336244541484715,54.49781659388646,-42.16157205240175,204,False
경기,시흥시,20250630,31150,시흥시,41390,1,일반도시_중간형,7.4235807860262,62.62008733624455,-55.19650655021835,218,False
경기,안산시,20250630,31091,안산시 상록구,41270,1,일반도시_중간형,24.235807860262007,62.70742358078603,-38.47161572052402,195,False
경기,안성시,20250630,31220,안성시,41550,1,일반도시_중간형,32.751091703056765,52.227074235807855,-19.47598253275109,163,False
경기,안양시,20250630,31041,안양시 만안구,41170,1,일반도시_중간형,27.510917030567683,42.18340611353712,-14.672489082969433,150,False
경기,양주시,20250630,31260,양주시,41630,1,일반도시_중간형,12.554585152838428,55.45851528384279,-42.903930131004365,206,False
경기,양평군,20250630,31580,양평군,41830,1,일반도시_중간형,74.45414847161572,51.35371179039301,23.100436681222718,69,False
경기,여주시,20250630,31280,여주시,41670,1,일반도시_중간형,63.53711790393013,57.64192139737992,5.895196506550215,104,False
경기,연천군,20250630,31550,연천군,41800,2,고령화_청년유출형,75.9825327510917,52.66375545851528,23.31877729257642,68,False
경기,오산시,20250630,31140,오산시,41370,1,일반도시_중간형,4.585152838427948,65.28384279475982,-60.69868995633186,225,False
경기,용인시,20250630,31191,용인시 처인구,41460,1,일반도시_중간형,12.882096069868997,51.74672489082969,-38.86462882096069,196,False
경기,의왕시,20250630,31170,의왕시,41430,1,일반도시_중간형,30.13100436681223,40.21834061135371,-10.08733624454148,140,False
경기,의정부시,20250630,31030,의정부시,41150,1,일반도시_중간형,26.310043668122272,54.67248908296944,-28.36244541484716,176,False
경기,이천시,20250630,31210,이천시,41500,3,경제활동_청년유입형,19.21397379912664,58.25327510917031,-39.03930131004367,197,False
경기,파주시,20250630,31200,파주시,41480,1,일반도시_중간형,9.27947598253275,57.81659388646288,-48.53711790393014,214,False
경기,평택시,20250630,31070,평택시,41220,3,경제활동_청년유입형,3.930131004366813,58.34061135371179,-54.41048034934498,217,False
경기,포천시,20250630,31270,포천시,41650,2,고령화_청년유출형,72.92576419213974,41.65938864628821,31.26637554585153,48,False
경기,하남시,20250630,31180,하남시,41450,1,일반도시_중간형,8.842794759825328,48.90829694323144,-40.06550218340611,198,False
경기,화성시,20250630,31240,화성시,41590,3,경제활동_청년유입형,1.9650655021834056,58.42794759825327,-56.46288209606987,220,False
경남,거제시,20250630,38090,거제시,48310,1,일반도시_중간형,26.85589519650655,53.406113537117896,-26.55021834061134,173,False
경남,거창군,20250630,38590,거창군,48880,2,고령화_청년유출형,58.07860262008734,56.2882096069869,1.7903930131004442,111,False
경남,고성군,20250630,38540,고성군,48820,2,고령화_청년유출형,86.8995633187773,48.20960698689956,38.68995633187773,27,True
경남,김해시,20250630,38070,김해시,48250,1,일반도시_중간형,15.72052401746725,69.08296943231441,-53.36244541484716,216,False
경남,남해군,20250630,38550,남해군,48840,2,고령화_청년유출형,68.99563318777294,36.81222707423581,32.183406113537124,45,False
경남,밀양시,20250630,38080,밀양시,48270,2,고령화_청년유출형,84.06113537117903,47.903930131004365,36.15720524017468,33,True
경남,사천시,20250630,38060,사천시,48240,1,일반도시_중간형,46.61572052401747,54.716157205240165,-8.1004366812227,136,False
경남,산청군,20250630,38570,산청군,48860,2,고령화_청년유출형,91.70305676855897,37.51091703056769,54.19213973799126,7,True
경남,양산시,20250630,38100,양산시,48330,1,일반도시_중간형,27.83842794759825,59.95633187772926,-32.11790393013101,186,False
경남,의령군,20250630,38510,의령군,48720,2,고령화_청년유출형,83.1877729257642,54.23580786026201,28.951965065502183,53,False
경남,진주시,20250630,38030,진주시,48170,1,일반도시_중간형,34.82532751091703,56.33187772925764,-21.50655021834061,165,False
경남,창녕군,20250630,38530,창녕군,48740,2,고령화_청년유출형,90.17467248908298,56.20087336244541,33.97379912663756,39,False
경남,창원시,20250630,38111,창원시 의창구,48120,1,일반도시_중간형,44.97816593886463,50.69868995633188,-5.720524017467249,132,False
경남,통영시,20250630,38050,통영시,48220,2,고령화_청년유출형,70.96069868995633,47.6419213973799,23.31877729257643,67,False
경남,하동군,20250630,38560,하동군,48850,2,고령화_청년유출형,96.0698689956332,41.70305676855895,54.36681222707425,6,True
경남,함안군,20250630,38520,함안군,48730,2,고령화_청년유출형,81.4410480349345,50.262008733624455,31.17903930131004,50,True
경남,함양군,20250630,38580,함양군,48870,2,고령화_청년유출형,78.82096069868996,46.15720524017467,32.66375545851529,44,True
경남,합천군,20250630,38600,합천군,48890,2,고령화_청년유출형,91.8122270742358,46.15720524017466,45.655021834061145,18,True
경북,경산시,20250630,37100,경산시,47290,1,일반도시_중간형,35.37117903930132,60.65502183406114,-25.283842794759824,170,False
경북,경주시,20250630,37020,경주시,47130,1,일반도시_중간형,61.68122270742358,50.30567685589519,11.37554585152839,92,False
경북,고령군,20250630,37570,고령군,47830,2,고령화_청년유출형,91.48471615720524,40.6113537117904,50.87336244541484,10,True
경북,구미시,20250630,37050,구미시,47190,1,일반도시_중간형,11.790393013100436,67.90393013100436,-56.11353711790392,219,False
경북,김천시,20250630,37030,김천시,47150,2,고령화_청년유출형,53.493449781659386,42.48908296943231,11.004366812227072,94,False
경북,문경시,20250630,37090,문경시,47280,2,고령화_청년유출형,81.4410480349345,48.29694323144104,33.14410480349345,41,True
경북,봉화군,20250630,37610,봉화군,47920,2,고령화_청년유출형,96.5065502183406,48.38427947598253,48.12227074235807,13,True
경북,상주시,20250630,37080,상주시,47250,2,고령화_청년유출형,78.82096069868996,46.06986899563318,32.75109170305678,43,True
경북,성주군,20250630,37580,성주군,47840,2,고령화_청년유출형,93.3406113537118,56.89956331877729,36.4410480349345,32,False
경북,안동시,20250630,37040,안동시,47170,2,고령화_청년유출형,57.31441048034935,54.67248908296944,2.6419213973799205,110,False
경북,영덕군,20250630,37550,영덕군,47770,2,고령화_청년유출형,90.17467248908298,50.5240174672489,39.65065502183407,26,True
경북,영양군,20250630,37540,영양군,47760,2,고령화_청년유출형,75.764192139738,46.98689956331877,28.77729257641922,55,True
경북,영주시,20250630,37060,영주시,47210,2,고령화_청년유출형,70.3056768558952,45.982532751091696,24.323144104803497,63,False
경북,영천시,20250630,37070,영천시,47230,2,고령화_청년유출형,72.0524017467249,51.61572052401746,20.43668122270743,77,False
경북,예천군,20250630,37600,예천군,47900,2,고령화_청년유출형,36.68122270742359,44.97816593886463,-8.296943231441045,137,False
경북,울릉군,20250630,37630,울릉군,47940,2,고령화_청년유출형,66.04803493449782,30.087336244541486,35.96069868995634,34,False
경북,울진군,20250630,37620,울진군,47930,2,고령화_청년유출형,59.82532751091703,48.42794759825327,11.397379912663755,91,False
경북,의성군,20250630,37520,의성군,47730,2,고령화_청년유출형,93.23144104803494,53.36244541484716,39.86899563318778,25,False
경북,청도군,20250630,37560,청도군,47820,2,고령화_청년유출형,97.37991266375543,50.96069868995633,46.41921397379912,14,True
경북,청송군,20250630,37530,청송군,47750,2,고령화_청년유출형,92.79475982532752,43.53711790393013,49.25764192139738,12,True
경북,칠곡군,20250630,37590,칠곡군,47850,2,고령화_청년유출형,44.97816593886464,70.21834061135371,-25.24017467248908,169,False
경북,포항시,20250630,37011,포항시 남구,47110,1,일반도시_중간형,56.98689956331878,48.034934497816586,8.951965065502199,98,False
광주,광산구,20250630,24050,광산구,29200,1,일반도시_중간형,4.6943231441048034,72.4890829694323,-67.7947598253275,229,False
광주,남구,20250630,24030,남구,29155,1,일반도시_중간형,37.55458515283843,50.13100436681223,-12.5764192139738,147,False
광주,동구,20250630,24010,동구,29110,3,경제활동_청년유입형,26.85589519650655,70.13100436681222,-43.27510917030567,209,False
광주,북구,20250630,24040,북구,29170,1,일반도시_중간형,31.11353711790393,51.179039301310034,-20.065502183406103,164,False
광주,서구,20250630,24020,서구,29140,1,일반도시_중간형,29.694323144104807,64.58515283842794,-34.890829694323145,190,False
대구,군위군,20250630,22520,군위군,27720,2,고령화_청년유출형,96.2882096069869,41.52838427947599,54.75982532751091,5,True
대구,남구,20250630,22040,남구,27200,1,일반도시_중간형,57.86026200873362,59.432314410480345,-1.5720524017467263,119,False
대구,달서구,20250630,22070,달서구,27290,1,일반도시_중간형,47.81659388646288,57.903930131004365,-10.087336244541484,141,False
대구,달성군,20250630,22510,달성군,27710,1,일반도시_중간형,18.34061135371179,60.39301310043668,-42.05240174672489,203,False
대구,동구,20250630,22020,동구,27140,1,일반도시_중간형,48.03493449781659,49.86899563318777,-1.8340611353711789,120,False
대구,북구,20250630,22050,북구,27230,1,일반도시_중간형,34.27947598253275,64.71615720524018,-30.436681222707424,181,False
대구,서구,20250630,22030,서구,27170,1,일반도시_중간형,73.2532751091703,56.15720524017467,17.096069868995635,82,False
대구,수성구,20250630,22060,수성구,27260,1,일반도시_중간형,29.912663755458517,58.77729257641921,-28.864628820960693,177,False
대구,중구,20250630,22010,중구,27110,3,경제활동_청년유입형,7.641921397379914,72.66375545851528,-65.02183406113538,228,False
대전,대덕구,20250630,25050,대덕구,30230,1,일반도시_중간형,55.67685589519651,42.22707423580786,13.449781659388648,88,False
대전,동구,20250630,25010,동구,30110,1,일반도시_중간형,45.414847161572055,55.676855895196496,-10.262008733624445,142,False
대전,서구,20250630,25030,서구,30170,1,일반도시_중간형,19.650655021834066,57.20524017467248,-37.55458515283841,192,False
대전,유성구,20250630,25040,유성구,30200,3,경제활동_청년유입형,7.969432314410481,68.99563318777292,-61.026200873362434,226,False
대전,중구,20250630,25020,중구,30140,1,일반도시_중간형,48.68995633187773,52.18340611353712,-3.493449781659397,127,False
부산,강서구,20250630,21120,강서구,26440,3,경제활동_청년유입형,5.131004366812227,67.9475982532751,-62.81659388646288,227,False
부산,금정구,20250630,21110,금정구,26410,1,일반도시_중간형,71.83406113537119,54.84716157205239,16.98689956331879,83,False
부산,기장군,20250630,21510,기장군,26710,1,일반도시_중간형,30.13100436681223,61.17903930131005,-31.048034934497814,182,False
부산,남구,20250630,21070,남구,26290,1,일반도시_중간형,48.90829694323144,41.04803493449782,7.860262008733626,100,False
부산,동구,20250630,21030,동구,26170,3,경제활동_청년유입형,51.96506550218341,60.04366812227075,-8.078602620087349,135,False
부산,동래구,20250630,21060,동래구,26260,1,일반도시_중간형,43.01310043668122,60.96069868995634,-17.947598253275114,157,False
부산,부산진구,20250630,21050,부산진구,26230,1,일반도시_중간형,38.53711790393013,54.32314410480349,-15.78602620087336,151,False
부산,북구,20250630,21080,북구,26320,1,일반도시_중간형,70.74235807860262,46.81222707423581,23.930131004366807,65,False
부산,사상구,20250630,21150,사상구,26530,1,일반도시_중간형,73.58078602620087,53.799126637554586,19.78165938864629,79,False
부산,사하구,20250630,21100,사하구,26380,1,일반도시_중간형,71.61572052401746,51.26637554585153,20.349344978165934,78,False
부산,서구,20250630,21020,서구,26140,1,일반도시_중간형,62.22707423580787,55.45851528384279,6.768558951965076,103,False
부산,수영구,20250630,21140,수영구,26500,1,일반도시_중간형,57.20524017467249,47.685589519650655,9.519650655021833,97,False
부산,연제구,20250630,21130,연제구,26470,1,일반도시_중간형,45.414847161572055,53.88646288209606,-8.471615720524012,138,False
부산,영도구,20250630,21040,영도구,26200,2,고령화_청년유출형,84.60698689956332,29.03930131004367,55.567685589519655,4,True
부산,중구,20250630,21010,중구,26110,3,경제활동_청년유입형,80.34934497816593,67.86026200873363,12.489082969432308,90,False
부산,해운대구,20250630,21090,해운대구,26350,1,일반도시_중간형,52.838427947598255,48.82096069868996,4.0174672489082965,106,False
서울,강남구,20250630,11230,강남구,11680,3,경제활동_청년유입형,13.75545851528384,61.13537117903929,-47.37991266375545,213,False
서울,강동구,20250630,11250,강동구,11740,1,일반도시_중간형,25.982532751091703,45.24017467248909,-19.257641921397383,162,False
서울,강북구,20250630,11090,강북구,11305,1,일반도시_중간형,58.296943231441055,37.29257641921397,21.004366812227083,76,False
서울,강서구,20250630,11160,강서구,11500,3,경제활동_청년유입형,36.46288209606987,47.16157205240175,-10.69868995633188,145,False
서울,관악구,20250630,11210,관악구,11620,1,일반도시_중간형,18.77729257641921,35.45851528384279,-16.681222707423583,154,False
서울,광진구,20250630,11050,광진구,11215,1,일반도시_중간형,21.61572052401747,39.38864628820961,-17.772925764192138,156,False
서울,구로구,20250630,11170,구로구,11530,1,일반도시_중간형,44.75982532751092,43.10043668122271,1.6593886462882068,113,False
서울,금천구,20250630,11180,금천구,11545,3,경제활동_청년유입형,39.956331877729255,42.35807860262008,-2.4017467248908297,123,False
서울,노원구,20250630,11110,노원구,11350,1,일반도시_중간형,42.5764192139738,35.50218340611354,7.074235807860263,101,False
서울,도봉구,20250630,11100,도봉구,11320,1,일반도시_중간형,66.15720524017468,29.6943231441048,36.46288209606988,31,False
서울,동대문구,20250630,11060,동대문구,11230,1,일반도시_중간형,22.925764192139734,50.87336244541485,-27.947598253275107,175,False
서울,동작구,20250630,11200,동작구,11590,1,일반도시_중간형,23.689956331877728,40.174672489082965,-16.484716157205234,152,False
서울,마포구,20250630,11140,마포구,11440,3,경제활동_청년유입형,9.170305676855897,49.56331877729257,-40.39301310043668,199,False
서울,서대문구,20250630,11130,서대문구,11410,1,일반도시_중간형,20.3056768558952,39.12663755458515,-18.820960698689955,160,False
서울,서초구,20250630,11220,서초구,11650,3,경제활동_청년유입형,13.537117903930133,56.68122270742357,-43.14410480349344,208,False
서울,성동구,20250630,11040,성동구,11200,3,경제활동_청년유입형,19.650655021834066,48.73362445414847,-29.08296943231441,178,False
서울,성북구,20250630,11080,성북구,11290,1,일반도시_중간형,25.0,39.51965065502184,-14.519650655021838,149,False
서울,송파구,20250630,11240,송파구,11710,3,경제활동_청년유입형,22.816593886462883,50.48034934497817,-27.663755458515286,174,False
서울,양천구,20250630,11150,양천구,11470,1,일반도시_중간형,36.02620087336245,32.44541484716157,3.5807860262008773,108,False
서울,영등포구,20250630,11190,영등포구,11560,3,경제활동_청년유입형,14.628820960698691,61.397379912663766,-46.76855895196507,212,False
서울,용산구,20250630,11030,용산구,11170,3,경제활동_청년유입형,14.41048034934498,44.19213973799126,-29.78165938864629,179,False
서울,은평구,20250630,11120,은평구,11380,1,일반도시_중간형,37.117903930131,35.58951965065501,1.528384279475986,114,False
서울,종로구,20250630,11010,종로구,11110,3,경제활동_청년유입형,26.52838427947598,61.31004366812227,-34.78165938864629,189,False
서울,중구,20250630,11020,중구,11140,3,경제활동_청년유입형,31.65938864628821,50.30567685589519,-18.646288209606976,158,False
서울,중랑구,20250630,11070,중랑구,11260,1,일반도시_중간형,50.21834061135371,38.95196506550218,11.266375545851526,93,False
세종,세종특별자치시,20250630,29010,세종시,36110,1,일반도시_중간형,1.310043668122271,61.52838427947598,-60.2183406113537,224,False
울산,남구,20250630,26020,남구,31140,1,일반도시_중간형,34.06113537117904,59.65065502183406,-25.589519650655024,171,False
울산,동구,20250630,26030,동구,31170,1,일반도시_중간형,52.40174672489083,29.650655021834066,22.751091703056765,70,False
울산,북구,20250630,26040,북구,31200,1,일반도시_중간형,9.60698689956332,50.78602620087336,-41.17903930131004,201,False
울산,울주군,20250630,26510,울주군,31710,1,일반도시_중간형,43.44978165938865,61.135371179039296,-17.68558951965065,155,False
울산,중구,20250630,26010,중구,31110,1,일반도시_중간형,54.58515283842795,28.951965065502183,25.63318777292577,62,False
인천,강화군,20250630,23510,강화군,28710,2,고령화_청년유출형,85.37117903930131,39.91266375545852,45.4585152838428,19,True
인천,계양구,20250630,23070,계양구,28245,1,일반도시_중간형,50.76419213973799,54.32314410480349,-3.5589519650654933,128,False
인천,남동구,20250630,23050,남동구,28200,1,일반도시_중간형,47.05240174672489,57.94759825327511,-10.89519650655022,146,False
인천,동구,20250630,23020,동구,28140,1,일반도시_중간형,66.8122270742358,35.37117903930131,31.4410480349345,47,False
인천,미추홀구,20250630,23090,미추홀구,28177,1,일반도시_중간형,32.20524017467249,50.87336244541485,-18.66812227074236,159,False
인천,부평구,20250630,23060,부평구,28237,1,일반도시_중간형,39.73799126637555,41.17903930131004,-1.4410480349344943,118,False
인천,서구,20250630,23080,서구,28260,1,일반도시_중간형,8.842794759825328,58.515283842794766,-49.67248908296944,215,False
인천,연수구,20250630,23040,연수구,28185,1,일반도시_중간형,6.986899563318777,52.227074235807855,-45.24017467248908,211,False
인천,옹진군,20250630,23520,옹진군,28720,2,고령화_청년유출형,87.77292576419214,29.388646288209607,58.38427947598253,2,True
인천,중구,20250630,23010,중구,28110,3,경제활동_청년유입형,5.021834061135371,65.1528384279476,-60.13100436681224,223,False
전남,강진군,20250630,36590,강진군,46810,2,고령화_청년유출형,73.14410480349345,30.436681222707424,42.70742358078603,20,True
전남,고흥군,20250630,36550,고흥군,46770,2,고령화_청년유출형,78.38427947598254,45.06550218340612,33.31877729257642,40,True
전남,곡성군,20250630,36520,곡성군,46720,2,고령화_청년유출형,65.39301310043668,50.655021834061145,14.737991266375538,84,False
전남,광양시,20250630,36060,광양시,46230,1,일반도시_중간형,15.174672489082967,59.78165938864629,-44.60698689956333,210,False
전남,구례군,20250630,36530,구례군,46730,2,고령화_청년유출형,83.4061135371179,52.18340611353711,31.2227074235808,49,False
전남,나주시,20250630,36040,나주시,46170,1,일반도시_중간형,26.855895196506545,69.3886462882096,-42.532751091703055,205,False
전남,담양군,20250630,36510,담양군,46710,2,고령화_청년유출형,64.95633187772926,56.55021834061135,8.40611353711791,99,False
전남,목포시,20250630,36010,목포시,46110,1,일반도시_중간형,47.37991266375546,53.4061135371179,-6.026200873362441,133,False
전남,무안군,20250630,36620,무안군,46840,1,일반도시_중간형,17.68558951965066,58.29694323144105,-40.61135371179039,200,False
전남,보성군,20250630,36560,보성군,46780,2,고령화_청년유출형,81.6593886462882,46.37554585152838,35.283842794759835,36,True
전남,순천시,20250630,36030,순천시,46150,1,일반도시_중간형,27.40174672489083,65.72052401746724,-38.318777292576414,194,False
전남,신안군,20250630,36680,신안군,46910,2,고령화_청년유출형,48.68995633187773,45.80786026200873,2.882096069868995,109,False
전남,여수시,20250630,36020,여수시,46130,1,일반도시_중간형,50.32751091703057,51.00436681222706,-0.6768558951964931,115,False
전남,영광군,20250630,36640,영광군,46870,2,고령화_청년유출형,38.53711790393013,43.01310043668122,-4.475982532751094,130,False
전남,영암군,20250630,36610,영암군,46830,2,고령화_청년유출형,51.637554585152834,55.50218340611354,-3.864628820960703,129,False
전남,완도군,20250630,36660,완도군,46890,2,고령화_청년유출형,68.12227074235808,36.37554585152839,31.746724890829697,46,False
전남,장성군,20250630,36650,장성군,46880,2,고령화_청년유출형,53.38427947598253,54.36681222707424,-0.9825327510917026,116,False
전남,장흥군,20250630,36580,장흥군,46800,2,고령화_청년유출형,70.74235807860262,57.24890829694324,13.493449781659384,87,False
전남,진도군,20250630,36670,진도군,46900,2,고령화_청년유출형,60.480349344978166,50.8296943231441,9.650655021834066,96,False
전남,함평군,20250630,36630,함평군,46860,2,고령화_청년유출형,76.41921397379913,55.327510917030565,21.09170305676856,75,False
전남,해남군,20250630,36600,해남군,46820,2,고령화_청년유출형,74.0174672489083,52.751091703056765,21.26637554585153,74,False
전남,화순군,20250630,36570,화순군,46790,2,고령화_청년유출형,53.05676855895196,67.37991266375546,-14.323144104803498,148,False
전북,고창군,20250630,35570,고창군,52790,2,고령화_청년유출형,83.84279475982532,58.16593886462882,25.676855895196503,61,False
전북,군산시,20250630,35020,군산시,52130,1,일반도시_중간형,46.943231441048034,48.86462882096069,-1.9213973799126536,121,False
전북,김제시,20250630,35060,김제시,52210,2,고령화_청년유출형,54.58515283842795,61.70305676855895,-7.117903930130998,134,False
전북,남원시,20250630,35050,남원시,52190,2,고령화_청년유출형,66.5938864628821,52.96943231441047,13.62445414847162,86,False
전북,무주군,20250630,35530,무주군,52730,2,고령화_청년유출형,70.08733624454149,48.51528384279476,21.572052401746728,72,False
전북,부안군,20250630,35580,부안군,52800,2,고령화_청년유출형,79.91266375545851,60.69868995633188,19.21397379912664,80,False
전북,순창군,20250630,35560,순창군,52770,2,고령화_청년유출형,55.34934497816594,58.29694323144105,-2.947598253275108,125,False
전북,완주군,20250630,35510,완주군,52710,1,일반도시_중간형,37.99126637554585,57.07423580786026,-19.08296943231441,161,False
전북,익산시,20250630,35030,익산시,52140,1,일반도시_중간형,52.62008733624454,39.650655021834055,12.96943231441048,89,False
전북,임실군,20250630,35550,임실군,52750,2,고령화_청년유출형,87.77292576419214,52.62008733624454,35.1528384279476,37,False
전북,장수군,20250630,35540,장수군,52740,2,고령화_청년유출형,82.75109170305677,42.05240174672489,40.69868995633188,22,True
전북,전주시,20250630,35011,전주시 완산구,52110,1,일반도시_중간형,24.45414847161572,56.2882096069869,-31.83406113537117,184,False
전북,정읍시,20250630,35040,정읍시,52180,2,고령화_청년유출형,56.11353711790393,58.99563318777293,-2.882096069868989,124,False
전북,진안군,20250630,35520,진안군,52720,2,고령화_청년유출형,79.25764192139738,50.43668122270743,28.82096069868996,54,True
제주,서귀포시,20250630,39020,서귀포시,50130,1,일반도시_중간형,33.624454148471614,34.8471615720524,-1.2227074235807822,117,False
제주,제주시,20250630,39010,제주시,50110,1,일반도시_중간형,14.192139737991264,46.98689956331877,-32.79475982532751,188,False
충남,계룡시,20250630,34070,계룡시,44250,1,일반도시_중간형,16.812227074235807,48.77729257641922,-31.96506550218341,185,False
충남,공주시,20250630,34020,공주시,44150,2,고령화_청년유출형,70.08733624454149,63.187772925764186,6.899563318777302,102,False
충남,금산군,20250630,34510,금산군,44710,2,고령화_청년유출형,79.6943231441048,52.532751091703055,27.161572052401752,56,False
충남,논산시,20250630,34060,논산시,44230,2,고령화_청년유출형,69.43231441048034,59.47598253275108,9.956331877729262,95,False
충남,당진시,20250630,34080,당진시,44270,1,일반도시_중간형,26.85589519650655,51.87772925764192,-25.02183406113537,168,False
충남,보령시,20250630,34030,보령시,44180,2,고령화_청년유출형,71.39737991266375,49.99999999999999,21.39737991266376,73,False
충남,부여군,20250630,34530,부여군,44760,2,고령화_청년유출형,94.5414847161572,52.79475982532751,41.74672489082969,21,False
충남,서산시,20250630,34050,서산시,44210,1,일반도시_중간형,33.842794759825324,44.41048034934497,-10.567685589519648,144,False
충남,서천군,20250630,34540,서천군,44770,2,고령화_청년유출형,91.04803493449782,53.88646288209606,37.16157205240176,29,False
충남,아산시,20250630,34040,아산시,44200,3,경제활동_청년유입형,5.676855895196507,65.72052401746726,-60.043668122270745,222,False
충남,예산군,20250630,34570,예산군,44810,2,고령화_청년유출형,62.66375545851528,43.711790393013096,18.951965065502183,81,False
충남,천안시,20250630,34011,천안시 동남구,44130,1,일반도시_중간형,8.187772925764191,66.98689956331879,-58.799126637554586,221,False
충남,청양군,20250630,34550,청양군,44790,2,고령화_청년유출형,79.03930131004367,48.99563318777293,30.043668122270734,51,True
충남,태안군,20250630,34580,태안군,44825,2,고령화_청년유출형,87.55458515283843,41.17903930131004,46.37554585152838,15,True
충남,홍성군,20250630,34560,홍성군,44800,1,일반도시_중간형,39.73799126637555,48.68995633187773,-8.951965065502176,139,False
충북,괴산군,20250630,33560,괴산군,43760,2,고령화_청년유출형,86.68122270742357,50.0,36.68122270742358,30,True
충북,단양군,20250630,33580,단양군,43800,2,고령화_청년유출형,93.23144104803494,39.47598253275109,53.75545851528385,8,True
충북,보은군,20250630,33520,보은군,43720,2,고령화_청년유출형,90.39301310043668,60.5240174672489,29.86899563318778,52,False
충북,영동군,20250630,33540,영동군,43740,2,고령화_청년유출형,87.55458515283843,52.445414847161565,35.10917030567686,38,False
충북,옥천군,20250630,33530,옥천군,43730,2,고령화_청년유출형,77.5109170305677,53.27510917030567,24.235807860262028,64,False
충북,음성군,20250630,33570,음성군,43770,2,고령화_청년유출형,55.4585152838428,51.57205240174672,3.886462882096076,107,False
충북,제천시,20250630,33030,제천시,43150,2,고령화_청년유출형,69.86899563318778,46.41921397379912,23.44978165938866,66,False
충북,증평군,20250630,33590,증평군,43745,1,일반도시_중간형,43.44978165938864,46.46288209606986,-3.0131004366812206,126,False
충북,진천군,20250630,33550,진천군,43750,3,경제활동_청년유입형,17.903930131004365,55.50218340611354,-37.59825327510917,193,False
충북,청주시,20250630,33041,청주시 상당구,43110,1,일반도시_중간형,16.812227074235807,53.58078602620087,-36.768558951965055,191,False
충북,충주시,20250630,33020,충주시,43130,1,일반도시_중간형,49.0174672489083,47.33624454148472,1.6812227074235797,112,False
