지역코드,시도,지역명,cluster,cluster_name,고령화수요점수_100,인프라공급점수_100,미스매치점수_100,미스매치순위
51760,강원,평창군,2,고령화_청년유출형,88.64628820960698,25.63318777292577,63.01310043668121,1
28720,인천,옹진군,2,고령화_청년유출형,87.77292576419214,29.388646288209607,58.38427947598253,2
51770,강원,정선군,2,고령화_청년유출형,82.53275109170306,26.63755458515284,55.89519650655021,3
26200,부산,영도구,2,고령화_청년유출형,84.60698689956332,29.03930131004367,55.567685589519655,4
27720,대구,군위군,2,고령화_청년유출형,96.2882096069869,41.52838427947599,54.75982532751091,5
48850,경남,하동군,2,고령화_청년유출형,96.0698689956332,41.70305676855895,54.36681222707425,6
48860,경남,산청군,2,고령화_청년유출형,91.70305676855897,37.51091703056769,54.19213973799126,7
43800,충북,단양군,2,고령화_청년유출형,93.23144104803494,39.47598253275109,53.75545851528385,8
51820,강원,고성군,2,고령화_청년유출형,76.9650655021834,24.58515283842795,52.379912663755455,9
47830,경북,고령군,2,고령화_청년유출형,91.48471615720524,40.6113537117904,50.87336244541484,10
51730,강원,횡성군,2,고령화_청년유출형,90.6113537117904,40.65502183406114,49.95633187772925,11
47750,경북,청송군,2,고령화_청년유출형,92.79475982532752,43.53711790393013,49.25764192139738,12
47920,경북,봉화군,2,고령화_청년유출형,96.5065502183406,48.38427947598253,48.12227074235807,13
47820,경북,청도군,2,고령화_청년유출형,97.37991266375543,50.96069868995633,46.41921397379912,14
44825,충남,태안군,2,고령화_청년유출형,87.55458515283843,41.17903930131004,46.37554585152838,15
51720,강원,홍천군,2,고령화_청년유출형,86.24454148471615,39.86899563318778,46.37554585152838,16
48890,경남,합천군,2,고령화_청년유출형,91.8122270742358,46.15720524017466,45.655021834061145,18
28710,인천,강화군,2,고령화_청년유출형,85.37117903930131,39.91266375545852,45.4585152838428,19
46810,전남,강진군,2,고령화_청년유출형,73.14410480349345,30.436681222707424,42.70742358078603,20
52740,전북,장수군,2,고령화_청년유출형,82.75109170305677,42.05240174672489,40.69868995633188,22
51830,강원,양양군,2,고령화_청년유출형,75.9825327510917,36.02620087336245,39.956331877729255,24
47770,경북,영덕군,2,고령화_청년유출형,90.17467248908298,50.5240174672489,39.65065502183407,26
48820,경남,고성군,2,고령화_청년유출형,86.8995633187773,48.20960698689956,38.68995633187773,27
51750,강원,영월군,2,고령화_청년유출형,86.68122270742357,48.34061135371179,38.340611353711786,28
43760,충북,괴산군,2,고령화_청년유출형,86.68122270742357,50.0,36.68122270742358,30
48270,경남,밀양시,2,고령화_청년유출형,84.06113537117903,47.903930131004365,36.15720524017468,33
51190,강원,태백시,2,고령화_청년유출형,79.25764192139738,43.36244541484716,35.89519650655023,35
46780,전남,보성군,2,고령화_청년유출형,81.6593886462882,46.37554585152838,35.283842794759835,36
46770,전남,고흥군,2,고령화_청년유출형,78.38427947598254,45.06550218340612,33.31877729257642,40
47280,경북,문경시,2,고령화_청년유출형,81.4410480349345,48.29694323144104,33.14410480349345,41
47250,경북,상주시,2,고령화_청년유출형,78.82096069868996,46.06986899563318,32.75109170305678,43
48870,경남,함양군,2,고령화_청년유출형,78.82096069868996,46.15720524017467,32.66375545851529,44
48730,경남,함안군,2,고령화_청년유출형,81.4410480349345,50.262008733624455,31.17903930131004,50
44790,충남,청양군,2,고령화_청년유출형,79.03930131004367,48.99563318777293,30.043668122270734,51
52720,전북,진안군,2,고령화_청년유출형,79.25764192139738,50.43668122270743,28.82096069868996,54
47760,경북,영양군,2,고령화_청년유출형,75.764192139738,46.98689956331877,28.77729257641922,55
