지역코드,시도,지역명,PC1,PC2,cluster,cluster_name
11110,서울,종로구,-4.005481310234011,2.3955887482143408,3,경제활동_청년유입형
11140,서울,중구,-4.180134582692494,2.6559450310376884,3,경제활동_청년유입형
11170,서울,용산구,-3.693995717825611,1.2746169297825936,3,경제활동_청년유입형
11200,서울,성동구,-3.316565033855264,0.9298208521366143,3,경제활동_청년유입형
11215,서울,광진구,-2.774822957552933,-1.1556857864711838,1,일반도시_중간형
11230,서울,동대문구,-3.0151108440900454,-0.7860194042893452,1,일반도시_중간형
11260,서울,중랑구,-1.151928268278448,-2.8422113967861105,1,일반도시_중간형
11290,서울,성북구,-2.243184301425176,-1.9908517051252668,1,일반도시_중간형
11305,서울,강북구,-0.8728355099084301,-3.227771824964004,1,일반도시_중간형
11320,서울,도봉구,-0.15585253387731718,-3.1550847179904684,1,일반도시_중간형
11350,서울,노원구,-1.2881752860350177,-2.7385575301718545,1,일반도시_중간형
11380,서울,은평구,-1.5806755578673448,-3.4261541584124036,1,일반도시_중간형
11410,서울,서대문구,-2.732469539847073,-0.6808489304186531,1,일반도시_중간형
11440,서울,마포구,-3.6929124648909815,1.1372854896126328,3,경제활동_청년유입형
11470,서울,양천구,-1.1230892371758374,-2.2602571312634003,1,일반도시_중간형
11500,서울,강서구,-2.7197314356042983,0.2757763198468175,3,경제활동_청년유입형
11530,서울,구로구,-2.0849893426416295,0.1518973563165116,1,일반도시_중간형
11545,서울,금천구,-2.9521175382459304,1.684097707665676,3,경제활동_청년유입형
11560,서울,영등포구,-4.373321174796733,2.031660580818467,3,경제활동_청년유입형
11590,서울,동작구,-2.6979446499545543,-1.9267055823490693,1,일반도시_중간형
11620,서울,관악구,-2.8794413566432104,-2.4630157252055493,1,일반도시_중간형
11650,서울,서초구,-3.457079867222731,2.0257180650164908,3,경제활동_청년유입형
11680,서울,강남구,-3.8649075335897987,2.098222673173323,3,경제활동_청년유입형
11710,서울,송파구,-3.201823158730426,0.6416703053846415,3,경제활동_청년유입형
11740,서울,강동구,-2.599930934072311,-1.280822835526905,1,일반도시_중간형
26110,부산,중구,-1.9315894942192946,1.3834165452248923,3,경제활동_청년유입형
26140,부산,서구,-1.4007144238928722,-0.616494271776156,1,일반도시_중간형
26170,부산,동구,-2.3139503550075573,1.051129672649075,3,경제활동_청년유입형
26200,부산,영도구,0.9740195001172787,-0.7401243679227452,2,고령화_청년유출형
26230,부산,부산진구,-2.490496898334623,-0.26943031791951233,1,일반도시_중간형
26260,부산,동래구,-1.7700608478119475,-1.6167907040057874,1,일반도시_중간형
26290,부산,남구,-1.189752688907397,-1.304612675800174,1,일반도시_중간형
26320,부산,북구,-0.07065725670998528,-3.7277565160694146,1,일반도시_중간형
26350,부산,해운대구,-1.2315928105241103,-1.169571560426588,1,일반도시_중간형
26380,부산,사하구,-0.5580386701150669,-1.5058458949967894,1,일반도시_중간형
26410,부산,금정구,-0.6413511916437775,-1.0802718721719144,1,일반도시_중간형
26440,부산,강서구,-1.9694102507606122,3.2777462580139893,3,경제활동_청년유입형
26470,부산,연제구,-2.2358628824932376,-0.48764262782736084,1,일반도시_중간형
26500,부산,수영구,-1.4806771062106736,-1.5327065480297604,1,일반도시_중간형
26530,부산,사상구,-0.2340202588633674,-0.6811358479405966,1,일반도시_중간형
26710,부산,기장군,-1.3631295871954108,0.36073656369017953,1,일반도시_중간형
27110,대구,중구,-5.793877674422715,1.6884344095928325,3,경제활동_청년유입형
27140,대구,동구,-1.3575492182282602,-1.5646891503077036,1,일반도시_중간형
27170,대구,서구,-0.5814888367079333,-0.9548164694475256,1,일반도시_중간형
27200,대구,남구,-1.5668659591069054,-1.0589395476670107,1,일반도시_중간형
27230,대구,북구,-1.7543814778326767,-1.0254658319258152,1,일반도시_중간형
27260,대구,수성구,-1.978208726985416,-1.3680181604477992,1,일반도시_중간형
27290,대구,달서구,-1.3148041380989988,-1.1323716920207687,1,일반도시_중간형
27710,대구,달성군,-1.685163735683971,0.35984420201628237,1,일반도시_중간형
27720,대구,군위군,4.569051024005003,-0.19860016223716911,2,고령화_청년유출형
28110,인천,중구,-4.476326996217181,1.8907956082691153,3,경제활동_청년유입형
28140,인천,동구,-0.12257971529537005,-0.17148930864285683,1,일반도시_중간형
28177,인천,미추홀구,-1.8533618113819064,-1.5996614033738146,1,일반도시_중간형
28185,인천,연수구,-2.900387385697957,-0.41158445194042803,1,일반도시_중간형
28200,인천,남동구,-1.5237712006958934,-0.27530622120464826,1,일반도시_중간형
28237,인천,부평구,-1.4227343968534942,-1.6122985479862202,1,일반도시_중간형
28245,인천,계양구,-0.7819722174304348,-1.8135726184510108,1,일반도시_중간형
28260,인천,서구,-2.7410421335960997,-0.6125161546020852,1,일반도시_중간형
28710,인천,강화군,2.589834411105299,-1.1102741301442478,2,고령화_청년유출형
28720,인천,옹진군,3.2843595374662216,-1.8708960184184649,2,고령화_청년유출형
29110,광주,동구,-3.6356515794332376,0.6393529965947554,3,경제활동_청년유입형
29140,광주,서구,-2.342719686955836,0.172699725819523,1,일반도시_중간형
29155,광주,남구,-0.8533566831133683,-1.1307519932189036,1,일반도시_중간형
29170,광주,북구,-1.2657865028868023,-0.286948273436281,1,일반도시_중간형
29200,광주,광산구,-2.6733568895343756,0.32757411076142406,1,일반도시_중간형
30110,대전,동구,-1.2306262005616422,-1.3566309990153242,1,일반도시_중간형
30140,대전,중구,-1.2924896520585465,-0.9437006123999023,1,일반도시_중간형
30170,대전,서구,-2.6312023665638646,-0.4502666574698753,1,일반도시_중간형
30200,대전,유성구,-3.578137889169191,1.1610751993564936,3,경제활동_청년유입형
30230,대전,대덕구,-0.4626229008577897,0.16165980034446736,1,일반도시_중간형
31110,울산,중구,0.330158943142911,-2.2026920720589445,1,일반도시_중간형
31140,울산,남구,-1.9971072426389103,0.41203544857738456,1,일반도시_중간형
31170,울산,동구,-0.23305724008317408,0.39884367951733046,1,일반도시_중간형
31200,울산,북구,-1.9045008868576365,1.3301078964686246,1,일반도시_중간형
31710,울산,울주군,-0.7329363594550098,1.0578269476590565,1,일반도시_중간형
36110,세종,세종특별자치시,-2.1172040947573545,2.1162951034460984,1,일반도시_중간형
41110,경기,수원시,-2.8379147865117527,-0.5390158045211983,1,일반도시_중간형
41130,경기,성남시,-2.735369977573992,0.6584980028960913,3,경제활동_청년유입형
41150,경기,의정부시,-2.1798978353504603,-2.090679304466824,1,일반도시_중간형
41170,경기,안양시,-2.044233155662844,-0.06873273451007508,1,일반도시_중간형
41190,경기,부천시,-1.2060137100416253,-1.1808617668119008,1,일반도시_중간형
41210,경기,광명시,-1.7850358781809006,-0.6729464781208978,1,일반도시_중간형
41220,경기,평택시,-3.3626448897021324,0.8740051425804476,3,경제활동_청년유입형
41250,경기,동두천시,-0.38893821547134866,-1.7021660564797154,1,일반도시_중간형
41270,경기,안산시,-2.1023496658092387,-0.13667748970846252,1,일반도시_중간형
41280,경기,고양시,-1.9747144213330872,-1.2532996663470624,1,일반도시_중간형
41290,경기,과천시,-3.667171726487042,1.9616666316118356,3,경제활동_청년유입형
41310,경기,구리시,-1.897840964202821,-1.7989864659862738,1,일반도시_중간형
41360,경기,남양주시,-1.5268467516435085,-2.039398809976416,1,일반도시_중간형
41370,경기,오산시,-2.912317977481739,-0.904822371992284,1,일반도시_중간형
41390,경기,시흥시,-2.5676257512444716,-0.16771751378630573,1,일반도시_중간형
41410,경기,군포시,-1.484834607553,-0.6061233088824616,1,일반도시_중간형
41430,경기,의왕시,-1.4152389432334125,-0.23363899410090114,1,일반도시_중간형
41450,경기,하남시,-2.762224383426278,-0.8246507752228749,1,일반도시_중간형
41460,경기,용인시,-2.328319674015119,-0.48469887859592437,1,일반도시_중간형
41480,경기,파주시,-2.1454578767546084,0.11944803468280815,1,일반도시_중간형
41500,경기,이천시,-2.1205825477108697,1.4342585435069433,3,경제활동_청년유입형
41550,경기,안성시,-0.8517124427805212,1.4365787376498702,1,일반도시_중간형
41570,경기,김포시,-2.05076773956122,-0.4522942463924205,1,일반도시_중간형
41590,경기,화성시,-3.268254665222644,1.8654497908563836,3,경제활동_청년유입형
41610,경기,광주시,-0.8615033679210434,-0.8825797910264156,1,일반도시_중간형
41630,경기,양주시,-2.03676440926141,-0.42291030362664217,1,일반도시_중간형
41650,경기,포천시,0.8740306243755329,0.8277900964817486,2,고령화_청년유출형
41670,경기,여주시,0.4418311658687654,0.0889702095799728,1,일반도시_중간형
41800,경기,연천군,1.2331737017152589,-1.0218661614293483,2,고령화_청년유출형
41820,경기,가평군,0.4450873556957514,-0.23893034536362984,1,일반도시_중간형
41830,경기,양평군,0.8347284819215154,-2.379561148193979,1,일반도시_중간형
43110,충북,청주시,-1.6107159865718146,0.6541852553576607,1,일반도시_중간형
43130,충북,충주시,-0.1239261027991856,0.9732868767678771,1,일반도시_중간형
43150,충북,제천시,1.2085613698632647,-0.053677520383206265,2,고령화_청년유출형
43720,충북,보은군,2.743298126243831,1.5258608189192056,2,고령화_청년유출형
43730,충북,옥천군,2.3340843090674848,0.78210001200377,2,고령화_청년유출형
43740,충북,영동군,3.3257921329712987,-0.18190277949630465,2,고령화_청년유출형
43745,충북,증평군,-0.4687012447316088,-0.4449248784659024,1,일반도시_중간형
43750,충북,진천군,-1.4359058633565163,2.696067101023126,3,경제활동_청년유입형
43760,충북,괴산군,3.0109146460428824,1.0358540306671993,2,고령화_청년유출형
43770,충북,음성군,0.1694117151659651,2.510917493023574,2,고령화_청년유출형
43800,충북,단양군,3.453036308059864,0.5884342848270389,2,고령화_청년유출형
44130,충남,천안시,-2.3682802479842464,0.5032798733027787,1,일반도시_중간형
44150,충남,공주시,1.342015202648039,1.2160293869252796,2,고령화_청년유출형
44180,충남,보령시,1.772139834713245,0.3895754974984344,2,고령화_청년유출형
44200,충남,아산시,-2.3157694230212744,1.8265401311028475,3,경제활동_청년유입형
44210,충남,서산시,-0.008813587815248389,1.2297304618320855,1,일반도시_중간형
44230,충남,논산시,1.478533152589569,0.12459691850315588,2,고령화_청년유출형
44250,충남,계룡시,-1.0690423751819451,-1.8480680826679556,1,일반도시_중간형
44270,충남,당진시,-0.12219571970783329,1.9481528014812728,1,일반도시_중간형
44710,충남,금산군,2.634586264261387,0.8770530644481855,2,고령화_청년유출형
44760,충남,부여군,3.2924932735155177,-0.22302061320083663,2,고령화_청년유출형
44770,충남,서천군,2.7113388791870836,1.0023101255178408,2,고령화_청년유출형
44790,충남,청양군,4.06686720865282,1.1459402249104416,2,고령화_청년유출형
44800,충남,홍성군,0.3051086625750382,0.850136049849917,1,일반도시_중간형
44810,충남,예산군,1.6426564414727802,0.7407194804546819,2,고령화_청년유출형
44825,충남,태안군,3.152601079057304,0.17314668298878355,2,고령화_청년유출형
46110,전남,목포시,-0.34067030075542615,-1.0736774686709931,1,일반도시_중간형
46130,전남,여수시,-0.050297762851174384,0.850591543516727,1,일반도시_중간형
46150,전남,순천시,-0.5215141725285324,0.4140574371981619,1,일반도시_중간형
46170,전남,나주시,-0.417835383598971,2.548255844336942,1,일반도시_중간형
46230,전남,광양시,-0.8327763713608889,1.961324573845349,1,일반도시_중간형
46710,전남,담양군,1.8676446309946866,0.6545116154884304,2,고령화_청년유출형
46720,전남,곡성군,2.620980464186764,1.3580332230821441,2,고령화_청년유출형
46730,전남,구례군,3.2861095959546884,-0.2822483485687944,2,고령화_청년유출형
46770,전남,고흥군,3.3427468000747655,-0.5146979942121636,2,고령화_청년유출형
46780,전남,보성군,2.7534319093593904,-1.07503124727199,2,고령화_청년유출형
46790,전남,화순군,0.8261526463703248,1.2731013912692906,2,고령화_청년유출형
46800,전남,장흥군,3.3060500537103494,0.7935185160021281,2,고령화_청년유출형
46810,전남,강진군,2.722907059754006,-0.6424588980181025,2,고령화_청년유출형
46820,전남,해남군,2.9908728679382435,0.44377473651967275,2,고령화_청년유출형
46830,전남,영암군,1.8721855609565687,2.8798028042541484,2,고령화_청년유출형
46840,전남,무안군,-1.0329673292639285,1.0937421112576584,1,일반도시_중간형
46860,전남,함평군,3.4213934147205722,1.594968878731038,2,고령화_청년유출형
46870,전남,영광군,0.4265083338100603,0.041111756365286356,2,고령화_청년유출형
46880,전남,장성군,1.8819427372929627,1.952793889959564,2,고령화_청년유출형
46890,전남,완도군,2.6328217826243456,-0.697534017475582,2,고령화_청년유출형
46900,전남,진도군,2.8103945647365234,-0.968529507326094,2,고령화_청년유출형
46910,전남,신안군,2.292435467000421,0.5534393106850448,2,고령화_청년유출형
47110,경북,포항시,-0.3691149243675157,-0.0020090401506060607,1,일반도시_중간형
47130,경북,경주시,0.3394819378221199,0.6715707942466709,1,일반도시_중간형
47150,경북,김천시,1.0093935188841328,1.0032452455528724,2,고령화_청년유출형
47170,경북,안동시,0.8463441744958896,0.361239350244424,2,고령화_청년유출형
47190,경북,구미시,-1.3207789605068536,0.9260441125276357,1,일반도시_중간형
47210,경북,영주시,1.5714390201895352,-0.6007979481342985,2,고령화_청년유출형
47230,경북,영천시,1.8696095356393765,0.8824820816413328,2,고령화_청년유출형
47250,경북,상주시,2.4600467937597945,-0.05733807099800094,2,고령화_청년유출형
47280,경북,문경시,2.417610380935268,-0.10135760521255986,2,고령화_청년유출형
47290,경북,경산시,-1.0586001209527944,0.47776943227092283,1,일반도시_중간형
47730,경북,의성군,3.6165127065410787,-0.8221397582360938,2,고령화_청년유출형
47750,경북,청송군,3.2957029278373775,0.4906361887067176,2,고령화_청년유출형
47760,경북,영양군,4.0717588226818595,0.4878464583933021,2,고령화_청년유출형
47770,경북,영덕군,3.2737258830182703,-0.6376640065538722,2,고령화_청년유출형
47820,경북,청도군,3.290160720890593,-0.7581116253873548,2,고령화_청년유출형
47830,경북,고령군,3.0136981060136474,1.2439105752834625,2,고령화_청년유출형
47840,경북,성주군,3.3843422346822143,1.0146195207884452,2,고령화_청년유출형
47850,경북,칠곡군,1.1252625662088398,1.62226106297486,2,고령화_청년유출형
47900,경북,예천군,0.6097062365409699,0.23582843691554747,2,고령화_청년유출형
47920,경북,봉화군,3.269566358883201,-0.33415707619039464,2,고령화_청년유출형
47930,경북,울진군,1.3399376370933764,1.2569911391973447,2,고령화_청년유출형
47940,경북,울릉군,2.1745475281608213,0.24539727529919442,2,고령화_청년유출형
48120,경남,창원시,-0.6522688568198868,0.019643611239469755,1,일반도시_중간형
48170,경남,진주시,-0.8965475401739471,0.16117710270678065,1,일반도시_중간형
48220,경남,통영시,1.371536275076512,-0.8449117792381635,2,고령화_청년유출형
48240,경남,사천시,-0.04159677509116278,1.053362545855684,1,일반도시_중간형
48250,경남,김해시,-1.8515994662379625,0.1416223357358352,1,일반도시_중간형
48270,경남,밀양시,1.7976812704706262,-0.3363741167243853,2,고령화_청년유출형
48310,경남,거제시,0.27690151557829323,0.8140500508847512,1,일반도시_중간형
48330,경남,양산시,-1.5571421065762001,0.06899456755730815,1,일반도시_중간형
48720,경남,의령군,3.462037406620618,0.7892474217602821,2,고령화_청년유출형
48730,경남,함안군,2.4712614974502713,1.5467154984930345,2,고령화_청년유출형
48740,경남,창녕군,2.346217210115716,0.3662567222159153,2,고령화_청년유출형
48820,경남,고성군,3.303542687779586,0.21638478616078022,2,고령화_청년유출형
48840,경남,남해군,2.739540527372013,-0.42815444443781386,2,고령화_청년유출형
48850,경남,하동군,4.299855573572188,-0.5172970991246799,2,고령화_청년유출형
48860,경남,산청군,3.4981171850306008,-0.019887540010475976,2,고령화_청년유출형
48870,경남,함양군,3.223864967590532,0.2940177560077365,2,고령화_청년유출형
48880,경남,거창군,1.7135209944034504,-0.26057800902890665,2,고령화_청년유출형
48890,경남,합천군,4.249057201413833,-0.597324240080785,2,고령화_청년유출형
50110,제주,제주시,-1.3482145742708762,0.2496342045839221,1,일반도시_중간형
50130,제주,서귀포시,-0.07119591169422947,0.12538109426458424,1,일반도시_중간형
51110,강원,춘천시,-1.6213669036284555,0.1520641134611348,1,일반도시_중간형
51130,강원,원주시,-1.331634430776989,0.5010952607464586,1,일반도시_중간형
51150,강원,강릉시,0.07164538069046698,-0.6626384097579675,1,일반도시_중간형
51170,강원,동해시,0.22914114513644432,-1.2272330707012744,1,일반도시_중간형
51190,강원,태백시,1.764707638046964,0.33058272282838597,2,고령화_청년유출형
51210,강원,속초시,-0.18630105450338186,-1.2981149384641557,1,일반도시_중간형
51230,강원,삼척시,1.6978444648175992,-0.3960774543825066,2,고령화_청년유출형
51720,강원,홍천군,2.2595349854064946,-0.14318873609483032,2,고령화_청년유출형
51730,강원,횡성군,3.04808466222241,0.5933922872768891,2,고령화_청년유출형
51750,강원,영월군,2.652863520908949,0.9214010624912312,2,고령화_청년유출형
51760,강원,평창군,2.2097905009274577,-0.7782958259008765,2,고령화_청년유출형
51770,강원,정선군,1.5877345787297843,0.5383648904467386,2,고령화_청년유출형
51780,강원,철원군,1.9434811538109014,-1.4867363126777886,2,고령화_청년유출형
51790,강원,화천군,2.3393832815223425,-1.5505099319257993,2,고령화_청년유출형
51800,강원,양구군,1.2122665053596058,-0.31767542858104614,2,고령화_청년유출형
51810,강원,인제군,0.8219101463022819,-1.2373879751783616,2,고령화_청년유출형
51820,강원,고성군,2.118606221639163,-0.2830885254731852,2,고령화_청년유출형
51830,강원,양양군,2.1884717593779928,0.557157437557066,2,고령화_청년유출형
52110,전북,전주시,-1.5645702794297016,-0.4232972801004154,1,일반도시_중간형
52130,전북,군산시,0.07152179102184646,-0.06678138898319348,1,일반도시_중간형
52140,전북,익산시,0.02841157856514358,-0.7244056572736876,1,일반도시_중간형
52180,전북,정읍시,1.705603852172517,0.32269316549031435,2,고령화_청년유출형
52190,전북,남원시,2.2524154990616507,-0.5797108192747024,2,고령화_청년유출형
52210,전북,김제시,1.461739394658221,1.1815346824436952,2,고령화_청년유출형
52710,전북,완주군,0.016887665663864893,2.0072075400240164,1,일반도시_중간형
52720,전북,진안군,3.9216923827150003,0.5374587569874058,2,고령화_청년유출형
52730,전북,무주군,3.069038368428377,0.6156652028837499,2,고령화_청년유출형
52740,전북,장수군,3.942600921646248,0.00153244046321231,2,고령화_청년유출형
52750,전북,임실군,4.269827689633859,0.4070590425455084,2,고령화_청년유출형
52770,전북,순창군,2.8468460650678264,0.2793989362374375,2,고령화_청년유출형
52790,전북,고창군,3.756316914259697,-0.08207142506955738,2,고령화_청년유출형
52800,전북,부안군,2.955376088073842,0.22308518676326178,2,고령화_청년유출형
